0 verbose cli C:\Program Files\nodejs\node.exe C:\Program Files\nodejs\node_modules\npm\bin\npm-cli.js
1 info using npm@11.8.0
2 info using node@v24.13.1
3 silly config load:file:C:\Program Files\nodejs\node_modules\npm\npmrc
4 silly config load:file:C:\Users\Nayan Curro School\Documents\SportCoachingTool\backend\.npmrc
5 silly config load:file:C:\Users\Nayan Curro School\.npmrc
6 silly config load:file:C:\Users\Nayan Curro School\AppData\Roaming\npm\etc\npmrc
7 verbose title npm install
8 verbose argv "install" "--loglevel" "silent"
9 verbose logfile logs-max:10 dir:C:\Users\Nayan Curro School\Documents\SportCoachingTool\.npm-cache\_logs\2026-08-13T07_36_08_043Z-
10 verbose logfile C:\Users\Nayan Curro School\Documents\SportCoachingTool\.npm-cache\_logs\2026-08-13T07_36_08_043Z-debug-0.log
11 silly logfile done cleaning log files
12 silly packumentCache heap:2348810240 maxSize:587202560 maxEntrySize:293601280
13 silly idealTree buildDeps
14 silly fetch manifest @nestjs/common@^11.0.1
15 silly packumentCache full:https://registry.npmjs.org/@nestjs%2fcommon cache-miss
16 http fetch GET 200 https://registry.npmjs.org/@nestjs%2fcommon 476ms (cache miss)
17 silly packumentCache full:https://registry.npmjs.org/@nestjs%2fcommon set size:undefined disposed:false
18 silly fetch manifest class-transformer@>=0.4.1
19 silly packumentCache full:https://registry.npmjs.org/class-transformer cache-miss
20 http fetch GET 200 https://registry.npmjs.org/class-transformer 373ms (cache miss)
21 silly packumentCache full:https://registry.npmjs.org/class-transformer set size:undefined disposed:false
22 silly fetch manifest class-validator@>=0.13.2
23 silly packumentCache full:https://registry.npmjs.org/class-validator cache-miss
24 http fetch GET 200 https://registry.npmjs.org/class-validator 38ms (cache miss)
25 silly packumentCache full:https://registry.npmjs.org/class-validator set size:undefined disposed:false
26 silly fetch manifest reflect-metadata@^0.2.2
27 silly packumentCache full:https://registry.npmjs.org/reflect-metadata cache-miss
28 http fetch GET 200 https://registry.npmjs.org/reflect-metadata 48ms (cache miss)
29 silly packumentCache full:https://registry.npmjs.org/reflect-metadata set size:undefined disposed:false
30 silly fetch manifest rxjs@^7.8.1
31 silly packumentCache full:https://registry.npmjs.org/rxjs cache-miss
32 http cache https://registry.npmjs.org/rxjs 20ms (cache hit)
33 silly packumentCache full:https://registry.npmjs.org/rxjs set size:1028301 disposed:false
34 silly fetch manifest @nestjs/core@^11.0.1
35 silly packumentCache full:https://registry.npmjs.org/@nestjs%2fcore cache-miss
36 http fetch GET 200 https://registry.npmjs.org/@nestjs%2fcore 78ms (cache miss)
37 silly packumentCache full:https://registry.npmjs.org/@nestjs%2fcore set size:undefined disposed:false
38 silly fetch manifest @nestjs/microservices@^11.0.0
39 silly packumentCache full:https://registry.npmjs.org/@nestjs%2fmicroservices cache-miss
40 http fetch GET 200 https://registry.npmjs.org/@nestjs%2fmicroservices 246ms (cache miss)
41 silly packumentCache full:https://registry.npmjs.org/@nestjs%2fmicroservices set size:undefined disposed:false
42 silly fetch manifest @grpc/grpc-js@*
43 silly packumentCache full:https://registry.npmjs.org/@grpc%2fgrpc-js cache-miss
44 http fetch GET 200 https://registry.npmjs.org/@grpc%2fgrpc-js 57ms (cache miss)
45 silly packumentCache full:https://registry.npmjs.org/@grpc%2fgrpc-js set size:undefined disposed:false
46 silly fetch manifest @nestjs/websockets@^11.0.0
47 silly packumentCache full:https://registry.npmjs.org/@nestjs%2fwebsockets cache-miss
48 http fetch GET 200 https://registry.npmjs.org/@nestjs%2fwebsockets 81ms (cache miss)
49 silly packumentCache full:https://registry.npmjs.org/@nestjs%2fwebsockets set size:undefined disposed:false
50 silly fetch manifest @nestjs/platform-socket.io@^11.0.0
51 silly packumentCache full:https://registry.npmjs.org/@nestjs%2fplatform-socket.io cache-miss
52 http fetch GET 200 https://registry.npmjs.org/@nestjs%2fplatform-socket.io 393ms (cache miss)
53 silly packumentCache full:https://registry.npmjs.org/@nestjs%2fplatform-socket.io set size:undefined disposed:false
54 silly fetch manifest amqp-connection-manager@*
55 silly packumentCache full:https://registry.npmjs.org/amqp-connection-manager cache-miss
56 http fetch GET 200 https://registry.npmjs.org/amqp-connection-manager 37ms (cache miss)
57 silly packumentCache full:https://registry.npmjs.org/amqp-connection-manager set size:undefined disposed:false
58 silly fetch manifest amqplib@*
59 silly packumentCache full:https://registry.npmjs.org/amqplib cache-miss
60 http fetch GET 200 https://registry.npmjs.org/amqplib 43ms (cache miss)
61 silly packumentCache full:https://registry.npmjs.org/amqplib set size:undefined disposed:false
62 silly fetch manifest cache-manager@*
63 silly packumentCache full:https://registry.npmjs.org/cache-manager cache-miss
64 http fetch GET 200 https://registry.npmjs.org/cache-manager 36ms (cache miss)
65 silly packumentCache full:https://registry.npmjs.org/cache-manager set size:undefined disposed:false
66 silly fetch manifest ioredis@*
67 silly packumentCache full:https://registry.npmjs.org/ioredis cache-miss
68 http fetch GET 200 https://registry.npmjs.org/ioredis 61ms (cache miss)
69 silly packumentCache full:https://registry.npmjs.org/ioredis set size:undefined disposed:false
70 silly fetch manifest kafkajs@*
71 silly packumentCache full:https://registry.npmjs.org/kafkajs cache-miss
72 http fetch GET 200 https://registry.npmjs.org/kafkajs 113ms (cache miss)
73 silly packumentCache full:https://registry.npmjs.org/kafkajs set size:undefined disposed:false
74 silly fetch manifest mqtt@*
75 silly packumentCache full:https://registry.npmjs.org/mqtt cache-miss
76 http fetch GET 200 https://registry.npmjs.org/mqtt 66ms (cache miss)
77 silly packumentCache full:https://registry.npmjs.org/mqtt set size:undefined disposed:false
78 silly fetch manifest nats@*
79 silly packumentCache full:https://registry.npmjs.org/nats cache-miss
80 http fetch GET 200 https://registry.npmjs.org/nats 67ms (cache miss)
81 silly packumentCache full:https://registry.npmjs.org/nats set size:undefined disposed:false
82 silly fetch manifest @nestjs/platform-express@^11.0.1
83 silly packumentCache full:https://registry.npmjs.org/@nestjs%2fplatform-express cache-miss
84 http fetch GET 200 https://registry.npmjs.org/@nestjs%2fplatform-express 364ms (cache miss)
85 silly packumentCache full:https://registry.npmjs.org/@nestjs%2fplatform-express set size:undefined disposed:false
86 silly fetch manifest @eslint/eslintrc@^3.2.0
87 silly packumentCache full:https://registry.npmjs.org/@eslint%2feslintrc cache-miss
88 http fetch GET 200 https://registry.npmjs.org/@eslint%2feslintrc 75ms (cache miss)
89 silly packumentCache full:https://registry.npmjs.org/@eslint%2feslintrc set size:undefined disposed:false
90 silly fetch manifest @eslint/js@^9.18.0
91 silly packumentCache full:https://registry.npmjs.org/@eslint%2fjs cache-miss
92 http fetch GET 200 https://registry.npmjs.org/@eslint%2fjs 46ms (cache miss)
93 silly packumentCache full:https://registry.npmjs.org/@eslint%2fjs set size:undefined disposed:false
94 silly fetch manifest @nestjs/cli@^11.0.0
95 silly packumentCache full:https://registry.npmjs.org/@nestjs%2fcli cache-miss
96 http cache https://registry.npmjs.org/@nestjs%2fcli 16ms (cache hit)
97 silly packumentCache full:https://registry.npmjs.org/@nestjs%2fcli set size:962700 disposed:false
98 silly fetch manifest @swc/cli@^0.1.62 || ^0.3.0 || ^0.4.0 || ^0.5.0 || ^0.6.0 || ^0.7.0 || ^0.8.0
99 silly packumentCache full:https://registry.npmjs.org/@swc%2fcli cache-miss
100 http cache https://registry.npmjs.org/@swc%2fcli 12ms (cache hit)
101 silly packumentCache full:https://registry.npmjs.org/@swc%2fcli set size:245613 disposed:false
102 silly fetch manifest @swc/core@^1.2.66
103 silly packumentCache full:https://registry.npmjs.org/@swc%2fcore cache-miss
104 http cache https://registry.npmjs.org/@swc%2fcore 36ms (cache hit)
105 silly packumentCache full:https://registry.npmjs.org/@swc%2fcore set size:4070054 disposed:false
106 silly fetch manifest @swc/helpers@>=0.5.17
107 silly packumentCache full:https://registry.npmjs.org/@swc%2fhelpers cache-miss
108 http cache https://registry.npmjs.org/@swc%2fhelpers 32ms (cache hit)
109 silly packumentCache full:https://registry.npmjs.org/@swc%2fhelpers set size:775458 disposed:false
110 silly fetch manifest chokidar@^5.0.0
111 silly packumentCache full:https://registry.npmjs.org/chokidar cache-miss
112 http cache https://registry.npmjs.org/chokidar 14ms (cache hit)
113 silly packumentCache full:https://registry.npmjs.org/chokidar set size:255902 disposed:false
114 silly fetch manifest @nestjs/schematics@^11.0.0
115 silly packumentCache full:https://registry.npmjs.org/@nestjs%2fschematics cache-miss
116 http cache https://registry.npmjs.org/@nestjs%2fschematics 57ms (cache hit)
117 silly packumentCache full:https://registry.npmjs.org/@nestjs%2fschematics set size:544066 disposed:false
118 silly fetch manifest prettier@^3.4.2
119 silly packumentCache full:https://registry.npmjs.org/prettier cache-miss
120 http cache https://registry.npmjs.org/prettier 41ms (cache hit)
121 silly packumentCache full:https://registry.npmjs.org/prettier set size:716664 disposed:false
122 silly fetch manifest typescript@^5.7.3
123 silly packumentCache full:https://registry.npmjs.org/typescript cache-miss
124 http cache https://registry.npmjs.org/typescript 101ms (cache hit)
125 silly packumentCache full:https://registry.npmjs.org/typescript set size:15547442 disposed:false
126 silly fetch manifest @nestjs/testing@^11.0.1
127 silly packumentCache full:https://registry.npmjs.org/@nestjs%2ftesting cache-miss
128 http fetch GET 200 https://registry.npmjs.org/@nestjs%2ftesting 733ms (cache miss)
129 silly packumentCache full:https://registry.npmjs.org/@nestjs%2ftesting set size:undefined disposed:false
130 silly fetch manifest @types/express@^5.0.0
131 silly packumentCache full:https://registry.npmjs.org/@types%2fexpress cache-miss
132 http fetch GET 200 https://registry.npmjs.org/@types%2fexpress 46ms (cache miss)
133 silly packumentCache full:https://registry.npmjs.org/@types%2fexpress set size:undefined disposed:false
134 silly fetch manifest @types/jest@^30.0.0
135 silly packumentCache full:https://registry.npmjs.org/@types%2fjest cache-miss
136 http fetch GET 200 https://registry.npmjs.org/@types%2fjest 48ms (cache miss)
137 silly packumentCache full:https://registry.npmjs.org/@types%2fjest set size:undefined disposed:false
138 silly fetch manifest @types/node@^24.0.0
139 silly packumentCache full:https://registry.npmjs.org/@types%2fnode cache-miss
140 http cache https://registry.npmjs.org/@types%2fnode 85ms (cache hit)
141 silly packumentCache full:https://registry.npmjs.org/@types%2fnode set size:11088606 disposed:false
142 silly fetch manifest @types/supertest@^7.0.0
143 silly packumentCache full:https://registry.npmjs.org/@types%2fsupertest cache-miss
144 http fetch GET 200 https://registry.npmjs.org/@types%2fsupertest 644ms (cache miss)
145 silly packumentCache full:https://registry.npmjs.org/@types%2fsupertest set size:undefined disposed:false
146 silly fetch manifest eslint@^9.18.0
147 silly packumentCache full:https://registry.npmjs.org/eslint cache-miss
148 http fetch GET 200 https://registry.npmjs.org/eslint 92ms (cache miss)
149 silly packumentCache full:https://registry.npmjs.org/eslint set size:undefined disposed:false
150 silly fetch manifest jiti@*
151 silly packumentCache full:https://registry.npmjs.org/jiti cache-miss
152 http fetch GET 200 https://registry.npmjs.org/jiti 31ms (cache revalidated)
153 silly packumentCache full:https://registry.npmjs.org/jiti set size:387989 disposed:false
154 silly fetch manifest eslint-config-prettier@^10.0.1
155 silly packumentCache full:https://registry.npmjs.org/eslint-config-prettier cache-miss
156 http fetch GET 200 https://registry.npmjs.org/eslint-config-prettier 33ms (cache miss)
157 silly packumentCache full:https://registry.npmjs.org/eslint-config-prettier set size:undefined disposed:false
158 silly fetch manifest eslint-plugin-prettier@^5.2.2
159 silly packumentCache full:https://registry.npmjs.org/eslint-plugin-prettier cache-miss
160 http fetch GET 200 https://registry.npmjs.org/eslint-plugin-prettier 47ms (cache miss)
161 silly packumentCache full:https://registry.npmjs.org/eslint-plugin-prettier set size:undefined disposed:false
162 silly fetch manifest @types/eslint@>=8.0.0
163 silly packumentCache full:https://registry.npmjs.org/@types%2feslint cache-miss
164 http cache https://registry.npmjs.org/@types%2feslint 16ms (cache hit)
165 silly packumentCache full:https://registry.npmjs.org/@types%2feslint set size:220085 disposed:false
166 silly fetch manifest globals@^17.0.0
167 silly packumentCache full:https://registry.npmjs.org/globals cache-miss
168 http fetch GET 200 https://registry.npmjs.org/globals 33ms (cache miss)
169 silly packumentCache full:https://registry.npmjs.org/globals set size:undefined disposed:false
170 silly fetch manifest jest@^30.0.0
171 silly packumentCache full:https://registry.npmjs.org/jest cache-miss
172 http fetch GET 200 https://registry.npmjs.org/jest 79ms (cache miss)
173 silly packumentCache full:https://registry.npmjs.org/jest set size:undefined disposed:false
174 silly fetch manifest node-notifier@^8.0.1 || ^9.0.0 || ^10.0.0
175 silly packumentCache full:https://registry.npmjs.org/node-notifier cache-miss
176 http fetch GET 200 https://registry.npmjs.org/node-notifier 56ms (cache miss)
177 silly packumentCache full:https://registry.npmjs.org/node-notifier set size:undefined disposed:false
178 silly fetch manifest source-map-support@^0.5.21
179 silly packumentCache full:https://registry.npmjs.org/source-map-support cache-miss
180 http cache https://registry.npmjs.org/source-map-support 22ms (cache hit)
181 silly packumentCache full:https://registry.npmjs.org/source-map-support set size:125488 disposed:false
182 silly fetch manifest supertest@^7.0.0
183 silly packumentCache full:https://registry.npmjs.org/supertest cache-miss
184 http fetch GET 200 https://registry.npmjs.org/supertest 339ms (cache miss)
185 silly packumentCache full:https://registry.npmjs.org/supertest set size:undefined disposed:false
186 silly fetch manifest ts-jest@^29.2.5
187 silly packumentCache full:https://registry.npmjs.org/ts-jest cache-miss
188 http fetch GET 200 https://registry.npmjs.org/ts-jest 390ms (cache miss)
189 silly packumentCache full:https://registry.npmjs.org/ts-jest set size:undefined disposed:false
190 silly fetch manifest @babel/core@>=7.0.0-beta.0 <8
191 silly packumentCache full:https://registry.npmjs.org/@babel%2fcore cache-miss
192 http fetch GET 200 https://registry.npmjs.org/@babel%2fcore 67ms (cache revalidated)
193 silly packumentCache full:https://registry.npmjs.org/@babel%2fcore set size:788273 disposed:false
194 silly fetch manifest @jest/transform@^29.0.0 || ^30.0.0
195 silly packumentCache full:https://registry.npmjs.org/@jest%2ftransform cache-miss
196 http fetch GET 200 https://registry.npmjs.org/@jest%2ftransform 53ms (cache miss)
197 silly packumentCache full:https://registry.npmjs.org/@jest%2ftransform set size:undefined disposed:false
198 silly fetch manifest @jest/types@^29.0.0 || ^30.0.0
199 silly packumentCache full:https://registry.npmjs.org/@jest%2ftypes cache-miss
200 http fetch GET 200 https://registry.npmjs.org/@jest%2ftypes 68ms (cache miss)
201 silly packumentCache full:https://registry.npmjs.org/@jest%2ftypes set size:undefined disposed:false
202 silly fetch manifest babel-jest@^29.0.0 || ^30.0.0
203 silly packumentCache full:https://registry.npmjs.org/babel-jest cache-miss
204 http fetch GET 200 https://registry.npmjs.org/babel-jest 129ms (cache miss)
205 silly packumentCache full:https://registry.npmjs.org/babel-jest set size:undefined disposed:false
206 silly fetch manifest jest-util@^29.0.0 || ^30.0.0
207 silly packumentCache full:https://registry.npmjs.org/jest-util cache-miss
208 http fetch GET 200 https://registry.npmjs.org/jest-util 82ms (cache miss)
209 silly packumentCache full:https://registry.npmjs.org/jest-util set size:undefined disposed:false
210 silly fetch manifest ts-loader@^9.5.2
211 silly packumentCache full:https://registry.npmjs.org/ts-loader cache-miss
212 http fetch GET 200 https://registry.npmjs.org/ts-loader 403ms (cache miss)
213 silly packumentCache full:https://registry.npmjs.org/ts-loader set size:undefined disposed:false
214 silly fetch manifest loader-utils@*
215 silly packumentCache full:https://registry.npmjs.org/loader-utils cache-miss
216 http fetch GET 200 https://registry.npmjs.org/loader-utils 43ms (cache miss)
217 silly packumentCache full:https://registry.npmjs.org/loader-utils set size:undefined disposed:false
218 silly fetch manifest webpack@^4.0.0 || ^5.0.0
219 silly packumentCache full:https://registry.npmjs.org/webpack cache-miss
220 http cache https://registry.npmjs.org/webpack 82ms (cache hit)
221 silly packumentCache full:https://registry.npmjs.org/webpack set size:5125589 disposed:false
222 silly fetch manifest ts-node@^10.9.2
223 silly packumentCache full:https://registry.npmjs.org/ts-node cache-miss
224 http fetch GET 200 https://registry.npmjs.org/ts-node 89ms (cache miss)
225 silly packumentCache full:https://registry.npmjs.org/ts-node set size:undefined disposed:false
226 silly fetch manifest @swc/core@>=1.2.50
227 silly packumentCache full:https://registry.npmjs.org/@swc%2fcore cache-miss
228 http cache https://registry.npmjs.org/@swc%2fcore 21ms (cache hit)
229 silly packumentCache full:https://registry.npmjs.org/@swc%2fcore set size:4070054 disposed:false
230 silly fetch manifest @swc/wasm@>=1.2.50
231 silly packumentCache full:https://registry.npmjs.org/@swc%2fwasm cache-miss
232 http fetch GET 200 https://registry.npmjs.org/@swc%2fwasm 170ms (cache miss)
233 silly packumentCache full:https://registry.npmjs.org/@swc%2fwasm set size:undefined disposed:false
234 silly fetch manifest tsconfig-paths@^4.2.0
235 silly packumentCache full:https://registry.npmjs.org/tsconfig-paths cache-miss
236 http cache https://registry.npmjs.org/tsconfig-paths 12ms (cache hit)
237 silly packumentCache full:https://registry.npmjs.org/tsconfig-paths set size:192565 disposed:false
238 silly fetch manifest typescript-eslint@^8.20.0
239 silly packumentCache full:https://registry.npmjs.org/typescript-eslint cache-miss
240 http fetch GET 200 https://registry.npmjs.org/typescript-eslint 140ms (cache miss)
241 silly packumentCache full:https://registry.npmjs.org/typescript-eslint set size:undefined disposed:false
242 silly placeDep ROOT @eslint/eslintrc@3.3.6 OK for: backend@0.0.1 want: ^3.2.0
243 silly placeDep ROOT @eslint/js@9.39.5 OK for: backend@0.0.1 want: ^9.18.0
244 silly placeDep ROOT @nestjs/cli@11.0.24 OK for: backend@0.0.1 want: ^11.0.0
245 silly placeDep ROOT @nestjs/common@11.1.29 OK for: backend@0.0.1 want: ^11.0.1
246 silly placeDep ROOT rxjs@7.8.2 OK for: @nestjs/common@11.1.29 want: ^7.1.0
247 silly placeDep ROOT reflect-metadata@0.2.2 OK for: @nestjs/common@11.1.29 want: ^0.1.12 || ^0.2.0
248 silly placeDep ROOT @nestjs/core@11.1.29 OK for: backend@0.0.1 want: ^11.0.1
249 silly placeDep ROOT @nestjs/platform-express@11.1.29 OK for: backend@0.0.1 want: ^11.0.1
250 silly placeDep ROOT @nestjs/schematics@11.1.0 OK for: backend@0.0.1 want: ^11.0.0
251 silly placeDep ROOT typescript@5.9.3 OK for: @nestjs/schematics@11.1.0 want: >=4.8.2
252 silly placeDep ROOT @nestjs/testing@11.1.29 OK for: backend@0.0.1 want: ^11.0.1
253 silly placeDep ROOT @types/express@5.0.6 OK for: backend@0.0.1 want: ^5.0.0
254 silly placeDep ROOT @types/jest@30.0.0 OK for: backend@0.0.1 want: ^30.0.0
255 silly placeDep ROOT @types/node@24.13.3 OK for: backend@0.0.1 want: ^24.0.0
256 silly placeDep ROOT @types/supertest@7.2.1 OK for: backend@0.0.1 want: ^7.0.0
257 silly placeDep ROOT eslint@9.39.5 OK for: backend@0.0.1 want: ^9.18.0
258 silly placeDep ROOT eslint-config-prettier@10.1.8 OK for: backend@0.0.1 want: ^10.0.1
259 silly placeDep ROOT eslint-plugin-prettier@5.5.6 OK for: backend@0.0.1 want: ^5.2.2
260 silly placeDep ROOT prettier@3.9.6 OK for: eslint-plugin-prettier@5.5.6 want: >=3.0.0
261 silly placeDep ROOT globals@17.11.0 OK for: backend@0.0.1 want: ^17.0.0
262 silly placeDep ROOT jest@30.4.2 OK for: backend@0.0.1 want: ^30.0.0
263 silly placeDep ROOT source-map-support@0.5.21 OK for: backend@0.0.1 want: ^0.5.21
264 silly placeDep ROOT supertest@7.2.2 OK for: backend@0.0.1 want: ^7.0.0
265 silly placeDep ROOT ts-jest@29.4.12 OK for: backend@0.0.1 want: ^29.2.5
266 silly placeDep ROOT ts-loader@9.6.2 OK for: backend@0.0.1 want: ^9.5.2
267 silly placeDep ROOT webpack@5.109.2 OK for: ts-loader@9.6.2 want: ^4.0.0 || ^5.0.0
268 silly placeDep ROOT ts-node@10.9.2 OK for: backend@0.0.1 want: ^10.9.2
269 silly placeDep ROOT tsconfig-paths@4.2.0 OK for: backend@0.0.1 want: ^4.2.0
270 silly placeDep ROOT typescript-eslint@8.67.0 OK for: backend@0.0.1 want: ^8.20.0
271 silly fetch manifest ajv@^6.14.0
272 silly packumentCache full:https://registry.npmjs.org/ajv cache-miss
273 silly fetch manifest debug@^4.3.2
274 silly packumentCache full:https://registry.npmjs.org/debug cache-miss
275 silly fetch manifest espree@^10.0.1
276 silly packumentCache full:https://registry.npmjs.org/espree cache-miss
277 http fetch GET 200 https://registry.npmjs.org/espree 84ms (cache miss)
278 silly packumentCache full:https://registry.npmjs.org/espree set size:undefined disposed:false
279 silly fetch manifest globals@^14.0.0
280 silly packumentCache full:https://registry.npmjs.org/globals cache-miss
281 http cache https://registry.npmjs.org/globals 96ms (cache hit)
282 silly packumentCache full:https://registry.npmjs.org/globals set size:335107 disposed:false
283 silly fetch manifest ignore@^5.2.0
284 silly packumentCache full:https://registry.npmjs.org/ignore cache-miss
285 http cache https://registry.npmjs.org/ajv 194ms (cache hit)
286 silly packumentCache full:https://registry.npmjs.org/ajv set size:1142658 disposed:false
287 silly fetch manifest import-fresh@^3.2.1
288 silly packumentCache full:https://registry.npmjs.org/import-fresh cache-miss
289 http fetch GET 200 https://registry.npmjs.org/debug 240ms (cache revalidated)
290 silly packumentCache full:https://registry.npmjs.org/debug set size:195840 disposed:false
291 silly fetch manifest js-yaml@^4.3.0
292 silly packumentCache full:https://registry.npmjs.org/js-yaml cache-miss
293 http cache https://registry.npmjs.org/import-fresh 48ms (cache hit)
294 silly packumentCache full:https://registry.npmjs.org/import-fresh set size:24604 disposed:false
295 silly fetch manifest minimatch@^3.1.5
296 silly packumentCache full:https://registry.npmjs.org/minimatch cache-miss
297 http cache https://registry.npmjs.org/ignore 64ms (cache hit)
298 silly packumentCache full:https://registry.npmjs.org/ignore set size:240910 disposed:false
299 silly fetch manifest strip-json-comments@^3.1.1
300 silly packumentCache full:https://registry.npmjs.org/strip-json-comments cache-miss
301 http cache https://registry.npmjs.org/js-yaml 39ms (cache hit)
302 silly packumentCache full:https://registry.npmjs.org/js-yaml set size:184624 disposed:false
303 silly fetch manifest @angular-devkit/core@19.2.27
304 silly packumentCache full:https://registry.npmjs.org/@angular-devkit%2fcore cache-miss
305 http cache https://registry.npmjs.org/minimatch 76ms (cache hit)
306 silly packumentCache full:https://registry.npmjs.org/minimatch set size:377924 disposed:false
307 silly fetch manifest @angular-devkit/schematics@19.2.27
308 silly packumentCache full:https://registry.npmjs.org/@angular-devkit%2fschematics cache-miss
309 http fetch GET 200 https://registry.npmjs.org/strip-json-comments 80ms (cache miss)
310 silly packumentCache full:https://registry.npmjs.org/strip-json-comments set size:undefined disposed:false
311 silly fetch manifest @angular-devkit/schematics-cli@19.2.27
312 silly packumentCache full:https://registry.npmjs.org/@angular-devkit%2fschematics-cli cache-miss
313 http cache https://registry.npmjs.org/@angular-devkit%2fcore 118ms (cache hit)
314 silly packumentCache full:https://registry.npmjs.org/@angular-devkit%2fcore set size:2452649 disposed:false
315 silly fetch manifest @inquirer/prompts@7.10.1
316 silly packumentCache full:https://registry.npmjs.org/@inquirer%2fprompts cache-miss
317 http cache https://registry.npmjs.org/@angular-devkit%2fschematics 86ms (cache hit)
318 silly packumentCache full:https://registry.npmjs.org/@angular-devkit%2fschematics set size:2390767 disposed:false
319 silly fetch manifest @nestjs/schematics@^11.0.1
320 silly packumentCache full:https://registry.npmjs.org/@nestjs%2fschematics cache-hit
321 silly fetch manifest ansis@4.2.0
322 silly packumentCache full:https://registry.npmjs.org/ansis cache-miss
323 http cache https://registry.npmjs.org/@angular-devkit%2fschematics-cli 101ms (cache hit)
324 silly packumentCache full:https://registry.npmjs.org/@angular-devkit%2fschematics-cli set size:2434603 disposed:false
325 silly fetch manifest chokidar@4.0.3
326 silly packumentCache full:https://registry.npmjs.org/chokidar cache-hit
327 silly fetch manifest cli-table3@0.6.5
328 silly packumentCache full:https://registry.npmjs.org/cli-table3 cache-miss
329 http cache https://registry.npmjs.org/@inquirer%2fprompts 137ms (cache hit)
330 silly packumentCache full:https://registry.npmjs.org/@inquirer%2fprompts set size:331361 disposed:false
331 silly fetch manifest commander@4.1.1
332 silly packumentCache full:https://registry.npmjs.org/commander cache-miss
333 http cache https://registry.npmjs.org/cli-table3 75ms (cache hit)
334 silly packumentCache full:https://registry.npmjs.org/cli-table3 set size:40139 disposed:false
335 silly fetch manifest fork-ts-checker-webpack-plugin@9.1.0
336 silly packumentCache full:https://registry.npmjs.org/fork-ts-checker-webpack-plugin cache-miss
337 http cache https://registry.npmjs.org/ansis 126ms (cache hit)
338 silly packumentCache full:https://registry.npmjs.org/ansis set size:228409 disposed:false
339 silly fetch manifest glob@13.0.6
340 silly packumentCache full:https://registry.npmjs.org/glob cache-miss
341 http cache https://registry.npmjs.org/commander 71ms (cache hit)
342 silly packumentCache full:https://registry.npmjs.org/commander set size:353115 disposed:false
343 silly fetch manifest node-emoji@1.11.0
344 silly packumentCache full:https://registry.npmjs.org/node-emoji cache-miss
345 http cache https://registry.npmjs.org/fork-ts-checker-webpack-plugin 75ms (cache hit)
346 silly packumentCache full:https://registry.npmjs.org/fork-ts-checker-webpack-plugin set size:1092702 disposed:false
347 silly fetch manifest ora@5.4.1
348 silly packumentCache full:https://registry.npmjs.org/ora cache-miss
349 http cache https://registry.npmjs.org/glob 83ms (cache hit)
350 silly packumentCache full:https://registry.npmjs.org/glob set size:469465 disposed:false
351 silly fetch manifest tsconfig-paths@4.2.0
352 silly packumentCache full:https://registry.npmjs.org/tsconfig-paths cache-hit
353 silly fetch manifest tsconfig-paths-webpack-plugin@4.2.0
354 silly packumentCache full:https://registry.npmjs.org/tsconfig-paths-webpack-plugin cache-miss
355 http cache https://registry.npmjs.org/node-emoji 80ms (cache hit)
356 silly packumentCache full:https://registry.npmjs.org/node-emoji set size:88366 disposed:false
357 silly fetch manifest typescript@5.9.3
358 silly packumentCache full:https://registry.npmjs.org/typescript cache-miss
359 http cache https://registry.npmjs.org/tsconfig-paths-webpack-plugin 62ms (cache hit)
360 silly packumentCache full:https://registry.npmjs.org/tsconfig-paths-webpack-plugin set size:117412 disposed:false
361 silly fetch manifest webpack@5.106.2
362 silly packumentCache full:https://registry.npmjs.org/webpack cache-miss
363 http cache https://registry.npmjs.org/ora 75ms (cache hit)
364 silly packumentCache full:https://registry.npmjs.org/ora set size:147148 disposed:false
365 silly fetch manifest webpack-node-externals@3.0.0
366 silly packumentCache full:https://registry.npmjs.org/webpack-node-externals cache-miss
367 http cache https://registry.npmjs.org/webpack 28ms (cache hit)
368 silly packumentCache full:https://registry.npmjs.org/webpack set size:5125589 disposed:false
369 silly fetch manifest uid@2.0.2
370 silly packumentCache full:https://registry.npmjs.org/uid cache-miss
371 http cache https://registry.npmjs.org/typescript 235ms (cache hit)
372 silly packumentCache full:https://registry.npmjs.org/typescript set size:15547442 disposed:false
373 silly fetch manifest tslib@2.8.1
374 silly packumentCache full:https://registry.npmjs.org/tslib cache-miss
375 http cache https://registry.npmjs.org/webpack-node-externals 363ms (cache hit)
376 silly packumentCache full:https://registry.npmjs.org/webpack-node-externals set size:62285 disposed:false
377 silly fetch manifest iterare@1.2.1
378 silly packumentCache full:https://registry.npmjs.org/iterare cache-miss
379 http cache https://registry.npmjs.org/tslib 176ms (cache hit)
380 silly packumentCache full:https://registry.npmjs.org/tslib set size:108843 disposed:false
381 silly fetch manifest load-esm@1.0.3
382 silly packumentCache full:https://registry.npmjs.org/load-esm cache-miss
383 http fetch GET 200 https://registry.npmjs.org/uid 481ms (cache miss)
384 silly packumentCache full:https://registry.npmjs.org/uid set size:undefined disposed:false
385 silly fetch manifest file-type@21.3.4
386 silly packumentCache full:https://registry.npmjs.org/file-type cache-miss
387 http fetch GET 200 https://registry.npmjs.org/file-type 260ms (cache miss)
388 silly packumentCache full:https://registry.npmjs.org/file-type set size:undefined disposed:false
389 silly fetch manifest tslib@^2.1.0
390 silly packumentCache full:https://registry.npmjs.org/tslib cache-hit
391 silly fetch manifest iterare@1.2.1
392 silly packumentCache full:https://registry.npmjs.org/iterare cache-miss
393 http fetch GET 200 https://registry.npmjs.org/iterare 629ms (cache miss)
394 silly packumentCache full:https://registry.npmjs.org/iterare set size:undefined disposed:false
395 silly fetch manifest path-to-regexp@8.4.2
396 silly packumentCache full:https://registry.npmjs.org/path-to-regexp cache-miss
397 http fetch GET 200 https://registry.npmjs.org/iterare 190ms (cache miss)
398 silly packumentCache full:https://registry.npmjs.org/iterare set size:undefined disposed:false
399 silly fetch manifest fast-safe-stringify@2.1.1
400 silly packumentCache full:https://registry.npmjs.org/fast-safe-stringify cache-miss
401 http fetch GET 200 https://registry.npmjs.org/load-esm 579ms (cache miss)
402 silly packumentCache full:https://registry.npmjs.org/load-esm set size:undefined disposed:false
403 silly fetch manifest cors@2.8.6
404 silly packumentCache full:https://registry.npmjs.org/cors cache-miss
405 http cache https://registry.npmjs.org/path-to-regexp 150ms (cache hit)
406 silly packumentCache full:https://registry.npmjs.org/path-to-regexp set size:216334 disposed:false
407 silly fetch manifest multer@2.2.0
408 silly packumentCache full:https://registry.npmjs.org/multer cache-miss
409 http fetch GET 200 https://registry.npmjs.org/fast-safe-stringify 159ms (cache miss)
410 silly packumentCache full:https://registry.npmjs.org/fast-safe-stringify set size:undefined disposed:false
411 silly fetch manifest express@5.2.1
412 silly packumentCache full:https://registry.npmjs.org/express cache-miss
413 http cache https://registry.npmjs.org/cors 223ms (cache hit)
414 silly packumentCache full:https://registry.npmjs.org/cors set size:77956 disposed:false
415 silly fetch manifest pluralize@8.0.0
416 silly packumentCache full:https://registry.npmjs.org/pluralize cache-miss
417 http cache https://registry.npmjs.org/pluralize 156ms (cache hit)
418 silly packumentCache full:https://registry.npmjs.org/pluralize set size:55503 disposed:false
419 silly fetch manifest comment-json@5.0.0
420 silly packumentCache full:https://registry.npmjs.org/comment-json cache-miss
421 http cache https://registry.npmjs.org/express 447ms (cache hit)
422 silly packumentCache full:https://registry.npmjs.org/express set size:804956 disposed:false
423 silly fetch manifest jsonc-parser@3.3.1
424 silly packumentCache full:https://registry.npmjs.org/jsonc-parser cache-miss
425 http fetch GET 200 https://registry.npmjs.org/multer 483ms (cache miss)
426 silly packumentCache full:https://registry.npmjs.org/multer set size:undefined disposed:false
427 silly fetch manifest @angular-devkit/core@19.2.24
428 silly packumentCache full:https://registry.npmjs.org/@angular-devkit%2fcore cache-miss
429 http cache https://registry.npmjs.org/jsonc-parser 31ms (cache hit)
430 silly packumentCache full:https://registry.npmjs.org/jsonc-parser set size:102715 disposed:false
431 silly fetch manifest @angular-devkit/schematics@19.2.24
432 silly packumentCache full:https://registry.npmjs.org/@angular-devkit%2fschematics cache-miss
433 http cache https://registry.npmjs.org/comment-json 65ms (cache hit)
434 silly packumentCache full:https://registry.npmjs.org/comment-json set size:185550 disposed:false
435 silly fetch manifest @types/body-parser@*
436 silly packumentCache full:https://registry.npmjs.org/@types%2fbody-parser cache-miss
437 http cache https://registry.npmjs.org/@angular-devkit%2fcore 44ms (cache hit)
438 silly packumentCache full:https://registry.npmjs.org/@angular-devkit%2fcore set size:2452649 disposed:false
439 silly fetch manifest @types/serve-static@^2
440 silly packumentCache full:https://registry.npmjs.org/@types%2fserve-static cache-miss
441 http cache https://registry.npmjs.org/@angular-devkit%2fschematics 60ms (cache hit)
442 silly packumentCache full:https://registry.npmjs.org/@angular-devkit%2fschematics set size:2390767 disposed:false
443 silly fetch manifest @types/express-serve-static-core@^5.0.0
444 silly packumentCache full:https://registry.npmjs.org/@types%2fexpress-serve-static-core cache-miss
445 http fetch GET 200 https://registry.npmjs.org/@types%2fbody-parser 125ms (cache miss)
446 silly packumentCache full:https://registry.npmjs.org/@types%2fbody-parser set size:undefined disposed:false
447 silly fetch manifest expect@^30.0.0
448 silly packumentCache full:https://registry.npmjs.org/expect cache-miss
449 http fetch GET 200 https://registry.npmjs.org/@types%2fserve-static 120ms (cache miss)
450 silly packumentCache full:https://registry.npmjs.org/@types%2fserve-static set size:undefined disposed:false
451 silly fetch manifest pretty-format@^30.0.0
452 silly packumentCache full:https://registry.npmjs.org/pretty-format cache-miss
453 http fetch GET 200 https://registry.npmjs.org/@types%2fexpress-serve-static-core 70ms (cache miss)
454 silly packumentCache full:https://registry.npmjs.org/@types%2fexpress-serve-static-core set size:undefined disposed:false
455 silly fetch manifest undici-types@~7.18.0
456 silly packumentCache full:https://registry.npmjs.org/undici-types cache-miss
457 http cache https://registry.npmjs.org/undici-types 16ms (cache hit)
458 silly packumentCache full:https://registry.npmjs.org/undici-types set size:250438 disposed:false
459 silly fetch manifest @types/methods@^1.1.4
460 silly packumentCache full:https://registry.npmjs.org/@types%2fmethods cache-miss
461 http fetch GET 200 https://registry.npmjs.org/expect 97ms (cache miss)
462 silly packumentCache full:https://registry.npmjs.org/expect set size:undefined disposed:false
463 silly fetch manifest @types/superagent@^8.1.0
464 silly packumentCache full:https://registry.npmjs.org/@types%2fsuperagent cache-miss
465 http fetch GET 200 https://registry.npmjs.org/pretty-format 96ms (cache miss)
466 silly packumentCache full:https://registry.npmjs.org/pretty-format set size:undefined disposed:false
467 silly fetch manifest chalk@^4.0.0
468 silly packumentCache full:https://registry.npmjs.org/chalk cache-miss
469 http cache https://registry.npmjs.org/chalk 12ms (cache hit)
470 silly packumentCache full:https://registry.npmjs.org/chalk set size:134775 disposed:false
471 silly fetch manifest espree@^10.4.0
472 silly packumentCache full:https://registry.npmjs.org/espree cache-miss
473 http cache https://registry.npmjs.org/espree 13ms (cache hit)
474 silly packumentCache full:https://registry.npmjs.org/espree set size:326080 disposed:false
475 silly fetch manifest esquery@^1.5.0
476 silly packumentCache full:https://registry.npmjs.org/esquery cache-miss
477 http fetch GET 200 https://registry.npmjs.org/esquery 27ms (cache miss)
478 silly packumentCache full:https://registry.npmjs.org/esquery set size:undefined disposed:false
479 silly fetch manifest esutils@^2.0.2
480 silly packumentCache full:https://registry.npmjs.org/esutils cache-miss
481 http fetch GET 200 https://registry.npmjs.org/esutils 27ms (cache miss)
482 silly packumentCache full:https://registry.npmjs.org/esutils set size:undefined disposed:false
483 silly fetch manifest find-up@^5.0.0
484 silly packumentCache full:https://registry.npmjs.org/find-up cache-miss
485 http cache https://registry.npmjs.org/find-up 14ms (cache hit)
486 silly packumentCache full:https://registry.npmjs.org/find-up set size:42620 disposed:false
487 silly fetch manifest is-glob@^4.0.0
488 silly packumentCache full:https://registry.npmjs.org/is-glob cache-miss
489 http cache https://registry.npmjs.org/is-glob 13ms (cache hit)
490 silly packumentCache full:https://registry.npmjs.org/is-glob set size:40530 disposed:false
491 silly fetch manifest optionator@^0.9.3
492 silly packumentCache full:https://registry.npmjs.org/optionator cache-miss
493 http fetch GET 200 https://registry.npmjs.org/optionator 34ms (cache miss)
494 silly packumentCache full:https://registry.npmjs.org/optionator set size:undefined disposed:false
495 silly fetch manifest cross-spawn@^7.0.6
496 silly packumentCache full:https://registry.npmjs.org/cross-spawn cache-miss
497 http cache https://registry.npmjs.org/cross-spawn 14ms (cache hit)
498 silly packumentCache full:https://registry.npmjs.org/cross-spawn set size:109066 disposed:false
499 silly fetch manifest glob-parent@^6.0.2
500 silly packumentCache full:https://registry.npmjs.org/glob-parent cache-miss
501 http cache https://registry.npmjs.org/glob-parent 13ms (cache hit)
502 silly packumentCache full:https://registry.npmjs.org/glob-parent set size:42445 disposed:false
503 silly fetch manifest imurmurhash@^0.1.4
504 silly packumentCache full:https://registry.npmjs.org/imurmurhash cache-miss
505 http fetch GET 200 https://registry.npmjs.org/imurmurhash 26ms (cache miss)
506 silly packumentCache full:https://registry.npmjs.org/imurmurhash set size:undefined disposed:false
507 silly fetch manifest @eslint/core@^0.17.0
508 silly packumentCache full:https://registry.npmjs.org/@eslint%2fcore cache-miss
509 http fetch GET 200 https://registry.npmjs.org/@eslint%2fcore 47ms (cache miss)
510 silly packumentCache full:https://registry.npmjs.org/@eslint%2fcore set size:undefined disposed:false
511 silly fetch manifest eslint-scope@^8.4.0
512 silly packumentCache full:https://registry.npmjs.org/eslint-scope cache-miss
513 http cache https://registry.npmjs.org/eslint-scope 11ms (cache hit)
514 silly packumentCache full:https://registry.npmjs.org/eslint-scope set size:98867 disposed:false
515 silly fetch manifest lodash.merge@^4.6.2
516 silly packumentCache full:https://registry.npmjs.org/lodash.merge cache-miss
517 http fetch GET 200 https://registry.npmjs.org/lodash.merge 24ms (cache miss)
518 silly packumentCache full:https://registry.npmjs.org/lodash.merge set size:undefined disposed:false
519 silly fetch manifest @humanfs/node@^0.16.6
520 silly packumentCache full:https://registry.npmjs.org/@humanfs%2fnode cache-miss
521 http fetch GET 200 https://registry.npmjs.org/@humanfs%2fnode 52ms (cache miss)
522 silly packumentCache full:https://registry.npmjs.org/@humanfs%2fnode set size:undefined disposed:false
523 silly fetch manifest @types/estree@^1.0.6
524 silly packumentCache full:https://registry.npmjs.org/@types%2festree cache-miss
525 http cache https://registry.npmjs.org/@types%2festree 10ms (cache hit)
526 silly packumentCache full:https://registry.npmjs.org/@types%2festree set size:76072 disposed:false
527 silly fetch manifest fast-deep-equal@^3.1.3
528 silly packumentCache full:https://registry.npmjs.org/fast-deep-equal cache-miss
529 http cache https://registry.npmjs.org/fast-deep-equal 12ms (cache hit)
530 silly packumentCache full:https://registry.npmjs.org/fast-deep-equal set size:48634 disposed:false
531 silly fetch manifest natural-compare@^1.4.0
532 silly packumentCache full:https://registry.npmjs.org/natural-compare cache-miss
533 http fetch GET 200 https://registry.npmjs.org/natural-compare 22ms (cache miss)
534 silly packumentCache full:https://registry.npmjs.org/natural-compare set size:undefined disposed:false
535 silly fetch manifest file-entry-cache@^8.0.0
536 silly packumentCache full:https://registry.npmjs.org/file-entry-cache cache-miss
537 http fetch GET 200 https://registry.npmjs.org/file-entry-cache 63ms (cache miss)
538 silly packumentCache full:https://registry.npmjs.org/file-entry-cache set size:undefined disposed:false
539 silly fetch manifest @eslint/plugin-kit@^0.4.1
540 silly packumentCache full:https://registry.npmjs.org/@eslint%2fplugin-kit cache-miss
541 http fetch GET 200 https://registry.npmjs.org/@eslint%2fplugin-kit 33ms (cache miss)
542 silly packumentCache full:https://registry.npmjs.org/@eslint%2fplugin-kit set size:undefined disposed:false
543 silly fetch manifest eslint-visitor-keys@^4.2.1
544 silly packumentCache full:https://registry.npmjs.org/eslint-visitor-keys cache-miss
545 http fetch GET 200 https://registry.npmjs.org/eslint-visitor-keys 42ms (cache miss)
546 silly packumentCache full:https://registry.npmjs.org/eslint-visitor-keys set size:undefined disposed:false
547 silly fetch manifest @eslint/config-array@^0.21.2
548 silly packumentCache full:https://registry.npmjs.org/@eslint%2fconfig-array cache-miss
549 http fetch GET 200 https://registry.npmjs.org/@types%2fmethods 660ms (cache miss)
550 silly packumentCache full:https://registry.npmjs.org/@types%2fmethods set size:undefined disposed:false
551 silly fetch manifest @humanwhocodes/retry@^0.4.2
552 silly packumentCache full:https://registry.npmjs.org/@humanwhocodes%2fretry cache-miss
553 http fetch GET 200 https://registry.npmjs.org/@eslint%2fconfig-array 40ms (cache miss)
554 silly packumentCache full:https://registry.npmjs.org/@eslint%2fconfig-array set size:undefined disposed:false
555 silly fetch manifest escape-string-regexp@^4.0.0
556 silly packumentCache full:https://registry.npmjs.org/escape-string-regexp cache-miss
557 http fetch GET 200 https://registry.npmjs.org/escape-string-regexp 32ms (cache miss)
558 silly packumentCache full:https://registry.npmjs.org/escape-string-regexp set size:undefined disposed:false
559 silly fetch manifest @eslint/config-helpers@^0.4.2
560 silly packumentCache full:https://registry.npmjs.org/@eslint%2fconfig-helpers cache-miss
561 http fetch GET 200 https://registry.npmjs.org/@humanwhocodes%2fretry 38ms (cache miss)
562 silly packumentCache full:https://registry.npmjs.org/@humanwhocodes%2fretry set size:undefined disposed:false
563 silly fetch manifest @eslint-community/regexpp@^4.12.1
564 silly packumentCache full:https://registry.npmjs.org/@eslint-community%2fregexpp cache-miss
565 http fetch GET 200 https://registry.npmjs.org/@types%2fsuperagent 698ms (cache miss)
566 silly packumentCache full:https://registry.npmjs.org/@types%2fsuperagent set size:undefined disposed:false
567 silly fetch manifest @eslint-community/eslint-utils@^4.8.0
568 silly packumentCache full:https://registry.npmjs.org/@eslint-community%2feslint-utils cache-miss
569 http fetch GET 200 https://registry.npmjs.org/@eslint%2fconfig-helpers 52ms (cache miss)
570 silly packumentCache full:https://registry.npmjs.org/@eslint%2fconfig-helpers set size:undefined disposed:false
571 silly fetch manifest @humanwhocodes/module-importer@^1.0.1
572 silly packumentCache full:https://registry.npmjs.org/@humanwhocodes%2fmodule-importer cache-miss
573 http fetch GET 200 https://registry.npmjs.org/@eslint-community%2fregexpp 53ms (cache miss)
574 silly packumentCache full:https://registry.npmjs.org/@eslint-community%2fregexpp set size:undefined disposed:false
575 silly fetch manifest json-stable-stringify-without-jsonify@^1.0.1
576 silly packumentCache full:https://registry.npmjs.org/json-stable-stringify-without-jsonify cache-miss
577 http fetch GET 200 https://registry.npmjs.org/@eslint-community%2feslint-utils 40ms (cache miss)
578 silly packumentCache full:https://registry.npmjs.org/@eslint-community%2feslint-utils set size:undefined disposed:false
579 silly fetch manifest prettier-linter-helpers@^1.0.1
580 silly packumentCache full:https://registry.npmjs.org/prettier-linter-helpers cache-miss
581 http fetch GET 200 https://registry.npmjs.org/json-stable-stringify-without-jsonify 33ms (cache miss)
582 silly packumentCache full:https://registry.npmjs.org/json-stable-stringify-without-jsonify set size:undefined disposed:false
583 silly fetch manifest synckit@^0.11.13
584 silly packumentCache full:https://registry.npmjs.org/synckit cache-miss
585 http fetch GET 200 https://registry.npmjs.org/@humanwhocodes%2fmodule-importer 42ms (cache miss)
586 silly packumentCache full:https://registry.npmjs.org/@humanwhocodes%2fmodule-importer set size:undefined disposed:false
587 silly fetch manifest @jest/core@30.4.2
588 silly packumentCache full:https://registry.npmjs.org/@jest%2fcore cache-miss
589 http fetch GET 200 https://registry.npmjs.org/prettier-linter-helpers 26ms (cache miss)
590 silly packumentCache full:https://registry.npmjs.org/prettier-linter-helpers set size:undefined disposed:false
591 silly fetch manifest @jest/types@30.4.1
592 silly packumentCache full:https://registry.npmjs.org/@jest%2ftypes cache-miss
593 http cache https://registry.npmjs.org/@jest%2ftypes 9ms (cache hit)
594 silly packumentCache full:https://registry.npmjs.org/@jest%2ftypes set size:292365 disposed:false
595 silly fetch manifest import-local@^3.2.0
596 silly packumentCache full:https://registry.npmjs.org/import-local cache-miss
597 http fetch GET 200 https://registry.npmjs.org/import-local 22ms (cache miss)
598 silly packumentCache full:https://registry.npmjs.org/import-local set size:undefined disposed:false
599 silly fetch manifest jest-cli@30.4.2
600 silly packumentCache full:https://registry.npmjs.org/jest-cli cache-miss
601 http fetch GET 200 https://registry.npmjs.org/@jest%2fcore 73ms (cache miss)
602 silly packumentCache full:https://registry.npmjs.org/@jest%2fcore set size:undefined disposed:false
603 silly fetch manifest buffer-from@^1.0.0
604 silly packumentCache full:https://registry.npmjs.org/buffer-from cache-miss
605 http cache https://registry.npmjs.org/buffer-from 9ms (cache hit)
606 silly packumentCache full:https://registry.npmjs.org/buffer-from set size:15463 disposed:false
607 silly fetch manifest source-map@^0.6.0
608 silly packumentCache full:https://registry.npmjs.org/source-map cache-miss
609 http cache https://registry.npmjs.org/source-map 15ms (cache hit)
610 silly packumentCache full:https://registry.npmjs.org/source-map set size:231637 disposed:false
611 silly fetch manifest methods@^1.1.2
612 silly packumentCache full:https://registry.npmjs.org/methods cache-miss
613 http fetch GET 200 https://registry.npmjs.org/methods 47ms (cache miss)
614 silly packumentCache full:https://registry.npmjs.org/methods set size:undefined disposed:false
615 silly fetch manifest superagent@^10.3.0
616 silly packumentCache full:https://registry.npmjs.org/superagent cache-miss
617 http fetch GET 200 https://registry.npmjs.org/synckit 366ms (cache miss)
618 silly packumentCache full:https://registry.npmjs.org/synckit set size:undefined disposed:false
619 silly fetch manifest cookie-signature@^1.2.2
620 silly packumentCache full:https://registry.npmjs.org/cookie-signature cache-miss
621 http cache https://registry.npmjs.org/cookie-signature 15ms (cache hit)
622 silly packumentCache full:https://registry.npmjs.org/cookie-signature set size:21777 disposed:false
623 silly fetch manifest bs-logger@^0.2.6
624 silly packumentCache full:https://registry.npmjs.org/bs-logger cache-miss
625 http fetch GET 200 https://registry.npmjs.org/jest-cli 381ms (cache miss)
626 silly packumentCache full:https://registry.npmjs.org/jest-cli set size:undefined disposed:false
627 silly fetch manifest fast-json-stable-stringify@^2.1.0
628 silly packumentCache full:https://registry.npmjs.org/fast-json-stable-stringify cache-miss
629 http cache https://registry.npmjs.org/fast-json-stable-stringify 10ms (cache hit)
630 silly packumentCache full:https://registry.npmjs.org/fast-json-stable-stringify set size:11337 disposed:false
631 silly fetch manifest handlebars@^4.7.9
632 silly packumentCache full:https://registry.npmjs.org/handlebars cache-miss
633 http fetch GET 200 https://registry.npmjs.org/handlebars 32ms (cache miss)
634 silly packumentCache full:https://registry.npmjs.org/handlebars set size:undefined disposed:false
635 silly fetch manifest json5@^2.2.3
636 silly packumentCache full:https://registry.npmjs.org/json5 cache-miss
637 http cache https://registry.npmjs.org/json5 13ms (cache hit)
638 silly packumentCache full:https://registry.npmjs.org/json5 set size:86136 disposed:false
639 silly fetch manifest lodash.memoize@^4.1.2
640 silly packumentCache full:https://registry.npmjs.org/lodash.memoize cache-miss
641 http fetch GET 200 https://registry.npmjs.org/superagent 360ms (cache miss)
642 silly packumentCache full:https://registry.npmjs.org/superagent set size:undefined disposed:false
643 silly fetch manifest make-error@^1.3.6
644 silly packumentCache full:https://registry.npmjs.org/make-error cache-miss
645 http fetch GET 200 https://registry.npmjs.org/lodash.memoize 36ms (cache miss)
646 silly packumentCache full:https://registry.npmjs.org/lodash.memoize set size:undefined disposed:false
647 silly fetch manifest semver@^7.8.5
648 silly packumentCache full:https://registry.npmjs.org/semver cache-miss
649 http cache https://registry.npmjs.org/semver 12ms (cache hit)
650 silly packumentCache full:https://registry.npmjs.org/semver set size:246069 disposed:false
651 silly fetch manifest type-fest@^4.41.0
652 silly packumentCache full:https://registry.npmjs.org/type-fest cache-miss
653 http fetch GET 200 https://registry.npmjs.org/make-error 43ms (cache miss)
654 silly packumentCache full:https://registry.npmjs.org/make-error set size:undefined disposed:false
655 silly fetch manifest yargs-parser@^21.1.1
656 silly packumentCache full:https://registry.npmjs.org/yargs-parser cache-miss
657 http cache https://registry.npmjs.org/yargs-parser 11ms (cache hit)
658 silly packumentCache full:https://registry.npmjs.org/yargs-parser set size:238630 disposed:false
659 silly fetch manifest chalk@^4.1.0
660 silly packumentCache full:https://registry.npmjs.org/chalk cache-hit
661 silly fetch manifest picomatch@^4.0.0
662 silly packumentCache full:https://registry.npmjs.org/picomatch cache-miss
663 http cache https://registry.npmjs.org/picomatch 17ms (cache hit)
664 silly packumentCache full:https://registry.npmjs.org/picomatch set size:128942 disposed:false
665 silly fetch manifest source-map@^0.7.4
666 silly packumentCache full:https://registry.npmjs.org/source-map cache-hit
667 silly fetch manifest acorn@^8.16.0
668 silly packumentCache full:https://registry.npmjs.org/acorn cache-miss
669 http fetch GET 200 https://registry.npmjs.org/type-fest 62ms (cache miss)
670 silly packumentCache full:https://registry.npmjs.org/type-fest set size:undefined disposed:false
671 silly fetch manifest events@^3.2.0
672 silly packumentCache full:https://registry.npmjs.org/events cache-miss
673 http cache https://registry.npmjs.org/acorn 19ms (cache hit)
674 silly packumentCache full:https://registry.npmjs.org/acorn set size:383439 disposed:false
675 silly fetch manifest mime-db@^1.54.0
676 silly packumentCache full:https://registry.npmjs.org/mime-db cache-miss
677 http cache https://registry.npmjs.org/events 20ms (cache hit)
678 silly packumentCache full:https://registry.npmjs.org/events set size:35240 disposed:false
679 silly fetch manifest tapable@^2.3.0
680 silly packumentCache full:https://registry.npmjs.org/tapable cache-miss
681 http cache https://registry.npmjs.org/mime-db 13ms (cache hit)
682 silly packumentCache full:https://registry.npmjs.org/mime-db set size:164953 disposed:false
683 silly fetch manifest neo-async@^2.6.2
684 silly packumentCache full:https://registry.npmjs.org/neo-async cache-miss
685 http cache https://registry.npmjs.org/tapable 18ms (cache hit)
686 silly packumentCache full:https://registry.npmjs.org/tapable set size:141233 disposed:false
687 silly fetch manifest watchpack@^2.5.2
688 silly packumentCache full:https://registry.npmjs.org/watchpack cache-miss
689 http cache https://registry.npmjs.org/neo-async 20ms (cache hit)
690 silly packumentCache full:https://registry.npmjs.org/neo-async set size:155670 disposed:false
691 silly fetch manifest graceful-fs@^4.2.11
692 silly packumentCache full:https://registry.npmjs.org/graceful-fs cache-miss
693 http cache https://registry.npmjs.org/watchpack 19ms (cache hit)
694 silly packumentCache full:https://registry.npmjs.org/watchpack set size:148533 disposed:false
695 silly fetch manifest browserslist@^4.28.1
696 silly packumentCache full:https://registry.npmjs.org/browserslist cache-miss
697 http cache https://registry.npmjs.org/graceful-fs 26ms (cache hit)
698 silly packumentCache full:https://registry.npmjs.org/graceful-fs set size:124285 disposed:false
699 silly fetch manifest eslint-scope@5.1.1
700 silly packumentCache full:https://registry.npmjs.org/eslint-scope cache-hit
701 silly fetch manifest schema-utils@^4.3.3
702 silly packumentCache full:https://registry.npmjs.org/schema-utils cache-miss
703 http cache https://registry.npmjs.org/browserslist 36ms (cache hit)
704 silly packumentCache full:https://registry.npmjs.org/browserslist set size:518659 disposed:false
705 silly fetch manifest @types/estree@^1.0.8
706 silly packumentCache full:https://registry.npmjs.org/@types%2festree cache-hit
707 silly fetch manifest es-module-lexer@^2.1.0
708 silly packumentCache full:https://registry.npmjs.org/es-module-lexer cache-miss
709 http cache https://registry.npmjs.org/schema-utils 45ms (cache hit)
710 silly packumentCache full:https://registry.npmjs.org/schema-utils set size:166563 disposed:false
711 silly fetch manifest webpack-sources@^3.5.1
712 silly packumentCache full:https://registry.npmjs.org/webpack-sources cache-miss
713 http fetch GET 200 https://registry.npmjs.org/bs-logger 384ms (cache miss)
714 silly packumentCache full:https://registry.npmjs.org/bs-logger set size:undefined disposed:false
715 silly fetch manifest enhanced-resolve@^5.24.4
716 silly packumentCache full:https://registry.npmjs.org/enhanced-resolve cache-miss
717 http cache https://registry.npmjs.org/es-module-lexer 26ms (cache hit)
718 silly packumentCache full:https://registry.npmjs.org/es-module-lexer set size:212402 disposed:false
719 silly fetch manifest @types/json-schema@^7.0.15
720 silly packumentCache full:https://registry.npmjs.org/@types%2fjson-schema cache-miss
721 http cache https://registry.npmjs.org/webpack-sources 29ms (cache hit)
722 silly packumentCache full:https://registry.npmjs.org/webpack-sources set size:184158 disposed:false
723 silly fetch manifest @webassemblyjs/ast@^1.14.1
724 silly packumentCache full:https://registry.npmjs.org/@webassemblyjs%2fast cache-miss
725 http cache https://registry.npmjs.org/enhanced-resolve 36ms (cache hit)
726 silly packumentCache full:https://registry.npmjs.org/enhanced-resolve set size:482889 disposed:false
727 silly fetch manifest chrome-trace-event@^1.0.2
728 silly packumentCache full:https://registry.npmjs.org/chrome-trace-event cache-miss
729 http cache https://registry.npmjs.org/@types%2fjson-schema 49ms (cache hit)
730 silly packumentCache full:https://registry.npmjs.org/@types%2fjson-schema set size:44704 disposed:false
731 silly fetch manifest @webassemblyjs/wasm-edit@^1.14.1
732 silly packumentCache full:https://registry.npmjs.org/@webassemblyjs%2fwasm-edit cache-miss
733 http cache https://registry.npmjs.org/@webassemblyjs%2fast 61ms (cache hit)
734 silly packumentCache full:https://registry.npmjs.org/@webassemblyjs%2fast set size:198816 disposed:false
735 silly fetch manifest minimizer-webpack-plugin@^5.6.1
736 silly packumentCache full:https://registry.npmjs.org/minimizer-webpack-plugin cache-miss
737 http cache https://registry.npmjs.org/chrome-trace-event 54ms (cache hit)
738 silly packumentCache full:https://registry.npmjs.org/chrome-trace-event set size:20859 disposed:false
739 silly fetch manifest @webassemblyjs/wasm-parser@^1.14.1
740 silly packumentCache full:https://registry.npmjs.org/@webassemblyjs%2fwasm-parser cache-miss
741 http cache https://registry.npmjs.org/@webassemblyjs%2fwasm-edit 51ms (cache hit)
742 silly packumentCache full:https://registry.npmjs.org/@webassemblyjs%2fwasm-edit set size:202718 disposed:false
743 silly fetch manifest yn@3.1.1
744 silly packumentCache full:https://registry.npmjs.org/yn cache-miss
745 http cache https://registry.npmjs.org/@webassemblyjs%2fwasm-parser 28ms (cache hit)
746 silly packumentCache full:https://registry.npmjs.org/@webassemblyjs%2fwasm-parser set size:214115 disposed:false
747 silly fetch manifest arg@^4.1.0
748 silly packumentCache full:https://registry.npmjs.org/arg cache-miss
749 http fetch GET 200 https://registry.npmjs.org/minimizer-webpack-plugin 53ms (cache miss)
750 silly packumentCache full:https://registry.npmjs.org/minimizer-webpack-plugin set size:undefined disposed:false
751 silly fetch manifest diff@^4.0.1
752 silly packumentCache full:https://registry.npmjs.org/diff cache-miss
753 http fetch GET 200 https://registry.npmjs.org/yn 42ms (cache miss)
754 silly packumentCache full:https://registry.npmjs.org/yn set size:undefined disposed:false
755 silly fetch manifest acorn@^8.4.1
756 silly packumentCache full:https://registry.npmjs.org/acorn cache-hit
757 silly fetch manifest acorn-walk@^8.1.1
758 silly packumentCache full:https://registry.npmjs.org/acorn-walk cache-miss
759 http cache https://registry.npmjs.org/diff 26ms (cache hit)
760 silly packumentCache full:https://registry.npmjs.org/diff set size:154400 disposed:false
761 silly fetch manifest make-error@^1.1.1
762 silly packumentCache full:https://registry.npmjs.org/make-error cache-miss
763 http cache https://registry.npmjs.org/make-error 11ms (cache hit)
764 silly packumentCache full:https://registry.npmjs.org/make-error set size:45218 disposed:false
765 silly fetch manifest create-require@^1.1.0
766 silly packumentCache full:https://registry.npmjs.org/create-require cache-miss
767 http fetch GET 200 https://registry.npmjs.org/arg 54ms (cache miss)
768 silly packumentCache full:https://registry.npmjs.org/arg set size:undefined disposed:false
769 silly fetch manifest @tsconfig/node10@^1.0.7
770 silly packumentCache full:https://registry.npmjs.org/@tsconfig%2fnode10 cache-miss
771 http fetch GET 200 https://registry.npmjs.org/acorn-walk 48ms (cache miss)
772 silly packumentCache full:https://registry.npmjs.org/acorn-walk set size:undefined disposed:false
773 silly fetch manifest @tsconfig/node12@^1.0.7
774 silly packumentCache full:https://registry.npmjs.org/@tsconfig%2fnode12 cache-miss
775 http fetch GET 200 https://registry.npmjs.org/create-require 38ms (cache miss)
776 silly packumentCache full:https://registry.npmjs.org/create-require set size:undefined disposed:false
777 silly fetch manifest @tsconfig/node14@^1.0.0
778 silly packumentCache full:https://registry.npmjs.org/@tsconfig%2fnode14 cache-miss
779 http fetch GET 200 https://registry.npmjs.org/@tsconfig%2fnode10 35ms (cache miss)
780 silly packumentCache full:https://registry.npmjs.org/@tsconfig%2fnode10 set size:undefined disposed:false
781 silly fetch manifest @tsconfig/node16@^1.0.2
782 silly packumentCache full:https://registry.npmjs.org/@tsconfig%2fnode16 cache-miss
783 http fetch GET 200 https://registry.npmjs.org/@tsconfig%2fnode12 53ms (cache miss)
784 silly packumentCache full:https://registry.npmjs.org/@tsconfig%2fnode12 set size:undefined disposed:false
785 silly fetch manifest v8-compile-cache-lib@^3.0.1
786 silly packumentCache full:https://registry.npmjs.org/v8-compile-cache-lib cache-miss
787 http fetch GET 200 https://registry.npmjs.org/@tsconfig%2fnode14 41ms (cache miss)
788 silly packumentCache full:https://registry.npmjs.org/@tsconfig%2fnode14 set size:undefined disposed:false
789 silly fetch manifest @cspotcode/source-map-support@^0.8.0
790 silly packumentCache full:https://registry.npmjs.org/@cspotcode%2fsource-map-support cache-miss
791 http fetch GET 200 https://registry.npmjs.org/@tsconfig%2fnode16 41ms (cache miss)
792 silly packumentCache full:https://registry.npmjs.org/@tsconfig%2fnode16 set size:undefined disposed:false
793 silly fetch manifest json5@^2.2.2
794 silly packumentCache full:https://registry.npmjs.org/json5 cache-hit
795 silly fetch manifest minimist@^1.2.6
796 silly packumentCache full:https://registry.npmjs.org/minimist cache-miss
797 http cache https://registry.npmjs.org/minimist 10ms (cache hit)
798 silly packumentCache full:https://registry.npmjs.org/minimist set size:77063 disposed:false
799 silly fetch manifest strip-bom@^3.0.0
800 silly packumentCache full:https://registry.npmjs.org/strip-bom cache-miss
801 http fetch GET 200 https://registry.npmjs.org/@cspotcode%2fsource-map-support 48ms (cache miss)
802 silly packumentCache full:https://registry.npmjs.org/@cspotcode%2fsource-map-support set size:undefined disposed:false
803 silly fetch manifest @typescript-eslint/utils@8.67.0
804 silly packumentCache full:https://registry.npmjs.org/@typescript-eslint%2futils cache-miss
805 http cache https://registry.npmjs.org/strip-bom 31ms (cache hit)
806 silly packumentCache full:https://registry.npmjs.org/strip-bom set size:19359 disposed:false
807 silly fetch manifest @typescript-eslint/parser@8.67.0
808 silly packumentCache full:https://registry.npmjs.org/@typescript-eslint%2fparser cache-miss
809 http fetch GET 200 https://registry.npmjs.org/v8-compile-cache-lib 54ms (cache miss)
810 silly packumentCache full:https://registry.npmjs.org/v8-compile-cache-lib set size:undefined disposed:false
811 silly fetch manifest @typescript-eslint/eslint-plugin@8.67.0
812 silly packumentCache full:https://registry.npmjs.org/@typescript-eslint%2feslint-plugin cache-miss
813 http fetch GET 200 https://registry.npmjs.org/@typescript-eslint%2futils 506ms (cache miss)
814 silly packumentCache full:https://registry.npmjs.org/@typescript-eslint%2futils set size:undefined disposed:false
815 silly fetch manifest @typescript-eslint/typescript-estree@8.67.0
816 silly packumentCache full:https://registry.npmjs.org/@typescript-eslint%2ftypescript-estree cache-miss
817 http fetch GET 200 https://registry.npmjs.org/@typescript-eslint%2fparser 864ms (cache miss)
818 silly packumentCache full:https://registry.npmjs.org/@typescript-eslint%2fparser set size:undefined disposed:false
819 http fetch GET 200 https://registry.npmjs.org/@typescript-eslint%2feslint-plugin 1340ms (cache miss)
820 silly packumentCache full:https://registry.npmjs.org/@typescript-eslint%2feslint-plugin set size:undefined disposed:false
821 http fetch GET 200 https://registry.npmjs.org/@typescript-eslint%2ftypescript-estree 959ms (cache miss)
822 silly packumentCache full:https://registry.npmjs.org/@typescript-eslint%2ftypescript-estree set size:undefined disposed:false
823 silly placeDep ROOT ajv@6.15.0 OK for: @eslint/eslintrc@3.3.6 want: ^6.14.0
824 silly placeDep ROOT debug@4.4.3 OK for: @eslint/eslintrc@3.3.6 want: ^4.3.2
825 silly placeDep ROOT espree@10.4.0 OK for: @eslint/eslintrc@3.3.6 want: ^10.0.1
826 silly placeDep node_modules/@eslint/eslintrc globals@14.0.0 OK for: @eslint/eslintrc@3.3.6 want: ^14.0.0
827 silly placeDep ROOT ignore@5.3.2 OK for: @eslint/eslintrc@3.3.6 want: ^5.2.0
828 silly placeDep ROOT import-fresh@3.3.1 OK for: @eslint/eslintrc@3.3.6 want: ^3.2.1
829 silly placeDep ROOT js-yaml@4.3.1 OK for: @eslint/eslintrc@3.3.6 want: ^4.3.0
830 silly placeDep ROOT minimatch@3.1.5 OK for: @eslint/eslintrc@3.3.6 want: ^3.1.5
831 silly placeDep ROOT strip-json-comments@3.1.1 OK for: @eslint/eslintrc@3.3.6 want: ^3.1.1
832 silly fetch manifest uri-js@^4.2.2
833 silly packumentCache full:https://registry.npmjs.org/uri-js cache-miss
834 silly fetch manifest fast-deep-equal@^3.1.1
835 silly packumentCache full:https://registry.npmjs.org/fast-deep-equal cache-hit
836 silly fetch manifest json-schema-traverse@^0.4.1
837 silly packumentCache full:https://registry.npmjs.org/json-schema-traverse cache-miss
838 silly fetch manifest fast-json-stable-stringify@^2.0.0
839 silly packumentCache full:https://registry.npmjs.org/fast-json-stable-stringify cache-hit
840 silly fetch manifest ms@^2.1.3
841 silly packumentCache full:https://registry.npmjs.org/ms cache-miss
842 http cache https://registry.npmjs.org/json-schema-traverse 58ms (cache hit)
843 silly packumentCache full:https://registry.npmjs.org/json-schema-traverse set size:23537 disposed:false
844 silly fetch manifest acorn@^8.15.0
845 silly packumentCache full:https://registry.npmjs.org/acorn cache-hit
846 silly fetch manifest acorn-jsx@^5.3.2
847 silly packumentCache full:https://registry.npmjs.org/acorn-jsx cache-miss
848 http cache https://registry.npmjs.org/uri-js 63ms (cache hit)
849 silly packumentCache full:https://registry.npmjs.org/uri-js set size:42559 disposed:false
850 silly fetch manifest resolve-from@^4.0.0
851 silly packumentCache full:https://registry.npmjs.org/resolve-from cache-miss
852 http fetch GET 200 https://registry.npmjs.org/ms 73ms (cache revalidated)
853 silly packumentCache full:https://registry.npmjs.org/ms set size:92208 disposed:false
854 silly fetch manifest parent-module@^1.0.0
855 silly packumentCache full:https://registry.npmjs.org/parent-module cache-miss
856 http cache https://registry.npmjs.org/resolve-from 17ms (cache hit)
857 silly packumentCache full:https://registry.npmjs.org/resolve-from set size:12911 disposed:false
858 silly fetch manifest argparse@^2.0.1
859 silly packumentCache full:https://registry.npmjs.org/argparse cache-miss
860 http cache https://registry.npmjs.org/parent-module 16ms (cache hit)
861 silly packumentCache full:https://registry.npmjs.org/parent-module set size:18255 disposed:false
862 silly fetch manifest brace-expansion@^1.1.7
863 silly packumentCache full:https://registry.npmjs.org/brace-expansion cache-miss
864 http cache https://registry.npmjs.org/argparse 17ms (cache hit)
865 silly packumentCache full:https://registry.npmjs.org/argparse set size:51348 disposed:false
866 http fetch GET 200 https://registry.npmjs.org/acorn-jsx 43ms (cache miss)
867 silly packumentCache full:https://registry.npmjs.org/acorn-jsx set size:undefined disposed:false
868 http cache https://registry.npmjs.org/brace-expansion 16ms (cache hit)
869 silly packumentCache full:https://registry.npmjs.org/brace-expansion set size:101024 disposed:false
870 silly fetch manifest @types/node@>=18
871 silly packumentCache full:https://registry.npmjs.org/@types%2fnode cache-miss
872 http cache https://registry.npmjs.org/@types%2fnode 40ms (cache hit)
873 silly packumentCache full:https://registry.npmjs.org/@types%2fnode set size:11088606 disposed:false
874 silly placeDep ROOT @angular-devkit/core@19.2.27 OK for: @nestjs/cli@11.0.24 want: 19.2.27
875 silly placeDep ROOT @angular-devkit/schematics@19.2.27 OK for: @nestjs/cli@11.0.24 want: 19.2.27
876 silly placeDep ROOT @angular-devkit/schematics-cli@19.2.27 OK for: @nestjs/cli@11.0.24 want: 19.2.27
877 silly placeDep ROOT @inquirer/prompts@7.10.1 OK for: @nestjs/cli@11.0.24 want: 7.10.1
878 silly placeDep ROOT ansis@4.2.0 OK for: @nestjs/cli@11.0.24 want: 4.2.0
879 silly placeDep ROOT chokidar@4.0.3 OK for: @nestjs/cli@11.0.24 want: 4.0.3
880 silly placeDep ROOT cli-table3@0.6.5 OK for: @nestjs/cli@11.0.24 want: 0.6.5
881 silly placeDep ROOT commander@4.1.1 OK for: @nestjs/cli@11.0.24 want: 4.1.1
882 silly placeDep ROOT fork-ts-checker-webpack-plugin@9.1.0 OK for: @nestjs/cli@11.0.24 want: 9.1.0
883 silly placeDep ROOT glob@13.0.6 OK for: @nestjs/cli@11.0.24 want: 13.0.6
884 silly placeDep ROOT node-emoji@1.11.0 OK for: @nestjs/cli@11.0.24 want: 1.11.0
885 silly placeDep ROOT ora@5.4.1 OK for: @nestjs/cli@11.0.24 want: 5.4.1
886 silly placeDep ROOT tsconfig-paths-webpack-plugin@4.2.0 OK for: @nestjs/cli@11.0.24 want: 4.2.0
887 silly placeDep node_modules/@nestjs/cli webpack@5.106.2 OK for: @nestjs/cli@11.0.24 want: 5.106.2
888 silly placeDep ROOT webpack-node-externals@3.0.0 OK for: @nestjs/cli@11.0.24 want: 3.0.0
889 silly fetch manifest ajv@8.18.0
890 silly packumentCache full:https://registry.npmjs.org/ajv cache-miss
891 silly fetch manifest rxjs@7.8.1
892 silly packumentCache full:https://registry.npmjs.org/rxjs cache-miss
893 silly fetch manifest picomatch@4.0.4
894 silly packumentCache full:https://registry.npmjs.org/picomatch cache-hit
895 silly fetch manifest source-map@0.7.4
896 silly packumentCache full:https://registry.npmjs.org/source-map cache-hit
897 silly fetch manifest ajv-formats@3.0.1
898 silly packumentCache full:https://registry.npmjs.org/ajv-formats cache-miss
899 http cache https://registry.npmjs.org/rxjs 49ms (cache hit)
900 silly packumentCache full:https://registry.npmjs.org/rxjs set size:1028301 disposed:false
901 silly fetch manifest magic-string@0.30.17
902 silly packumentCache full:https://registry.npmjs.org/magic-string cache-miss
903 http cache https://registry.npmjs.org/ajv 64ms (cache hit)
904 silly packumentCache full:https://registry.npmjs.org/ajv set size:1142658 disposed:false
905 silly fetch manifest ansi-colors@4.1.3
906 silly packumentCache full:https://registry.npmjs.org/ansi-colors cache-miss
907 http cache https://registry.npmjs.org/ajv-formats 75ms (cache hit)
908 silly packumentCache full:https://registry.npmjs.org/ajv-formats set size:141264 disposed:false
909 silly fetch manifest yargs-parser@21.1.1
910 silly packumentCache full:https://registry.npmjs.org/yargs-parser cache-hit
911 silly fetch manifest @inquirer/prompts@7.3.2
912 silly packumentCache full:https://registry.npmjs.org/@inquirer%2fprompts cache-hit
913 silly fetch manifest symbol-observable@4.0.0
914 silly packumentCache full:https://registry.npmjs.org/symbol-observable cache-miss
915 http cache https://registry.npmjs.org/ansi-colors 20ms (cache hit)
916 silly packumentCache full:https://registry.npmjs.org/ansi-colors set size:110876 disposed:false
917 silly fetch manifest @inquirer/input@^4.3.1
918 silly packumentCache full:https://registry.npmjs.org/@inquirer%2finput cache-miss
919 http cache https://registry.npmjs.org/magic-string 43ms (cache hit)
920 silly packumentCache full:https://registry.npmjs.org/magic-string set size:344257 disposed:false
921 silly fetch manifest @inquirer/editor@^4.2.23
922 silly packumentCache full:https://registry.npmjs.org/@inquirer%2feditor cache-miss
923 http cache https://registry.npmjs.org/symbol-observable 26ms (cache hit)
924 silly packumentCache full:https://registry.npmjs.org/symbol-observable set size:44379 disposed:false
925 silly fetch manifest @inquirer/expand@^4.0.23
926 silly packumentCache full:https://registry.npmjs.org/@inquirer%2fexpand cache-miss
927 http cache https://registry.npmjs.org/@inquirer%2finput 25ms (cache hit)
928 silly packumentCache full:https://registry.npmjs.org/@inquirer%2finput set size:319406 disposed:false
929 silly fetch manifest @inquirer/number@^3.0.23
930 silly packumentCache full:https://registry.npmjs.org/@inquirer%2fnumber cache-miss
931 http cache https://registry.npmjs.org/@inquirer%2feditor 22ms (cache hit)
932 silly packumentCache full:https://registry.npmjs.org/@inquirer%2feditor set size:322894 disposed:false
933 silly fetch manifest @inquirer/search@^3.2.2
934 silly packumentCache full:https://registry.npmjs.org/@inquirer%2fsearch cache-miss
935 http cache https://registry.npmjs.org/@inquirer%2fexpand 25ms (cache hit)
936 silly packumentCache full:https://registry.npmjs.org/@inquirer%2fexpand set size:322112 disposed:false
937 silly fetch manifest @inquirer/select@^4.4.2
938 silly packumentCache full:https://registry.npmjs.org/@inquirer%2fselect cache-miss
939 http cache https://registry.npmjs.org/@inquirer%2fnumber 23ms (cache hit)
940 silly packumentCache full:https://registry.npmjs.org/@inquirer%2fnumber set size:142567 disposed:false
941 silly fetch manifest @inquirer/confirm@^5.1.21
942 silly packumentCache full:https://registry.npmjs.org/@inquirer%2fconfirm cache-miss
943 http cache https://registry.npmjs.org/@inquirer%2fsearch 22ms (cache hit)
944 silly packumentCache full:https://registry.npmjs.org/@inquirer%2fsearch set size:142958 disposed:false
945 silly fetch manifest @inquirer/rawlist@^4.1.11
946 silly packumentCache full:https://registry.npmjs.org/@inquirer%2frawlist cache-miss
947 http cache https://registry.npmjs.org/@inquirer%2fselect 18ms (cache hit)
948 silly packumentCache full:https://registry.npmjs.org/@inquirer%2fselect set size:335462 disposed:false
949 silly fetch manifest @inquirer/checkbox@^4.3.2
950 silly packumentCache full:https://registry.npmjs.org/@inquirer%2fcheckbox cache-miss
951 http cache https://registry.npmjs.org/@inquirer%2fcheckbox 13ms (cache hit)
952 silly packumentCache full:https://registry.npmjs.org/@inquirer%2fcheckbox set size:346573 disposed:false
953 silly fetch manifest @inquirer/password@^4.0.23
954 silly packumentCache full:https://registry.npmjs.org/@inquirer%2fpassword cache-miss
955 http cache https://registry.npmjs.org/@inquirer%2fconfirm 25ms (cache hit)
956 silly packumentCache full:https://registry.npmjs.org/@inquirer%2fconfirm set size:320882 disposed:false
957 silly fetch manifest readdirp@^4.0.1
958 silly packumentCache full:https://registry.npmjs.org/readdirp cache-miss
959 http cache https://registry.npmjs.org/@inquirer%2frawlist 27ms (cache hit)
960 silly packumentCache full:https://registry.npmjs.org/@inquirer%2frawlist set size:288948 disposed:false
961 silly fetch manifest string-width@^4.2.0
962 silly packumentCache full:https://registry.npmjs.org/string-width cache-miss
963 http cache https://registry.npmjs.org/string-width 10ms (cache hit)
964 silly packumentCache full:https://registry.npmjs.org/string-width set size:72458 disposed:false
965 silly fetch manifest @colors/colors@1.5.0
966 silly packumentCache full:https://registry.npmjs.org/@colors%2fcolors cache-miss
967 http cache https://registry.npmjs.org/readdirp 20ms (cache hit)
968 silly packumentCache full:https://registry.npmjs.org/readdirp set size:110119 disposed:false
969 silly fetch manifest @babel/code-frame@^7.16.7
970 silly packumentCache full:https://registry.npmjs.org/@babel%2fcode-frame cache-miss
971 http cache https://registry.npmjs.org/@inquirer%2fpassword 28ms (cache hit)
972 silly packumentCache full:https://registry.npmjs.org/@inquirer%2fpassword set size:318894 disposed:false
973 silly fetch manifest chalk@^4.1.2
974 silly packumentCache full:https://registry.npmjs.org/chalk cache-hit
975 silly fetch manifest cosmiconfig@^8.2.0
976 silly packumentCache full:https://registry.npmjs.org/cosmiconfig cache-miss
977 http cache https://registry.npmjs.org/@colors%2fcolors 21ms (cache hit)
978 silly packumentCache full:https://registry.npmjs.org/@colors%2fcolors set size:12042 disposed:false
979 silly fetch manifest deepmerge@^4.2.2
980 silly packumentCache full:https://registry.npmjs.org/deepmerge cache-miss
981 http cache https://registry.npmjs.org/@babel%2fcode-frame 19ms (cache hit)
982 silly packumentCache full:https://registry.npmjs.org/@babel%2fcode-frame set size:206617 disposed:false
983 silly fetch manifest fs-extra@^10.0.0
984 silly packumentCache full:https://registry.npmjs.org/fs-extra cache-miss
985 http cache https://registry.npmjs.org/cosmiconfig 18ms (cache hit)
986 silly packumentCache full:https://registry.npmjs.org/cosmiconfig set size:232521 disposed:false
987 silly fetch manifest memfs@^3.4.1
988 silly packumentCache full:https://registry.npmjs.org/memfs cache-miss
989 http cache https://registry.npmjs.org/deepmerge 20ms (cache hit)
990 silly packumentCache full:https://registry.npmjs.org/deepmerge set size:101897 disposed:false
991 silly fetch manifest node-abort-controller@^3.0.1
992 silly packumentCache full:https://registry.npmjs.org/node-abort-controller cache-miss
993 http cache https://registry.npmjs.org/fs-extra 18ms (cache hit)
994 silly packumentCache full:https://registry.npmjs.org/fs-extra set size:239581 disposed:false
995 silly fetch manifest schema-utils@^3.1.1
996 silly packumentCache full:https://registry.npmjs.org/schema-utils cache-hit
997 silly fetch manifest semver@^7.3.5
998 silly packumentCache full:https://registry.npmjs.org/semver cache-hit
999 silly fetch manifest tapable@^2.2.1
1000 silly packumentCache full:https://registry.npmjs.org/tapable cache-hit
1001 silly fetch manifest minimatch@^10.2.2
1002 silly packumentCache full:https://registry.npmjs.org/minimatch cache-hit
1003 silly fetch manifest minipass@^7.1.3
1004 silly packumentCache full:https://registry.npmjs.org/minipass cache-miss
1005 http cache https://registry.npmjs.org/memfs 27ms (cache hit)
1006 silly packumentCache full:https://registry.npmjs.org/memfs set size:938382 disposed:false
1007 silly fetch manifest path-scurry@^2.0.2
1008 silly packumentCache full:https://registry.npmjs.org/path-scurry cache-miss
1009 http cache https://registry.npmjs.org/node-abort-controller 29ms (cache hit)
1010 silly packumentCache full:https://registry.npmjs.org/node-abort-controller set size:38850 disposed:false
1011 silly fetch manifest lodash@^4.17.21
1012 silly packumentCache full:https://registry.npmjs.org/lodash cache-miss
1013 http cache https://registry.npmjs.org/minipass 25ms (cache hit)
1014 silly packumentCache full:https://registry.npmjs.org/minipass set size:276925 disposed:false
1015 silly fetch manifest bl@^4.1.0
1016 silly packumentCache full:https://registry.npmjs.org/bl cache-miss
1017 http cache https://registry.npmjs.org/path-scurry 18ms (cache hit)
1018 silly packumentCache full:https://registry.npmjs.org/path-scurry set size:117612 disposed:false
1019 silly fetch manifest wcwidth@^1.0.1
1020 silly packumentCache full:https://registry.npmjs.org/wcwidth cache-miss
1021 http cache https://registry.npmjs.org/bl 16ms (cache hit)
1022 silly packumentCache full:https://registry.npmjs.org/bl set size:237796 disposed:false
1023 silly fetch manifest cli-cursor@^3.1.0
1024 silly packumentCache full:https://registry.npmjs.org/cli-cursor cache-miss
1025 http cache https://registry.npmjs.org/lodash 27ms (cache hit)
1026 silly packumentCache full:https://registry.npmjs.org/lodash set size:247652 disposed:false
1027 silly fetch manifest strip-ansi@^6.0.0
1028 silly packumentCache full:https://registry.npmjs.org/strip-ansi cache-miss
1029 http cache https://registry.npmjs.org/wcwidth 23ms (cache hit)
1030 silly packumentCache full:https://registry.npmjs.org/wcwidth set size:5904 disposed:false
1031 silly fetch manifest log-symbols@^4.1.0
1032 silly packumentCache full:https://registry.npmjs.org/log-symbols cache-miss
1033 http cache https://registry.npmjs.org/log-symbols 61ms (cache hit)
1034 silly packumentCache full:https://registry.npmjs.org/log-symbols set size:31977 disposed:false
1035 silly fetch manifest cli-spinners@^2.5.0
1036 silly packumentCache full:https://registry.npmjs.org/cli-spinners cache-miss
1037 http cache https://registry.npmjs.org/cli-cursor 95ms (cache hit)
1038 silly packumentCache full:https://registry.npmjs.org/cli-cursor set size:18913 disposed:false
1039 silly fetch manifest is-interactive@^1.0.0
1040 silly packumentCache full:https://registry.npmjs.org/is-interactive cache-miss
1041 http cache https://registry.npmjs.org/strip-ansi 90ms (cache hit)
1042 silly packumentCache full:https://registry.npmjs.org/strip-ansi set size:44998 disposed:false
1043 silly fetch manifest is-unicode-supported@^0.1.0
1044 silly packumentCache full:https://registry.npmjs.org/is-unicode-supported cache-miss
1045 http cache https://registry.npmjs.org/cli-spinners 41ms (cache hit)
1046 silly packumentCache full:https://registry.npmjs.org/cli-spinners set size:67473 disposed:false
1047 silly fetch manifest enhanced-resolve@^5.7.0
1048 silly packumentCache full:https://registry.npmjs.org/enhanced-resolve cache-hit
1049 silly fetch manifest watchpack@^2.5.1
1050 silly packumentCache full:https://registry.npmjs.org/watchpack cache-hit
1051 silly fetch manifest loader-runner@^4.3.1
1052 silly packumentCache full:https://registry.npmjs.org/loader-runner cache-miss
1053 http cache https://registry.npmjs.org/is-unicode-supported 25ms (cache hit)
1054 silly packumentCache full:https://registry.npmjs.org/is-unicode-supported set size:19461 disposed:false
1055 silly fetch manifest glob-to-regexp@^0.4.1
1056 silly packumentCache full:https://registry.npmjs.org/glob-to-regexp cache-miss
1057 http cache https://registry.npmjs.org/is-interactive 30ms (cache hit)
1058 silly packumentCache full:https://registry.npmjs.org/is-interactive set size:10692 disposed:false
1059 silly fetch manifest es-module-lexer@^2.0.0
1060 silly packumentCache full:https://registry.npmjs.org/es-module-lexer cache-hit
1061 silly fetch manifest webpack-sources@^3.3.4
1062 silly packumentCache full:https://registry.npmjs.org/webpack-sources cache-hit
1063 silly fetch manifest enhanced-resolve@^5.20.0
1064 silly packumentCache full:https://registry.npmjs.org/enhanced-resolve cache-hit
1065 silly fetch manifest @types/eslint-scope@^3.7.7
1066 silly packumentCache full:https://registry.npmjs.org/@types%2feslint-scope cache-miss
1067 http cache https://registry.npmjs.org/loader-runner 33ms (cache hit)
1068 silly packumentCache full:https://registry.npmjs.org/loader-runner set size:41628 disposed:false
1069 silly fetch manifest acorn-import-phases@^1.0.3
1070 silly packumentCache full:https://registry.npmjs.org/acorn-import-phases cache-miss
1071 http cache https://registry.npmjs.org/glob-to-regexp 35ms (cache hit)
1072 silly packumentCache full:https://registry.npmjs.org/glob-to-regexp set size:15844 disposed:false
1073 silly fetch manifest terser-webpack-plugin@^5.3.17
1074 silly packumentCache full:https://registry.npmjs.org/terser-webpack-plugin cache-miss
1075 http cache https://registry.npmjs.org/@types%2feslint-scope 35ms (cache hit)
1076 silly packumentCache full:https://registry.npmjs.org/@types%2feslint-scope set size:25267 disposed:false
1077 http cache https://registry.npmjs.org/acorn-import-phases 30ms (cache hit)
1078 silly packumentCache full:https://registry.npmjs.org/acorn-import-phases set size:11206 disposed:false
1079 http cache https://registry.npmjs.org/terser-webpack-plugin 26ms (cache hit)
1080 silly packumentCache full:https://registry.npmjs.org/terser-webpack-plugin set size:430998 disposed:false
1081 silly placeDep node_modules/@angular-devkit/core ajv@8.18.0 OK for: @angular-devkit/core@19.2.27 want: 8.18.0
1082 silly placeDep ROOT ajv-formats@3.0.1 OK for: @angular-devkit/core@19.2.27 want: 3.0.1
1083 silly placeDep ROOT jsonc-parser@3.3.1 OK for: @angular-devkit/core@19.2.27 want: 3.3.1
1084 silly placeDep ROOT picomatch@4.0.4 OK for: @angular-devkit/core@19.2.27 want: 4.0.4
1085 silly placeDep node_modules/@angular-devkit/core rxjs@7.8.1 OK for: @angular-devkit/core@19.2.27 want: 7.8.1
1086 silly placeDep ROOT source-map@0.7.4 OK for: @angular-devkit/core@19.2.27 want: 0.7.4
1087 silly fetch manifest fast-uri@^3.0.1
1088 silly packumentCache full:https://registry.npmjs.org/fast-uri cache-miss
1089 silly fetch manifest require-from-string@^2.0.2
1090 silly packumentCache full:https://registry.npmjs.org/require-from-string cache-miss
1091 silly fetch manifest json-schema-traverse@^1.0.0
1092 silly packumentCache full:https://registry.npmjs.org/json-schema-traverse cache-hit
1093 silly fetch manifest ajv@^8.0.0
1094 silly packumentCache full:https://registry.npmjs.org/ajv cache-miss
1095 http cache https://registry.npmjs.org/fast-uri 15ms (cache hit)
1096 silly packumentCache full:https://registry.npmjs.org/fast-uri set size:91614 disposed:false
1097 http cache https://registry.npmjs.org/ajv 17ms (cache hit)
1098 silly packumentCache full:https://registry.npmjs.org/ajv set size:1142658 disposed:false
1099 http cache https://registry.npmjs.org/require-from-string 30ms (cache hit)
1100 silly packumentCache full:https://registry.npmjs.org/require-from-string set size:15128 disposed:false
1101 silly placeDep ROOT magic-string@0.30.17 OK for: @angular-devkit/schematics@19.2.27 want: 0.30.17
1102 silly placeDep node_modules/@angular-devkit/schematics rxjs@7.8.1 OK for: @angular-devkit/schematics@19.2.27 want: 7.8.1
1103 silly fetch manifest @jridgewell/sourcemap-codec@^1.5.0
1104 silly packumentCache full:https://registry.npmjs.org/@jridgewell%2fsourcemap-codec cache-miss
1105 http cache https://registry.npmjs.org/@jridgewell%2fsourcemap-codec 11ms (cache hit)
1106 silly packumentCache full:https://registry.npmjs.org/@jridgewell%2fsourcemap-codec set size:51856 disposed:false
1107 silly placeDep node_modules/@angular-devkit/schematics-cli @inquirer/prompts@7.3.2 OK for: @angular-devkit/schematics-cli@19.2.27 want: 7.3.2
1108 silly placeDep ROOT ansi-colors@4.1.3 OK for: @angular-devkit/schematics-cli@19.2.27 want: 4.1.3
1109 silly placeDep ROOT symbol-observable@4.0.0 OK for: @angular-devkit/schematics-cli@19.2.27 want: 4.0.0
1110 silly placeDep ROOT yargs-parser@21.1.1 OK for: @angular-devkit/schematics-cli@19.2.27 want: 21.1.1
1111 silly fetch manifest @inquirer/input@^4.1.6
1112 silly packumentCache full:https://registry.npmjs.org/@inquirer%2finput cache-hit
1113 silly fetch manifest @inquirer/editor@^4.2.7
1114 silly packumentCache full:https://registry.npmjs.org/@inquirer%2feditor cache-hit
1115 silly fetch manifest @inquirer/expand@^4.0.9
1116 silly packumentCache full:https://registry.npmjs.org/@inquirer%2fexpand cache-hit
1117 silly fetch manifest @inquirer/number@^3.0.9
1118 silly packumentCache full:https://registry.npmjs.org/@inquirer%2fnumber cache-hit
1119 silly fetch manifest @inquirer/search@^3.0.9
1120 silly packumentCache full:https://registry.npmjs.org/@inquirer%2fsearch cache-hit
1121 silly fetch manifest @inquirer/select@^4.0.9
1122 silly packumentCache full:https://registry.npmjs.org/@inquirer%2fselect cache-hit
1123 silly fetch manifest @inquirer/confirm@^5.1.6
1124 silly packumentCache full:https://registry.npmjs.org/@inquirer%2fconfirm cache-hit
1125 silly fetch manifest @inquirer/rawlist@^4.0.9
1126 silly packumentCache full:https://registry.npmjs.org/@inquirer%2frawlist cache-hit
1127 silly fetch manifest @inquirer/checkbox@^4.1.2
1128 silly packumentCache full:https://registry.npmjs.org/@inquirer%2fcheckbox cache-hit
1129 silly fetch manifest @inquirer/password@^4.0.9
1130 silly packumentCache full:https://registry.npmjs.org/@inquirer%2fpassword cache-hit
1131 silly placeDep ROOT @inquirer/checkbox@4.3.2 OK for: @inquirer/prompts@7.10.1 want: ^4.3.2
1132 silly placeDep ROOT @inquirer/confirm@5.1.21 OK for: @inquirer/prompts@7.10.1 want: ^5.1.21
1133 silly placeDep ROOT @inquirer/editor@4.2.23 OK for: @inquirer/prompts@7.10.1 want: ^4.2.23
1134 silly placeDep ROOT @inquirer/expand@4.0.23 OK for: @inquirer/prompts@7.10.1 want: ^4.0.23
1135 silly placeDep ROOT @inquirer/input@4.3.1 OK for: @inquirer/prompts@7.10.1 want: ^4.3.1
1136 silly placeDep ROOT @inquirer/number@3.0.23 OK for: @inquirer/prompts@7.10.1 want: ^3.0.23
1137 silly placeDep ROOT @inquirer/password@4.0.23 OK for: @inquirer/prompts@7.10.1 want: ^4.0.23
1138 silly placeDep ROOT @inquirer/rawlist@4.1.11 OK for: @inquirer/prompts@7.10.1 want: ^4.1.11
1139 silly placeDep ROOT @inquirer/search@3.2.2 OK for: @inquirer/prompts@7.10.1 want: ^3.2.2
1140 silly placeDep ROOT @inquirer/select@4.4.2 OK for: @inquirer/prompts@7.10.1 want: ^4.4.2
1141 silly fetch manifest @inquirer/ansi@^1.0.2
1142 silly packumentCache full:https://registry.npmjs.org/@inquirer%2fansi cache-miss
1143 silly fetch manifest @inquirer/core@^10.3.2
1144 silly packumentCache full:https://registry.npmjs.org/@inquirer%2fcore cache-miss
1145 silly fetch manifest @inquirer/type@^3.0.10
1146 silly packumentCache full:https://registry.npmjs.org/@inquirer%2ftype cache-miss
1147 http cache https://registry.npmjs.org/@inquirer%2fansi 34ms (cache hit)
1148 silly packumentCache full:https://registry.npmjs.org/@inquirer%2fansi set size:29199 disposed:false
1149 silly fetch manifest yoctocolors-cjs@^2.1.3
1150 silly packumentCache full:https://registry.npmjs.org/yoctocolors-cjs cache-miss
1151 http cache https://registry.npmjs.org/@inquirer%2ftype 36ms (cache hit)
1152 silly packumentCache full:https://registry.npmjs.org/@inquirer%2ftype set size:119899 disposed:false
1153 silly fetch manifest @inquirer/figures@^1.0.15
1154 silly packumentCache full:https://registry.npmjs.org/@inquirer%2ffigures cache-miss
1155 http cache https://registry.npmjs.org/@inquirer%2fcore 43ms (cache hit)
1156 silly packumentCache full:https://registry.npmjs.org/@inquirer%2fcore set size:353358 disposed:false
1157 silly fetch manifest @inquirer/external-editor@^1.0.3
1158 silly packumentCache full:https://registry.npmjs.org/@inquirer%2fexternal-editor cache-miss
1159 http cache https://registry.npmjs.org/yoctocolors-cjs 40ms (cache hit)
1160 silly packumentCache full:https://registry.npmjs.org/yoctocolors-cjs set size:12865 disposed:false
1161 silly fetch manifest @inquirer/figures@^1.0.15
1162 silly packumentCache full:https://registry.npmjs.org/@inquirer%2ffigures cache-miss
1163 http cache https://registry.npmjs.org/@inquirer%2fexternal-editor 28ms (cache hit)
1164 silly packumentCache full:https://registry.npmjs.org/@inquirer%2fexternal-editor set size:41046 disposed:false
1165 silly fetch manifest @inquirer/figures@^1.0.15
1166 silly packumentCache full:https://registry.npmjs.org/@inquirer%2ffigures cache-miss
1167 http cache https://registry.npmjs.org/@inquirer%2ffigures 45ms (cache hit)
1168 silly packumentCache full:https://registry.npmjs.org/@inquirer%2ffigures set size:57318 disposed:false
1169 http cache https://registry.npmjs.org/@inquirer%2ffigures 14ms (cache hit)
1170 silly packumentCache full:https://registry.npmjs.org/@inquirer%2ffigures set size:57318 disposed:false
1171 silly packumentCache full:https://registry.npmjs.org/@inquirer%2ffigures dispose
1172 http cache https://registry.npmjs.org/@inquirer%2ffigures 22ms (cache hit)
1173 silly packumentCache full:https://registry.npmjs.org/@inquirer%2ffigures set size:57318 disposed:true
1174 silly packumentCache full:https://registry.npmjs.org/@inquirer%2ffigures dispose
1175 silly placeDep ROOT @inquirer/ansi@1.0.2 OK for: @inquirer/checkbox@4.3.2 want: ^1.0.2
1176 silly placeDep ROOT @inquirer/core@10.3.2 OK for: @inquirer/checkbox@4.3.2 want: ^10.3.2
1177 silly placeDep ROOT @inquirer/figures@1.0.15 OK for: @inquirer/checkbox@4.3.2 want: ^1.0.15
1178 silly placeDep ROOT @inquirer/type@3.0.10 OK for: @inquirer/checkbox@4.3.2 want: ^3.0.10
1179 silly placeDep ROOT yoctocolors-cjs@2.1.3 OK for: @inquirer/checkbox@4.3.2 want: ^2.1.3
1180 silly fetch manifest cli-width@^4.1.0
1181 silly packumentCache full:https://registry.npmjs.org/cli-width cache-miss
1182 silly fetch manifest wrap-ansi@^6.2.0
1183 silly packumentCache full:https://registry.npmjs.org/wrap-ansi cache-miss
1184 silly fetch manifest mute-stream@^2.0.0
1185 silly packumentCache full:https://registry.npmjs.org/mute-stream cache-miss
1186 http cache https://registry.npmjs.org/cli-width 15ms (cache hit)
1187 silly packumentCache full:https://registry.npmjs.org/cli-width set size:24976 disposed:false
1188 silly fetch manifest signal-exit@^4.1.0
1189 silly packumentCache full:https://registry.npmjs.org/signal-exit cache-miss
1190 http cache https://registry.npmjs.org/mute-stream 16ms (cache hit)
1191 silly packumentCache full:https://registry.npmjs.org/mute-stream set size:24413 disposed:false
1192 http cache https://registry.npmjs.org/wrap-ansi 19ms (cache hit)
1193 silly packumentCache full:https://registry.npmjs.org/wrap-ansi set size:55299 disposed:false
1194 http cache https://registry.npmjs.org/signal-exit 14ms (cache hit)
1195 silly packumentCache full:https://registry.npmjs.org/signal-exit set size:53489 disposed:false
1196 silly placeDep ROOT cli-width@4.1.0 OK for: @inquirer/core@10.3.2 want: ^4.1.0
1197 silly placeDep ROOT mute-stream@2.0.0 OK for: @inquirer/core@10.3.2 want: ^2.0.0
1198 silly placeDep ROOT signal-exit@4.1.0 OK for: @inquirer/core@10.3.2 want: ^4.1.0
1199 silly placeDep ROOT wrap-ansi@6.2.0 OK for: @inquirer/core@10.3.2 want: ^6.2.0
1200 silly fetch manifest ansi-styles@^4.0.0
1201 silly packumentCache full:https://registry.npmjs.org/ansi-styles cache-miss
1202 silly fetch manifest string-width@^4.1.0
1203 silly packumentCache full:https://registry.npmjs.org/string-width cache-hit
1204 http cache https://registry.npmjs.org/ansi-styles 11ms (cache hit)
1205 silly packumentCache full:https://registry.npmjs.org/ansi-styles set size:71772 disposed:false
1206 silly placeDep ROOT @inquirer/external-editor@1.0.3 OK for: @inquirer/editor@4.2.23 want: ^1.0.3
1207 silly fetch manifest chardet@^2.1.1
1208 silly packumentCache full:https://registry.npmjs.org/chardet cache-miss
1209 silly fetch manifest iconv-lite@^0.7.0
1210 silly packumentCache full:https://registry.npmjs.org/iconv-lite cache-miss
1211 http cache https://registry.npmjs.org/chardet 14ms (cache hit)
1212 silly packumentCache full:https://registry.npmjs.org/chardet set size:73855 disposed:false
1213 http cache https://registry.npmjs.org/iconv-lite 16ms (cache hit)
1214 silly packumentCache full:https://registry.npmjs.org/iconv-lite set size:126462 disposed:false
1215 silly placeDep ROOT chardet@2.2.0 OK for: @inquirer/external-editor@1.0.3 want: ^2.1.1
1216 silly placeDep ROOT iconv-lite@0.7.3 OK for: @inquirer/external-editor@1.0.3 want: ^0.7.0
1217 silly fetch manifest safer-buffer@>= 2.1.2 < 3.0.0
1218 silly packumentCache full:https://registry.npmjs.org/safer-buffer cache-miss
1219 http cache https://registry.npmjs.org/safer-buffer 12ms (cache hit)
1220 silly packumentCache full:https://registry.npmjs.org/safer-buffer set size:18521 disposed:false
1221 silly placeDep ROOT file-type@21.3.4 OK for: @nestjs/common@11.1.29 want: 21.3.4
1222 silly placeDep ROOT iterare@1.2.1 OK for: @nestjs/common@11.1.29 want: 1.2.1
1223 silly placeDep ROOT load-esm@1.0.3 OK for: @nestjs/common@11.1.29 want: 1.0.3
1224 silly placeDep ROOT tslib@2.8.1 OK for: @nestjs/common@11.1.29 want: 2.8.1
1225 silly placeDep ROOT uid@2.0.2 OK for: @nestjs/common@11.1.29 want: 2.0.2
1226 silly fetch manifest strtok3@^10.3.4
1227 silly packumentCache full:https://registry.npmjs.org/strtok3 cache-miss
1228 silly fetch manifest token-types@^6.1.1
1229 silly packumentCache full:https://registry.npmjs.org/token-types cache-miss
1230 silly fetch manifest uint8array-extras@^1.4.0
1231 silly packumentCache full:https://registry.npmjs.org/uint8array-extras cache-miss
1232 http fetch GET 200 https://registry.npmjs.org/uint8array-extras 353ms (cache miss)
1233 silly packumentCache full:https://registry.npmjs.org/uint8array-extras set size:undefined disposed:false
1234 silly fetch manifest @tokenizer/inflate@^0.4.1
1235 silly packumentCache full:https://registry.npmjs.org/@tokenizer%2finflate cache-miss
1236 http fetch GET 200 https://registry.npmjs.org/strtok3 360ms (cache miss)
1237 silly packumentCache full:https://registry.npmjs.org/strtok3 set size:undefined disposed:false
1238 silly fetch manifest @lukeed/csprng@^1.0.0
1239 silly packumentCache full:https://registry.npmjs.org/@lukeed%2fcsprng cache-miss
1240 http fetch GET 200 https://registry.npmjs.org/token-types 368ms (cache miss)
1241 silly packumentCache full:https://registry.npmjs.org/token-types set size:undefined disposed:false
1242 http fetch GET 200 https://registry.npmjs.org/@tokenizer%2finflate 715ms (cache miss)
1243 silly packumentCache full:https://registry.npmjs.org/@tokenizer%2finflate set size:undefined disposed:false
1244 http fetch GET 200 https://registry.npmjs.org/@lukeed%2fcsprng 710ms (cache miss)
1245 silly packumentCache full:https://registry.npmjs.org/@lukeed%2fcsprng set size:undefined disposed:false
1246 silly placeDep ROOT fast-safe-stringify@2.1.1 OK for: @nestjs/core@11.1.29 want: 2.1.1
1247 silly placeDep ROOT path-to-regexp@8.4.2 OK for: @nestjs/core@11.1.29 want: 8.4.2
1248 silly placeDep ROOT cors@2.8.6 OK for: @nestjs/platform-express@11.1.29 want: 2.8.6
1249 silly placeDep ROOT express@5.2.1 OK for: @nestjs/platform-express@11.1.29 want: 5.2.1
1250 silly placeDep ROOT multer@2.2.0 OK for: @nestjs/platform-express@11.1.29 want: 2.2.0
1251 silly fetch manifest object-assign@^4
1252 silly packumentCache full:https://registry.npmjs.org/object-assign cache-miss
1253 silly fetch manifest vary@^1
1254 silly packumentCache full:https://registry.npmjs.org/vary cache-miss
1255 silly fetch manifest qs@^6.14.0
1256 silly packumentCache full:https://registry.npmjs.org/qs cache-miss
1257 http cache https://registry.npmjs.org/vary 94ms (cache hit)
1258 silly packumentCache full:https://registry.npmjs.org/vary set size:15994 disposed:false
1259 silly fetch manifest depd@^2.0.0
1260 silly packumentCache full:https://registry.npmjs.org/depd cache-miss
1261 http cache https://registry.npmjs.org/qs 99ms (cache hit)
1262 silly packumentCache full:https://registry.npmjs.org/qs set size:360318 disposed:false
1263 silly fetch manifest etag@^1.8.1
1264 silly packumentCache full:https://registry.npmjs.org/etag cache-miss
1265 http cache https://registry.npmjs.org/depd 107ms (cache hit)
1266 silly packumentCache full:https://registry.npmjs.org/depd set size:40182 disposed:false
1267 silly fetch manifest once@^1.4.0
1268 silly packumentCache full:https://registry.npmjs.org/once cache-miss
1269 http cache https://registry.npmjs.org/etag 106ms (cache hit)
1270 silly packumentCache full:https://registry.npmjs.org/etag set size:30032 disposed:false
1271 silly fetch manifest send@^1.1.0
1272 silly packumentCache full:https://registry.npmjs.org/send cache-miss
1273 http cache https://registry.npmjs.org/object-assign 245ms (cache hit)
1274 silly packumentCache full:https://registry.npmjs.org/object-assign set size:28988 disposed:false
1275 silly fetch manifest vary@^1.1.2
1276 silly packumentCache full:https://registry.npmjs.org/vary cache-hit
1277 silly fetch manifest fresh@^2.0.0
1278 silly packumentCache full:https://registry.npmjs.org/fresh cache-miss
1279 http cache https://registry.npmjs.org/once 84ms (cache hit)
1280 silly packumentCache full:https://registry.npmjs.org/once set size:11752 disposed:false
1281 silly fetch manifest cookie@^0.7.1
1282 silly packumentCache full:https://registry.npmjs.org/cookie cache-miss
1283 http cache https://registry.npmjs.org/send 69ms (cache hit)
1284 silly packumentCache full:https://registry.npmjs.org/send set size:152810 disposed:false
1285 silly fetch manifest router@^2.2.0
1286 silly packumentCache full:https://registry.npmjs.org/router cache-miss
1287 http cache https://registry.npmjs.org/fresh 47ms (cache hit)
1288 silly packumentCache full:https://registry.npmjs.org/fresh set size:25427 disposed:false
1289 silly fetch manifest accepts@^2.0.0
1290 silly packumentCache full:https://registry.npmjs.org/accepts cache-miss
1291 http cache https://registry.npmjs.org/router 24ms (cache hit)
1292 silly packumentCache full:https://registry.npmjs.org/router set size:116499 disposed:false
1293 silly fetch manifest type-is@^2.0.1
1294 silly packumentCache full:https://registry.npmjs.org/type-is cache-miss
1295 http cache https://registry.npmjs.org/cookie 44ms (cache hit)
1296 silly packumentCache full:https://registry.npmjs.org/cookie set size:78274 disposed:false
1297 silly fetch manifest parseurl@^1.3.3
1298 silly packumentCache full:https://registry.npmjs.org/parseurl cache-miss
1299 http cache https://registry.npmjs.org/accepts 35ms (cache hit)
1300 silly packumentCache full:https://registry.npmjs.org/accepts set size:77054 disposed:false
1301 silly fetch manifest statuses@^2.0.1
1302 silly packumentCache full:https://registry.npmjs.org/statuses cache-miss
1303 http cache https://registry.npmjs.org/parseurl 29ms (cache hit)
1304 silly packumentCache full:https://registry.npmjs.org/parseurl set size:24148 disposed:false
1305 silly fetch manifest encodeurl@^2.0.0
1306 silly packumentCache full:https://registry.npmjs.org/encodeurl cache-miss
1307 http cache https://registry.npmjs.org/type-is 41ms (cache hit)
1308 silly packumentCache full:https://registry.npmjs.org/type-is set size:88614 disposed:false
1309 silly fetch manifest mime-types@^3.0.0
1310 silly packumentCache full:https://registry.npmjs.org/mime-types cache-miss
1311 http cache https://registry.npmjs.org/statuses 31ms (cache hit)
1312 silly packumentCache full:https://registry.npmjs.org/statuses set size:37117 disposed:false
1313 silly fetch manifest proxy-addr@^2.0.7
1314 silly packumentCache full:https://registry.npmjs.org/proxy-addr cache-miss
1315 http cache https://registry.npmjs.org/encodeurl 34ms (cache hit)
1316 silly packumentCache full:https://registry.npmjs.org/encodeurl set size:12296 disposed:false
1317 silly fetch manifest body-parser@^2.2.1
1318 silly packumentCache full:https://registry.npmjs.org/body-parser cache-miss
1319 http cache https://registry.npmjs.org/mime-types 32ms (cache hit)
1320 silly packumentCache full:https://registry.npmjs.org/mime-types set size:139110 disposed:false
1321 silly fetch manifest escape-html@^1.0.3
1322 silly packumentCache full:https://registry.npmjs.org/escape-html cache-miss
1323 http cache https://registry.npmjs.org/proxy-addr 33ms (cache hit)
1324 silly packumentCache full:https://registry.npmjs.org/proxy-addr set size:61619 disposed:false
1325 silly fetch manifest http-errors@^2.0.0
1326 silly packumentCache full:https://registry.npmjs.org/http-errors cache-miss
1327 http cache https://registry.npmjs.org/escape-html 21ms (cache hit)
1328 silly packumentCache full:https://registry.npmjs.org/escape-html set size:7345 disposed:false
1329 silly fetch manifest on-finished@^2.4.1
1330 silly packumentCache full:https://registry.npmjs.org/on-finished cache-miss
1331 http cache https://registry.npmjs.org/body-parser 34ms (cache hit)
1332 silly packumentCache full:https://registry.npmjs.org/body-parser set size:204559 disposed:false
1333 silly fetch manifest content-type@^1.0.5
1334 silly packumentCache full:https://registry.npmjs.org/content-type cache-miss
1335 http cache https://registry.npmjs.org/http-errors 70ms (cache hit)
1336 silly packumentCache full:https://registry.npmjs.org/http-errors set size:71987 disposed:false
1337 silly fetch manifest finalhandler@^2.1.0
1338 silly packumentCache full:https://registry.npmjs.org/finalhandler cache-miss
1339 http cache https://registry.npmjs.org/on-finished 103ms (cache hit)
1340 silly packumentCache full:https://registry.npmjs.org/on-finished set size:23212 disposed:false
1341 silly fetch manifest range-parser@^1.2.1
1342 silly packumentCache full:https://registry.npmjs.org/range-parser cache-miss
1343 http cache https://registry.npmjs.org/content-type 68ms (cache hit)
1344 silly packumentCache full:https://registry.npmjs.org/content-type set size:18994 disposed:false
1345 silly fetch manifest serve-static@^2.2.0
1346 silly packumentCache full:https://registry.npmjs.org/serve-static cache-miss
1347 http cache https://registry.npmjs.org/finalhandler 39ms (cache hit)
1348 silly packumentCache full:https://registry.npmjs.org/finalhandler set size:79291 disposed:false
1349 silly fetch manifest cookie-signature@^1.2.1
1350 silly packumentCache full:https://registry.npmjs.org/cookie-signature cache-hit
1351 silly fetch manifest merge-descriptors@^2.0.0
1352 silly packumentCache full:https://registry.npmjs.org/merge-descriptors cache-miss
1353 http cache https://registry.npmjs.org/range-parser 37ms (cache hit)
1354 silly packumentCache full:https://registry.npmjs.org/range-parser set size:24852 disposed:false
1355 silly fetch manifest content-disposition@^1.0.0
1356 silly packumentCache full:https://registry.npmjs.org/content-disposition cache-miss
1357 http cache https://registry.npmjs.org/merge-descriptors 32ms (cache hit)
1358 silly packumentCache full:https://registry.npmjs.org/merge-descriptors set size:16527 disposed:false
1359 silly fetch manifest append-field@^1.0.0
1360 silly packumentCache full:https://registry.npmjs.org/append-field cache-miss
1361 http cache https://registry.npmjs.org/serve-static 43ms (cache hit)
1362 silly packumentCache full:https://registry.npmjs.org/serve-static set size:150391 disposed:false
1363 silly fetch manifest busboy@^1.6.0
1364 silly packumentCache full:https://registry.npmjs.org/busboy cache-miss
1365 http cache https://registry.npmjs.org/content-disposition 43ms (cache hit)
1366 silly packumentCache full:https://registry.npmjs.org/content-disposition set size:42862 disposed:false
1367 silly fetch manifest concat-stream@^2.0.0
1368 silly packumentCache full:https://registry.npmjs.org/concat-stream cache-miss
1369 http fetch GET 200 https://registry.npmjs.org/append-field 63ms (cache miss)
1370 silly packumentCache full:https://registry.npmjs.org/append-field set size:undefined disposed:false
1371 silly fetch manifest type-is@^1.6.18
1372 silly packumentCache full:https://registry.npmjs.org/type-is cache-hit
1373 http fetch GET 200 https://registry.npmjs.org/concat-stream 34ms (cache miss)
1374 silly packumentCache full:https://registry.npmjs.org/concat-stream set size:undefined disposed:false
1375 http fetch GET 200 https://registry.npmjs.org/busboy 383ms (cache miss)
1376 silly packumentCache full:https://registry.npmjs.org/busboy set size:undefined disposed:false
1377 silly fetch manifest chokidar@^4.0.0
1378 silly packumentCache full:https://registry.npmjs.org/chokidar cache-hit
1379 silly placeDep node_modules/@nestjs/schematics @angular-devkit/core@19.2.24 OK for: @nestjs/schematics@11.1.0 want: 19.2.24
1380 silly placeDep node_modules/@nestjs/schematics @angular-devkit/schematics@19.2.24 OK for: @nestjs/schematics@11.1.0 want: 19.2.24
1381 silly placeDep ROOT comment-json@5.0.0 OK for: @nestjs/schematics@11.1.0 want: 5.0.0
1382 silly placeDep ROOT pluralize@8.0.0 OK for: @nestjs/schematics@11.1.0 want: 8.0.0
1383 silly fetch manifest array-timsort@^1.0.3
1384 silly packumentCache full:https://registry.npmjs.org/array-timsort cache-miss
1385 silly fetch manifest esprima@^4.0.1
1386 silly packumentCache full:https://registry.npmjs.org/esprima cache-miss
1387 http cache https://registry.npmjs.org/array-timsort 23ms (cache hit)
1388 silly packumentCache full:https://registry.npmjs.org/array-timsort set size:21524 disposed:false
1389 http cache https://registry.npmjs.org/esprima 23ms (cache hit)
1390 silly packumentCache full:https://registry.npmjs.org/esprima set size:118410 disposed:false
1391 silly placeDep ROOT @types/body-parser@1.19.6 OK for: @types/express@5.0.6 want: *
1392 silly placeDep ROOT @types/express-serve-static-core@5.1.3 OK for: @types/express@5.0.6 want: ^5.0.0
1393 silly placeDep ROOT @types/serve-static@2.2.0 OK for: @types/express@5.0.6 want: ^2
1394 silly fetch manifest @types/connect@*
1395 silly packumentCache full:https://registry.npmjs.org/@types%2fconnect cache-miss
1396 silly fetch manifest @types/qs@*
1397 silly packumentCache full:https://registry.npmjs.org/@types%2fqs cache-miss
1398 silly fetch manifest @types/send@*
1399 silly packumentCache full:https://registry.npmjs.org/@types%2fsend cache-miss
1400 http fetch GET 200 https://registry.npmjs.org/@types%2fqs 76ms (cache miss)
1401 silly packumentCache full:https://registry.npmjs.org/@types%2fqs set size:undefined disposed:false
1402 silly fetch manifest @types/range-parser@*
1403 silly packumentCache full:https://registry.npmjs.org/@types%2frange-parser cache-miss
1404 http fetch GET 200 https://registry.npmjs.org/@types%2fconnect 81ms (cache miss)
1405 silly packumentCache full:https://registry.npmjs.org/@types%2fconnect set size:undefined disposed:false
1406 silly fetch manifest @types/http-errors@*
1407 silly packumentCache full:https://registry.npmjs.org/@types%2fhttp-errors cache-miss
1408 http fetch GET 200 https://registry.npmjs.org/@types%2fsend 81ms (cache miss)
1409 silly packumentCache full:https://registry.npmjs.org/@types%2fsend set size:undefined disposed:false
1410 http fetch GET 200 https://registry.npmjs.org/@types%2frange-parser 35ms (cache miss)
1411 silly packumentCache full:https://registry.npmjs.org/@types%2frange-parser set size:undefined disposed:false
1412 http fetch GET 200 https://registry.npmjs.org/@types%2fhttp-errors 44ms (cache miss)
1413 silly packumentCache full:https://registry.npmjs.org/@types%2fhttp-errors set size:undefined disposed:false
1414 silly placeDep ROOT @types/connect@3.4.38 OK for: @types/body-parser@1.19.6 want: *
1415 silly placeDep ROOT @types/qs@6.15.1 OK for: @types/express-serve-static-core@5.1.3 want: *
1416 silly placeDep ROOT @types/range-parser@1.2.7 OK for: @types/express-serve-static-core@5.1.3 want: *
1417 silly placeDep ROOT @types/send@1.2.1 OK for: @types/express-serve-static-core@5.1.3 want: *
1418 silly placeDep ROOT expect@30.4.1 OK for: @types/jest@30.0.0 want: ^30.0.0
1419 silly placeDep ROOT pretty-format@30.4.1 OK for: @types/jest@30.0.0 want: ^30.0.0
1420 silly fetch manifest @jest/expect-utils@30.4.1
1421 silly packumentCache full:https://registry.npmjs.org/@jest%2fexpect-utils cache-miss
1422 silly fetch manifest @jest/get-type@30.1.0
1423 silly packumentCache full:https://registry.npmjs.org/@jest%2fget-type cache-miss
1424 silly fetch manifest jest-matcher-utils@30.4.1
1425 silly packumentCache full:https://registry.npmjs.org/jest-matcher-utils cache-miss
1426 http fetch GET 200 https://registry.npmjs.org/jest-matcher-utils 53ms (cache miss)
1427 silly packumentCache full:https://registry.npmjs.org/jest-matcher-utils set size:undefined disposed:false
1428 silly fetch manifest jest-message-util@30.4.1
1429 silly packumentCache full:https://registry.npmjs.org/jest-message-util cache-miss
1430 http fetch GET 200 https://registry.npmjs.org/jest-message-util 51ms (cache miss)
1431 silly packumentCache full:https://registry.npmjs.org/jest-message-util set size:undefined disposed:false
1432 silly fetch manifest jest-mock@30.4.1
1433 silly packumentCache full:https://registry.npmjs.org/jest-mock cache-miss
1434 http fetch GET 200 https://registry.npmjs.org/jest-mock 48ms (cache miss)
1435 silly packumentCache full:https://registry.npmjs.org/jest-mock set size:undefined disposed:false
1436 silly fetch manifest jest-util@30.4.1
1437 silly packumentCache full:https://registry.npmjs.org/jest-util cache-miss
1438 http cache https://registry.npmjs.org/jest-util 9ms (cache hit)
1439 silly packumentCache full:https://registry.npmjs.org/jest-util set size:587891 disposed:false
1440 silly fetch manifest @jest/schemas@30.4.1
1441 silly packumentCache full:https://registry.npmjs.org/@jest%2fschemas cache-miss
1442 http fetch GET 200 https://registry.npmjs.org/@jest%2fschemas 39ms (cache miss)
1443 silly packumentCache full:https://registry.npmjs.org/@jest%2fschemas set size:undefined disposed:false
1444 silly fetch manifest ansi-styles@^5.2.0
1445 silly packumentCache full:https://registry.npmjs.org/ansi-styles cache-hit
1446 silly fetch manifest react-is-18@npm:react-is@^18.3.1
1447 silly packumentCache full:https://registry.npmjs.org/react-is cache-miss
1448 http fetch GET 200 https://registry.npmjs.org/@jest%2fget-type 344ms (cache miss)
1449 silly packumentCache full:https://registry.npmjs.org/@jest%2fget-type set size:undefined disposed:false
1450 silly fetch manifest react-is-19@npm:react-is@^19.2.5
1451 silly packumentCache full:https://registry.npmjs.org/react-is cache-miss
1452 http fetch GET 200 https://registry.npmjs.org/react-is 238ms (cache miss)
1453 silly packumentCache full:https://registry.npmjs.org/react-is set size:undefined disposed:false
1454 http fetch GET 200 https://registry.npmjs.org/react-is 255ms (cache miss)
1455 silly packumentCache full:https://registry.npmjs.org/react-is set size:undefined disposed:false
1456 http fetch GET 200 https://registry.npmjs.org/@jest%2fexpect-utils 1265ms (cache miss)
1457 silly packumentCache full:https://registry.npmjs.org/@jest%2fexpect-utils set size:undefined disposed:false
1458 silly placeDep ROOT undici-types@7.18.2 OK for: @types/node@24.13.3 want: ~7.18.0
1459 silly placeDep ROOT @types/http-errors@2.0.5 OK for: @types/serve-static@2.2.0 want: *
1460 silly placeDep ROOT @types/methods@1.1.4 OK for: @types/supertest@7.2.1 want: ^1.1.4
1461 silly placeDep ROOT @types/superagent@8.1.11 OK for: @types/supertest@7.2.1 want: ^8.1.0
1462 silly fetch manifest form-data@^4.0.0
1463 silly packumentCache full:https://registry.npmjs.org/form-data cache-miss
1464 silly fetch manifest @types/cookiejar@^2.1.5
1465 silly packumentCache full:https://registry.npmjs.org/@types%2fcookiejar cache-miss
1466 http fetch GET 200 https://registry.npmjs.org/form-data 31ms (cache miss)
1467 silly packumentCache full:https://registry.npmjs.org/form-data set size:undefined disposed:false
1468 http fetch GET 200 https://registry.npmjs.org/@types%2fcookiejar 647ms (cache miss)
1469 silly packumentCache full:https://registry.npmjs.org/@types%2fcookiejar set size:undefined disposed:false
1470 silly placeDep ROOT @types/cookiejar@2.1.5 OK for: @types/superagent@8.1.11 want: ^2.1.5
1471 silly placeDep ROOT form-data@4.0.6 OK for: @types/superagent@8.1.11 want: ^4.0.0
1472 silly fetch manifest hasown@^2.0.4
1473 silly packumentCache full:https://registry.npmjs.org/hasown cache-miss
1474 silly fetch manifest asynckit@^0.4.0
1475 silly packumentCache full:https://registry.npmjs.org/asynckit cache-miss
1476 silly fetch manifest mime-types@^2.1.35
1477 silly packumentCache full:https://registry.npmjs.org/mime-types cache-hit
1478 silly fetch manifest combined-stream@^1.0.8
1479 silly packumentCache full:https://registry.npmjs.org/combined-stream cache-miss
1480 http cache https://registry.npmjs.org/hasown 30ms (cache hit)
1481 silly packumentCache full:https://registry.npmjs.org/hasown set size:18361 disposed:false
1482 silly fetch manifest es-set-tostringtag@^2.1.0
1483 silly packumentCache full:https://registry.npmjs.org/es-set-tostringtag cache-miss
1484 http fetch GET 200 https://registry.npmjs.org/combined-stream 62ms (cache miss)
1485 silly packumentCache full:https://registry.npmjs.org/combined-stream set size:undefined disposed:false
1486 http fetch GET 200 https://registry.npmjs.org/es-set-tostringtag 51ms (cache miss)
1487 silly packumentCache full:https://registry.npmjs.org/es-set-tostringtag set size:undefined disposed:false
1488 http fetch GET 200 https://registry.npmjs.org/asynckit 86ms (cache miss)
1489 silly packumentCache full:https://registry.npmjs.org/asynckit set size:undefined disposed:false
1490 silly placeDep ROOT fast-deep-equal@3.1.3 OK for: ajv@6.15.0 want: ^3.1.1
1491 silly placeDep ROOT fast-json-stable-stringify@2.1.0 OK for: ajv@6.15.0 want: ^2.0.0
1492 silly placeDep ROOT json-schema-traverse@0.4.1 OK for: ajv@6.15.0 want: ^0.4.1
1493 silly placeDep ROOT uri-js@4.4.1 OK for: ajv@6.15.0 want: ^4.2.2
1494 silly fetch manifest punycode@^2.1.0
1495 silly packumentCache full:https://registry.npmjs.org/punycode cache-miss
1496 http cache https://registry.npmjs.org/punycode 25ms (cache hit)
1497 silly packumentCache full:https://registry.npmjs.org/punycode set size:61278 disposed:false
1498 silly placeDep node_modules/ajv-formats ajv@8.20.0 OK for: ajv-formats@3.0.1 want: ^8.0.0
1499 silly placeDep ROOT readdirp@4.1.2 OK for: chokidar@4.0.3 want: ^4.0.1
1500 silly placeDep ROOT @colors/colors@1.5.0 OK for: cli-table3@0.6.5 want: 1.5.0
1501 silly placeDep ROOT string-width@4.2.3 OK for: cli-table3@0.6.5 want: ^4.2.0
1502 silly fetch manifest strip-ansi@^6.0.1
1503 silly packumentCache full:https://registry.npmjs.org/strip-ansi cache-hit
1504 silly fetch manifest emoji-regex@^8.0.0
1505 silly packumentCache full:https://registry.npmjs.org/emoji-regex cache-miss
1506 silly fetch manifest is-fullwidth-code-point@^3.0.0
1507 silly packumentCache full:https://registry.npmjs.org/is-fullwidth-code-point cache-miss
1508 http cache https://registry.npmjs.org/emoji-regex 23ms (cache hit)
1509 silly packumentCache full:https://registry.npmjs.org/emoji-regex set size:89064 disposed:false
1510 http cache https://registry.npmjs.org/is-fullwidth-code-point 26ms (cache hit)
1511 silly packumentCache full:https://registry.npmjs.org/is-fullwidth-code-point set size:14578 disposed:false
1512 silly placeDep ROOT array-timsort@1.0.3 OK for: comment-json@5.0.0 want: ^1.0.3
1513 silly placeDep ROOT esprima@4.0.1 OK for: comment-json@5.0.0 want: ^4.0.1
1514 silly placeDep ROOT object-assign@4.1.1 OK for: cors@2.8.6 want: ^4
1515 silly placeDep ROOT vary@1.1.2 OK for: cors@2.8.6 want: ^1
1516 silly placeDep ROOT ms@2.1.3 OK for: debug@4.4.3 want: ^2.1.3
1517 silly fetch manifest eslint@^6.0.0 || ^7.0.0 || >=8.0.0
1518 silly packumentCache full:https://registry.npmjs.org/eslint cache-miss
1519 http cache https://registry.npmjs.org/eslint 14ms (cache hit)
1520 silly packumentCache full:https://registry.npmjs.org/eslint set size:2048190 disposed:false
1521 silly placeDep ROOT @eslint-community/eslint-utils@4.10.1 OK for: eslint@9.39.5 want: ^4.8.0
1522 silly placeDep ROOT @eslint-community/regexpp@4.12.2 OK for: eslint@9.39.5 want: ^4.12.1
1523 silly placeDep ROOT @eslint/config-array@0.21.2 OK for: eslint@9.39.5 want: ^0.21.2
1524 silly placeDep ROOT @eslint/config-helpers@0.4.2 OK for: eslint@9.39.5 want: ^0.4.2
1525 silly placeDep ROOT @eslint/core@0.17.0 OK for: eslint@9.39.5 want: ^0.17.0
1526 silly placeDep ROOT @eslint/plugin-kit@0.4.1 OK for: eslint@9.39.5 want: ^0.4.1
1527 silly placeDep ROOT @humanfs/node@0.16.8 OK for: eslint@9.39.5 want: ^0.16.6
1528 silly placeDep ROOT @humanwhocodes/module-importer@1.0.1 OK for: eslint@9.39.5 want: ^1.0.1
1529 silly placeDep ROOT @humanwhocodes/retry@0.4.3 OK for: eslint@9.39.5 want: ^0.4.2
1530 silly placeDep ROOT @types/estree@1.0.9 OK for: eslint@9.39.5 want: ^1.0.6
1531 silly placeDep ROOT chalk@4.1.2 OK for: eslint@9.39.5 want: ^4.0.0
1532 silly placeDep ROOT cross-spawn@7.0.6 OK for: eslint@9.39.5 want: ^7.0.6
1533 silly placeDep ROOT escape-string-regexp@4.0.0 OK for: eslint@9.39.5 want: ^4.0.0
1534 silly placeDep ROOT eslint-scope@8.4.0 OK for: eslint@9.39.5 want: ^8.4.0
1535 silly placeDep ROOT eslint-visitor-keys@4.2.1 OK for: eslint@9.39.5 want: ^4.2.1
1536 silly placeDep ROOT esquery@1.7.0 OK for: eslint@9.39.5 want: ^1.5.0
1537 silly placeDep ROOT esutils@2.0.3 OK for: eslint@9.39.5 want: ^2.0.2
1538 silly placeDep ROOT file-entry-cache@8.0.0 OK for: eslint@9.39.5 want: ^8.0.0
1539 silly placeDep ROOT find-up@5.0.0 OK for: eslint@9.39.5 want: ^5.0.0
1540 silly placeDep ROOT glob-parent@6.0.2 OK for: eslint@9.39.5 want: ^6.0.2
1541 silly placeDep ROOT imurmurhash@0.1.4 OK for: eslint@9.39.5 want: ^0.1.4
1542 silly placeDep ROOT is-glob@4.0.3 OK for: eslint@9.39.5 want: ^4.0.0
1543 silly placeDep ROOT json-stable-stringify-without-jsonify@1.0.1 OK for: eslint@9.39.5 want: ^1.0.1
1544 silly placeDep ROOT lodash.merge@4.6.2 OK for: eslint@9.39.5 want: ^4.6.2
1545 silly placeDep ROOT natural-compare@1.4.0 OK for: eslint@9.39.5 want: ^1.4.0
1546 silly placeDep ROOT optionator@0.9.4 OK for: eslint@9.39.5 want: ^0.9.3
1547 silly fetch manifest eslint-visitor-keys@^3.4.3
1548 silly packumentCache full:https://registry.npmjs.org/eslint-visitor-keys cache-miss
1549 silly fetch manifest @eslint/object-schema@^2.1.7
1550 silly packumentCache full:https://registry.npmjs.org/@eslint%2fobject-schema cache-miss
1551 silly fetch manifest levn@^0.4.1
1552 silly packumentCache full:https://registry.npmjs.org/levn cache-miss
1553 http cache https://registry.npmjs.org/eslint-visitor-keys 12ms (cache hit)
1554 silly packumentCache full:https://registry.npmjs.org/eslint-visitor-keys set size:69949 disposed:false
1555 silly fetch manifest @humanwhocodes/retry@^0.4.0
1556 silly packumentCache full:https://registry.npmjs.org/@humanwhocodes%2fretry cache-miss
1557 http cache https://registry.npmjs.org/@humanwhocodes%2fretry 8ms (cache hit)
1558 silly packumentCache full:https://registry.npmjs.org/@humanwhocodes%2fretry set size:42348 disposed:false
1559 silly fetch manifest @humanfs/core@^0.19.2
1560 silly packumentCache full:https://registry.npmjs.org/@humanfs%2fcore cache-miss
1561 http fetch GET 200 https://registry.npmjs.org/levn 47ms (cache miss)
1562 silly packumentCache full:https://registry.npmjs.org/levn set size:undefined disposed:false
1563 silly fetch manifest @humanfs/types@^0.15.0
1564 silly packumentCache full:https://registry.npmjs.org/@humanfs%2ftypes cache-miss
1565 http fetch GET 200 https://registry.npmjs.org/@humanfs%2fcore 35ms (cache miss)
1566 silly packumentCache full:https://registry.npmjs.org/@humanfs%2fcore set size:undefined disposed:false
1567 silly fetch manifest ansi-styles@^4.1.0
1568 silly packumentCache full:https://registry.npmjs.org/ansi-styles cache-hit
1569 silly fetch manifest supports-color@^7.1.0
1570 silly packumentCache full:https://registry.npmjs.org/supports-color cache-miss
1571 http cache https://registry.npmjs.org/supports-color 10ms (cache hit)
1572 silly packumentCache full:https://registry.npmjs.org/supports-color set size:124169 disposed:false
1573 silly fetch manifest which@^2.0.1
1574 silly packumentCache full:https://registry.npmjs.org/which cache-miss
1575 http fetch GET 200 https://registry.npmjs.org/@humanfs%2ftypes 36ms (cache miss)
1576 silly packumentCache full:https://registry.npmjs.org/@humanfs%2ftypes set size:undefined disposed:false
1577 silly fetch manifest path-key@^3.1.0
1578 silly packumentCache full:https://registry.npmjs.org/path-key cache-miss
1579 http cache https://registry.npmjs.org/which 16ms (cache hit)
1580 silly packumentCache full:https://registry.npmjs.org/which set size:70087 disposed:false
1581 silly fetch manifest shebang-command@^2.0.0
1582 silly packumentCache full:https://registry.npmjs.org/shebang-command cache-miss
1583 http cache https://registry.npmjs.org/path-key 16ms (cache hit)
1584 silly packumentCache full:https://registry.npmjs.org/path-key set size:16975 disposed:false
1585 silly fetch manifest esrecurse@^4.3.0
1586 silly packumentCache full:https://registry.npmjs.org/esrecurse cache-miss
1587 http cache https://registry.npmjs.org/shebang-command 15ms (cache hit)
1588 silly packumentCache full:https://registry.npmjs.org/shebang-command set size:8525 disposed:false
1589 silly fetch manifest estraverse@^5.2.0
1590 silly packumentCache full:https://registry.npmjs.org/estraverse cache-miss
1591 http cache https://registry.npmjs.org/esrecurse 15ms (cache hit)
1592 silly packumentCache full:https://registry.npmjs.org/esrecurse set size:29005 disposed:false
1593 silly fetch manifest estraverse@^5.1.0
1594 silly packumentCache full:https://registry.npmjs.org/estraverse cache-miss
1595 http cache https://registry.npmjs.org/estraverse 15ms (cache hit)
1596 silly packumentCache full:https://registry.npmjs.org/estraverse set size:62412 disposed:false
1597 silly fetch manifest flat-cache@^4.0.0
1598 silly packumentCache full:https://registry.npmjs.org/flat-cache cache-miss
1599 http cache https://registry.npmjs.org/estraverse 14ms (cache hit)
1600 silly packumentCache full:https://registry.npmjs.org/estraverse set size:62412 disposed:false
1601 silly packumentCache full:https://registry.npmjs.org/estraverse dispose
1602 silly fetch manifest locate-path@^6.0.0
1603 silly packumentCache full:https://registry.npmjs.org/locate-path cache-miss
1604 http cache https://registry.npmjs.org/locate-path 15ms (cache hit)
1605 silly packumentCache full:https://registry.npmjs.org/locate-path set size:31329 disposed:false
1606 silly fetch manifest path-exists@^4.0.0
1607 silly packumentCache full:https://registry.npmjs.org/path-exists cache-miss
1608 http fetch GET 200 https://registry.npmjs.org/flat-cache 32ms (cache miss)
1609 silly packumentCache full:https://registry.npmjs.org/flat-cache set size:undefined disposed:false
1610 silly fetch manifest is-glob@^4.0.3
1611 silly packumentCache full:https://registry.npmjs.org/is-glob cache-hit
1612 silly fetch manifest is-extglob@^2.1.1
1613 silly packumentCache full:https://registry.npmjs.org/is-extglob cache-miss
1614 http cache https://registry.npmjs.org/path-exists 17ms (cache hit)
1615 silly packumentCache full:https://registry.npmjs.org/path-exists set size:13704 disposed:false
1616 silly fetch manifest prelude-ls@^1.2.1
1617 silly packumentCache full:https://registry.npmjs.org/prelude-ls cache-miss
1618 http cache https://registry.npmjs.org/is-extglob 12ms (cache hit)
1619 silly packumentCache full:https://registry.npmjs.org/is-extglob set size:11766 disposed:false
1620 silly fetch manifest deep-is@^0.1.3
1621 silly packumentCache full:https://registry.npmjs.org/deep-is cache-miss
1622 http fetch GET 200 https://registry.npmjs.org/prelude-ls 32ms (cache miss)
1623 silly packumentCache full:https://registry.npmjs.org/prelude-ls set size:undefined disposed:false
1624 silly fetch manifest word-wrap@^1.2.5
1625 silly packumentCache full:https://registry.npmjs.org/word-wrap cache-miss
1626 http fetch GET 200 https://registry.npmjs.org/deep-is 32ms (cache miss)
1627 silly packumentCache full:https://registry.npmjs.org/deep-is set size:undefined disposed:false
1628 silly fetch manifest type-check@^0.4.0
1629 silly packumentCache full:https://registry.npmjs.org/type-check cache-miss
1630 http fetch GET 200 https://registry.npmjs.org/type-check 53ms (cache miss)
1631 silly packumentCache full:https://registry.npmjs.org/type-check set size:undefined disposed:false
1632 silly fetch manifest fast-levenshtein@^2.0.6
1633 silly packumentCache full:https://registry.npmjs.org/fast-levenshtein cache-miss
1634 http fetch GET 200 https://registry.npmjs.org/word-wrap 64ms (cache miss)
1635 silly packumentCache full:https://registry.npmjs.org/word-wrap set size:undefined disposed:false
1636 http fetch GET 200 https://registry.npmjs.org/fast-levenshtein 32ms (cache miss)
1637 silly packumentCache full:https://registry.npmjs.org/fast-levenshtein set size:undefined disposed:false
1638 http fetch GET 200 https://registry.npmjs.org/@eslint%2fobject-schema 405ms (cache miss)
1639 silly packumentCache full:https://registry.npmjs.org/@eslint%2fobject-schema set size:undefined disposed:false
1640 silly placeDep node_modules/@eslint-community/eslint-utils eslint-visitor-keys@3.4.3 OK for: @eslint-community/eslint-utils@4.10.1 want: ^3.4.3
1641 silly placeDep ROOT @eslint/object-schema@2.1.7 OK for: @eslint/config-array@0.21.2 want: ^2.1.7
1642 silly placeDep ROOT @types/json-schema@7.0.15 OK for: @eslint/core@0.17.0 want: ^7.0.15
1643 silly placeDep ROOT levn@0.4.1 OK for: @eslint/plugin-kit@0.4.1 want: ^0.4.1
1644 silly fetch manifest type-check@~0.4.0
1645 silly packumentCache full:https://registry.npmjs.org/type-check cache-miss
1646 http cache https://registry.npmjs.org/type-check 16ms (cache hit)
1647 silly packumentCache full:https://registry.npmjs.org/type-check set size:21221 disposed:false
1648 silly placeDep ROOT @humanfs/core@0.19.2 OK for: @humanfs/node@0.16.8 want: ^0.19.2
1649 silly placeDep ROOT @humanfs/types@0.15.0 OK for: @humanfs/node@0.16.8 want: ^0.15.0
1650 silly placeDep ROOT ansi-styles@4.3.0 OK for: chalk@4.1.2 want: ^4.1.0
1651 silly placeDep ROOT supports-color@7.2.0 OK for: chalk@4.1.2 want: ^7.1.0
1652 silly fetch manifest color-convert@^2.0.1
1653 silly packumentCache full:https://registry.npmjs.org/color-convert cache-miss
1654 silly fetch manifest has-flag@^4.0.0
1655 silly packumentCache full:https://registry.npmjs.org/has-flag cache-miss
1656 http cache https://registry.npmjs.org/has-flag 35ms (cache hit)
1657 silly packumentCache full:https://registry.npmjs.org/has-flag set size:15180 disposed:false
1658 http cache https://registry.npmjs.org/color-convert 40ms (cache hit)
1659 silly packumentCache full:https://registry.npmjs.org/color-convert set size:72663 disposed:false
1660 silly placeDep ROOT color-convert@2.0.1 OK for: ansi-styles@4.3.0 want: ^2.0.1
1661 silly fetch manifest color-name@~1.1.4
1662 silly packumentCache full:https://registry.npmjs.org/color-name cache-miss
1663 http cache https://registry.npmjs.org/color-name 21ms (cache hit)
1664 silly packumentCache full:https://registry.npmjs.org/color-name set size:20968 disposed:false
1665 silly placeDep ROOT color-name@1.1.4 OK for: color-convert@2.0.1 want: ~1.1.4
1666 silly placeDep ROOT path-key@3.1.1 OK for: cross-spawn@7.0.6 want: ^3.1.0
1667 silly placeDep ROOT shebang-command@2.0.0 OK for: cross-spawn@7.0.6 want: ^2.0.0
1668 silly placeDep ROOT which@2.0.2 OK for: cross-spawn@7.0.6 want: ^2.0.1
1669 silly fetch manifest shebang-regex@^3.0.0
1670 silly packumentCache full:https://registry.npmjs.org/shebang-regex cache-miss
1671 silly fetch manifest isexe@^2.0.0
1672 silly packumentCache full:https://registry.npmjs.org/isexe cache-miss
1673 http cache https://registry.npmjs.org/shebang-regex 139ms (cache hit)
1674 silly packumentCache full:https://registry.npmjs.org/shebang-regex set size:9763 disposed:false
1675 http cache https://registry.npmjs.org/isexe 138ms (cache hit)
1676 silly packumentCache full:https://registry.npmjs.org/isexe set size:31756 disposed:false
1677 silly placeDep ROOT prettier-linter-helpers@1.0.1 OK for: eslint-plugin-prettier@5.5.6 want: ^1.0.1
1678 silly placeDep ROOT synckit@0.11.13 OK for: eslint-plugin-prettier@5.5.6 want: ^0.11.13
1679 silly fetch manifest fast-diff@^1.1.2
1680 silly packumentCache full:https://registry.npmjs.org/fast-diff cache-miss
1681 silly fetch manifest @pkgr/core@^0.3.6
1682 silly packumentCache full:https://registry.npmjs.org/@pkgr%2fcore cache-miss
1683 http fetch GET 200 https://registry.npmjs.org/fast-diff 66ms (cache miss)
1684 silly packumentCache full:https://registry.npmjs.org/fast-diff set size:undefined disposed:false
1685 http fetch GET 200 https://registry.npmjs.org/@pkgr%2fcore 73ms (cache miss)
1686 silly packumentCache full:https://registry.npmjs.org/@pkgr%2fcore set size:undefined disposed:false
1687 silly placeDep ROOT esrecurse@4.3.0 OK for: eslint-scope@8.4.0 want: ^4.3.0
1688 silly placeDep ROOT estraverse@5.3.0 OK for: eslint-scope@8.4.0 want: ^5.2.0
1689 silly placeDep ROOT acorn@8.18.0 OK for: espree@10.4.0 want: ^8.15.0
1690 silly placeDep ROOT acorn-jsx@5.3.2 OK for: espree@10.4.0 want: ^5.3.2
1691 silly placeDep ROOT @jest/expect-utils@30.4.1 OK for: expect@30.4.1 want: 30.4.1
1692 silly placeDep ROOT @jest/get-type@30.1.0 OK for: expect@30.4.1 want: 30.1.0
1693 silly placeDep ROOT jest-matcher-utils@30.4.1 OK for: expect@30.4.1 want: 30.4.1
1694 silly placeDep ROOT jest-message-util@30.4.1 OK for: expect@30.4.1 want: 30.4.1
1695 silly placeDep ROOT jest-mock@30.4.1 OK for: expect@30.4.1 want: 30.4.1
1696 silly placeDep ROOT jest-util@30.4.1 OK for: expect@30.4.1 want: 30.4.1
1697 silly fetch manifest jest-diff@30.4.1
1698 silly packumentCache full:https://registry.npmjs.org/jest-diff cache-miss
1699 silly fetch manifest @babel/code-frame@^7.27.1
1700 silly packumentCache full:https://registry.npmjs.org/@babel%2fcode-frame cache-hit
1701 silly fetch manifest @types/stack-utils@^2.0.3
1702 silly packumentCache full:https://registry.npmjs.org/@types%2fstack-utils cache-miss
1703 silly fetch manifest slash@^3.0.0
1704 silly packumentCache full:https://registry.npmjs.org/slash cache-miss
1705 http fetch GET 200 https://registry.npmjs.org/slash 34ms (cache miss)
1706 silly packumentCache full:https://registry.npmjs.org/slash set size:undefined disposed:false
1707 silly fetch manifest stack-utils@^2.0.6
1708 silly packumentCache full:https://registry.npmjs.org/stack-utils cache-miss
1709 http fetch GET 200 https://registry.npmjs.org/@types%2fstack-utils 39ms (cache miss)
1710 silly packumentCache full:https://registry.npmjs.org/@types%2fstack-utils set size:undefined disposed:false
1711 silly fetch manifest ci-info@^4.2.0
1712 silly packumentCache full:https://registry.npmjs.org/ci-info cache-miss
1713 http fetch GET 200 https://registry.npmjs.org/jest-diff 82ms (cache miss)
1714 silly packumentCache full:https://registry.npmjs.org/jest-diff set size:undefined disposed:false
1715 http fetch GET 200 https://registry.npmjs.org/ci-info 59ms (cache miss)
1716 silly packumentCache full:https://registry.npmjs.org/ci-info set size:undefined disposed:false
1717 http fetch GET 200 https://registry.npmjs.org/stack-utils 72ms (cache miss)
1718 silly packumentCache full:https://registry.npmjs.org/stack-utils set size:undefined disposed:false
1719 silly placeDep ROOT accepts@2.0.0 OK for: express@5.2.1 want: ^2.0.0
1720 silly placeDep ROOT body-parser@2.3.0 OK for: express@5.2.1 want: ^2.2.1
1721 silly placeDep ROOT content-disposition@1.1.0 OK for: express@5.2.1 want: ^1.0.0
1722 silly placeDep ROOT content-type@1.0.5 OK for: express@5.2.1 want: ^1.0.5
1723 silly placeDep ROOT cookie@0.7.2 OK for: express@5.2.1 want: ^0.7.1
1724 silly placeDep ROOT cookie-signature@1.2.2 OK for: express@5.2.1 want: ^1.2.1
1725 silly placeDep ROOT depd@2.0.0 OK for: express@5.2.1 want: ^2.0.0
1726 silly placeDep ROOT encodeurl@2.0.0 OK for: express@5.2.1 want: ^2.0.0
1727 silly placeDep ROOT escape-html@1.0.3 OK for: express@5.2.1 want: ^1.0.3
1728 silly placeDep ROOT etag@1.8.1 OK for: express@5.2.1 want: ^1.8.1
1729 silly placeDep ROOT finalhandler@2.1.1 OK for: express@5.2.1 want: ^2.1.0
1730 silly placeDep ROOT fresh@2.0.0 OK for: express@5.2.1 want: ^2.0.0
1731 silly placeDep ROOT http-errors@2.0.1 OK for: express@5.2.1 want: ^2.0.0
1732 silly placeDep ROOT merge-descriptors@2.0.0 OK for: express@5.2.1 want: ^2.0.0
1733 silly placeDep ROOT mime-types@3.0.2 OK for: express@5.2.1 want: ^3.0.0
1734 silly placeDep ROOT on-finished@2.4.1 OK for: express@5.2.1 want: ^2.4.1
1735 silly placeDep ROOT once@1.4.0 OK for: express@5.2.1 want: ^1.4.0
1736 silly placeDep ROOT parseurl@1.3.3 OK for: express@5.2.1 want: ^1.3.3
1737 silly placeDep ROOT proxy-addr@2.0.7 OK for: express@5.2.1 want: ^2.0.7
1738 silly placeDep ROOT qs@6.15.3 OK for: express@5.2.1 want: ^6.14.0
1739 silly placeDep ROOT range-parser@1.3.0 OK for: express@5.2.1 want: ^1.2.1
1740 silly placeDep ROOT router@2.2.0 OK for: express@5.2.1 want: ^2.2.0
1741 silly placeDep ROOT send@1.2.1 OK for: express@5.2.1 want: ^1.1.0
1742 silly placeDep ROOT serve-static@2.2.1 OK for: express@5.2.1 want: ^2.2.0
1743 silly placeDep ROOT statuses@2.0.2 OK for: express@5.2.1 want: ^2.0.1
1744 silly placeDep ROOT type-is@2.1.0 OK for: express@5.2.1 want: ^2.0.1
1745 silly fetch manifest negotiator@^1.0.0
1746 silly packumentCache full:https://registry.npmjs.org/negotiator cache-miss
1747 silly fetch manifest qs@^6.15.2
1748 silly packumentCache full:https://registry.npmjs.org/qs cache-hit
1749 silly fetch manifest bytes@^3.1.2
1750 silly packumentCache full:https://registry.npmjs.org/bytes cache-miss
1751 silly fetch manifest type-is@^2.1.0
1752 silly packumentCache full:https://registry.npmjs.org/type-is cache-hit
1753 silly fetch manifest raw-body@^3.0.2
1754 silly packumentCache full:https://registry.npmjs.org/raw-body cache-miss
1755 http cache https://registry.npmjs.org/negotiator 24ms (cache hit)
1756 silly packumentCache full:https://registry.npmjs.org/negotiator set size:48046 disposed:false
1757 silly fetch manifest http-errors@^2.0.1
1758 silly packumentCache full:https://registry.npmjs.org/http-errors cache-hit
1759 silly fetch manifest content-type@^2.0.0
1760 silly packumentCache full:https://registry.npmjs.org/content-type cache-hit
1761 silly fetch manifest inherits@~2.0.4
1762 silly packumentCache full:https://registry.npmjs.org/inherits cache-miss
1763 http cache https://registry.npmjs.org/raw-body 27ms (cache hit)
1764 silly packumentCache full:https://registry.npmjs.org/raw-body set size:120042 disposed:false
1765 silly fetch manifest setprototypeof@~1.2.0
1766 silly packumentCache full:https://registry.npmjs.org/setprototypeof cache-miss
1767 http cache https://registry.npmjs.org/bytes 34ms (cache hit)
1768 silly packumentCache full:https://registry.npmjs.org/bytes set size:37018 disposed:false
1769 silly fetch manifest statuses@~2.0.2
1770 silly packumentCache full:https://registry.npmjs.org/statuses cache-hit
1771 silly fetch manifest toidentifier@~1.0.1
1772 silly packumentCache full:https://registry.npmjs.org/toidentifier cache-miss
1773 http cache https://registry.npmjs.org/inherits 41ms (cache hit)
1774 silly packumentCache full:https://registry.npmjs.org/inherits set size:12925 disposed:false
1775 silly fetch manifest ee-first@1.1.1
1776 silly packumentCache full:https://registry.npmjs.org/ee-first cache-miss
1777 http cache https://registry.npmjs.org/setprototypeof 41ms (cache hit)
1778 silly packumentCache full:https://registry.npmjs.org/setprototypeof set size:14532 disposed:false
1779 silly fetch manifest wrappy@1
1780 silly packumentCache full:https://registry.npmjs.org/wrappy cache-miss
1781 http cache https://registry.npmjs.org/toidentifier 38ms (cache hit)
1782 silly packumentCache full:https://registry.npmjs.org/toidentifier set size:12006 disposed:false
1783 silly fetch manifest forwarded@0.2.0
1784 silly packumentCache full:https://registry.npmjs.org/forwarded cache-miss
1785 http cache https://registry.npmjs.org/forwarded 21ms (cache hit)
1786 silly packumentCache full:https://registry.npmjs.org/forwarded set size:11229 disposed:false
1787 silly fetch manifest ipaddr.js@1.9.1
1788 silly packumentCache full:https://registry.npmjs.org/ipaddr.js cache-miss
1789 http cache https://registry.npmjs.org/wrappy 32ms (cache hit)
1790 silly packumentCache full:https://registry.npmjs.org/wrappy set size:7682 disposed:false
1791 silly fetch manifest side-channel@^1.1.1
1792 silly packumentCache full:https://registry.npmjs.org/side-channel cache-miss
1793 http cache https://registry.npmjs.org/ee-first 37ms (cache hit)
1794 silly packumentCache full:https://registry.npmjs.org/ee-first set size:15327 disposed:false
1795 silly fetch manifest es-define-property@^1.0.1
1796 silly packumentCache full:https://registry.npmjs.org/es-define-property cache-miss
1797 http cache https://registry.npmjs.org/es-define-property 18ms (cache hit)
1798 silly packumentCache full:https://registry.npmjs.org/es-define-property set size:8542 disposed:false
1799 silly fetch manifest is-promise@^4.0.0
1800 silly packumentCache full:https://registry.npmjs.org/is-promise cache-miss
1801 http cache https://registry.npmjs.org/ipaddr.js 26ms (cache hit)
1802 silly packumentCache full:https://registry.npmjs.org/ipaddr.js set size:84329 disposed:false
1803 silly fetch manifest statuses@^2.0.2
1804 silly packumentCache full:https://registry.npmjs.org/statuses cache-hit
1805 silly fetch manifest media-typer@^1.1.0
1806 silly packumentCache full:https://registry.npmjs.org/media-typer cache-miss
1807 http cache https://registry.npmjs.org/side-channel 29ms (cache hit)
1808 silly packumentCache full:https://registry.npmjs.org/side-channel set size:27650 disposed:false
1809 http cache https://registry.npmjs.org/is-promise 29ms (cache hit)
1810 silly packumentCache full:https://registry.npmjs.org/is-promise set size:18599 disposed:false
1811 http cache https://registry.npmjs.org/media-typer 24ms (cache hit)
1812 silly packumentCache full:https://registry.npmjs.org/media-typer set size:22074 disposed:false
1813 silly placeDep ROOT negotiator@1.0.0 OK for: accepts@2.0.0 want: ^1.0.0
1814 silly placeDep ROOT bytes@3.1.2 OK for: body-parser@2.3.0 want: ^3.1.2
1815 silly placeDep node_modules/body-parser content-type@2.0.0 OK for: body-parser@2.3.0 want: ^2.0.0
1816 silly placeDep ROOT raw-body@3.0.2 OK for: body-parser@2.3.0 want: ^3.0.2
1817 silly fetch manifest unpipe@~1.0.0
1818 silly packumentCache full:https://registry.npmjs.org/unpipe cache-miss
1819 http cache https://registry.npmjs.org/unpipe 14ms (cache hit)
1820 silly packumentCache full:https://registry.npmjs.org/unpipe set size:3609 disposed:false
1821 silly placeDep ROOT flat-cache@4.0.1 OK for: file-entry-cache@8.0.0 want: ^4.0.0
1822 silly fetch manifest keyv@^4.5.4
1823 silly packumentCache full:https://registry.npmjs.org/keyv cache-miss
1824 silly fetch manifest flatted@^3.2.9
1825 silly packumentCache full:https://registry.npmjs.org/flatted cache-miss
1826 http fetch GET 200 https://registry.npmjs.org/flatted 43ms (cache miss)
1827 silly packumentCache full:https://registry.npmjs.org/flatted set size:undefined disposed:false
1828 http fetch GET 200 https://registry.npmjs.org/keyv 49ms (cache miss)
1829 silly packumentCache full:https://registry.npmjs.org/keyv set size:undefined disposed:false
1830 silly placeDep ROOT @tokenizer/inflate@0.4.1 OK for: file-type@21.3.4 want: ^0.4.1
1831 silly placeDep ROOT strtok3@10.3.5 OK for: file-type@21.3.4 want: ^10.3.4
1832 silly placeDep ROOT token-types@6.1.2 OK for: file-type@21.3.4 want: ^6.1.1
1833 silly placeDep ROOT uint8array-extras@1.5.0 OK for: file-type@21.3.4 want: ^1.4.0
1834 silly fetch manifest @tokenizer/token@^0.3.0
1835 silly packumentCache full:https://registry.npmjs.org/@tokenizer%2ftoken cache-miss
1836 silly fetch manifest @borewit/text-codec@^0.2.1
1837 silly packumentCache full:https://registry.npmjs.org/@borewit%2ftext-codec cache-miss
1838 silly fetch manifest @tokenizer/token@^0.3.0
1839 silly packumentCache full:https://registry.npmjs.org/@tokenizer%2ftoken cache-miss
1840 http fetch GET 200 https://registry.npmjs.org/@tokenizer%2ftoken 695ms (cache miss)
1841 silly packumentCache full:https://registry.npmjs.org/@tokenizer%2ftoken set size:undefined disposed:false
1842 silly fetch manifest ieee754@^1.2.1
1843 silly packumentCache full:https://registry.npmjs.org/ieee754 cache-miss
1844 http fetch GET 200 https://registry.npmjs.org/@tokenizer%2ftoken 695ms (cache miss)
1845 silly packumentCache full:https://registry.npmjs.org/@tokenizer%2ftoken set size:undefined disposed:false
1846 http fetch GET 200 https://registry.npmjs.org/@borewit%2ftext-codec 729ms (cache miss)
1847 silly packumentCache full:https://registry.npmjs.org/@borewit%2ftext-codec set size:undefined disposed:false
1848 http cache https://registry.npmjs.org/ieee754 44ms (cache hit)
1849 silly packumentCache full:https://registry.npmjs.org/ieee754 set size:34910 disposed:false
1850 silly placeDep ROOT locate-path@6.0.0 OK for: find-up@5.0.0 want: ^6.0.0
1851 silly placeDep ROOT path-exists@4.0.0 OK for: find-up@5.0.0 want: ^4.0.0
1852 silly fetch manifest p-locate@^5.0.0
1853 silly packumentCache full:https://registry.npmjs.org/p-locate cache-miss
1854 http cache https://registry.npmjs.org/p-locate 46ms (cache hit)
1855 silly packumentCache full:https://registry.npmjs.org/p-locate set size:22488 disposed:false
1856 silly placeDep ROOT flatted@3.4.4 OK for: flat-cache@4.0.1 want: ^3.2.9
1857 silly placeDep ROOT keyv@4.5.4 OK for: flat-cache@4.0.1 want: ^4.5.4
1858 silly fetch manifest json-buffer@3.0.1
1859 silly packumentCache full:https://registry.npmjs.org/json-buffer cache-miss
1860 http fetch GET 200 https://registry.npmjs.org/json-buffer 31ms (cache miss)
1861 silly packumentCache full:https://registry.npmjs.org/json-buffer set size:undefined disposed:false
1862 silly fetch manifest typescript@>3.6.0
1863 silly packumentCache full:https://registry.npmjs.org/typescript cache-miss
1864 http cache https://registry.npmjs.org/typescript 85ms (cache hit)
1865 silly packumentCache full:https://registry.npmjs.org/typescript set size:15547442 disposed:false
1866 silly placeDep ROOT @babel/code-frame@7.29.7 OK for: fork-ts-checker-webpack-plugin@9.1.0 want: ^7.16.7
1867 silly placeDep ROOT cosmiconfig@8.3.6 OK for: fork-ts-checker-webpack-plugin@9.1.0 want: ^8.2.0
1868 silly placeDep ROOT deepmerge@4.3.1 OK for: fork-ts-checker-webpack-plugin@9.1.0 want: ^4.2.2
1869 silly placeDep ROOT fs-extra@10.1.0 OK for: fork-ts-checker-webpack-plugin@9.1.0 want: ^10.0.0
1870 silly placeDep ROOT memfs@3.5.3 OK for: fork-ts-checker-webpack-plugin@9.1.0 want: ^3.4.1
1871 silly placeDep ROOT node-abort-controller@3.1.1 OK for: fork-ts-checker-webpack-plugin@9.1.0 want: ^3.0.1
1872 silly placeDep ROOT schema-utils@3.3.0 OK for: fork-ts-checker-webpack-plugin@9.1.0 want: ^3.1.1
1873 silly placeDep ROOT semver@7.8.5 OK for: fork-ts-checker-webpack-plugin@9.1.0 want: ^7.3.5
1874 silly placeDep ROOT tapable@2.3.3 OK for: fork-ts-checker-webpack-plugin@9.1.0 want: ^2.2.1
1875 silly fetch manifest js-tokens@^4.0.0
1876 silly packumentCache full:https://registry.npmjs.org/js-tokens cache-miss
1877 silly fetch manifest picocolors@^1.1.1
1878 silly packumentCache full:https://registry.npmjs.org/picocolors cache-miss
1879 silly fetch manifest @babel/helper-validator-identifier@^7.29.7
1880 silly packumentCache full:https://registry.npmjs.org/@babel%2fhelper-validator-identifier cache-miss
1881 http cache https://registry.npmjs.org/picocolors 17ms (cache hit)
1882 silly packumentCache full:https://registry.npmjs.org/picocolors set size:16648 disposed:false
1883 silly fetch manifest path-type@^4.0.0
1884 silly packumentCache full:https://registry.npmjs.org/path-type cache-miss
1885 http cache https://registry.npmjs.org/js-tokens 22ms (cache hit)
1886 silly packumentCache full:https://registry.npmjs.org/js-tokens set size:41947 disposed:false
1887 silly fetch manifest parse-json@^5.2.0
1888 silly packumentCache full:https://registry.npmjs.org/parse-json cache-miss
1889 http cache https://registry.npmjs.org/@babel%2fhelper-validator-identifier 27ms (cache hit)
1890 silly packumentCache full:https://registry.npmjs.org/@babel%2fhelper-validator-identifier set size:130133 disposed:false
1891 silly fetch manifest jsonfile@^6.0.1
1892 silly packumentCache full:https://registry.npmjs.org/jsonfile cache-miss
1893 http cache https://registry.npmjs.org/path-type 23ms (cache hit)
1894 silly packumentCache full:https://registry.npmjs.org/path-type set size:15341 disposed:false
1895 silly fetch manifest graceful-fs@^4.2.0
1896 silly packumentCache full:https://registry.npmjs.org/graceful-fs cache-hit
1897 silly fetch manifest universalify@^2.0.0
1898 silly packumentCache full:https://registry.npmjs.org/universalify cache-miss
1899 http cache https://registry.npmjs.org/parse-json 26ms (cache hit)
1900 silly packumentCache full:https://registry.npmjs.org/parse-json set size:48198 disposed:false
1901 silly fetch manifest fs-monkey@^1.0.4
1902 silly packumentCache full:https://registry.npmjs.org/fs-monkey cache-miss
1903 http cache https://registry.npmjs.org/jsonfile 22ms (cache hit)
1904 silly packumentCache full:https://registry.npmjs.org/jsonfile set size:53210 disposed:false
1905 silly fetch manifest ajv-keywords@^3.5.2
1906 silly packumentCache full:https://registry.npmjs.org/ajv-keywords cache-miss
1907 http cache https://registry.npmjs.org/universalify 22ms (cache hit)
1908 silly packumentCache full:https://registry.npmjs.org/universalify set size:19431 disposed:false
1909 http cache https://registry.npmjs.org/fs-monkey 21ms (cache hit)
1910 silly packumentCache full:https://registry.npmjs.org/fs-monkey set size:50154 disposed:false
1911 http cache https://registry.npmjs.org/ajv-keywords 22ms (cache hit)
1912 silly packumentCache full:https://registry.npmjs.org/ajv-keywords set size:310004 disposed:false
1913 silly placeDep ROOT @babel/helper-validator-identifier@7.29.7 OK for: @babel/code-frame@7.29.7 want: ^7.29.7
1914 silly placeDep ROOT js-tokens@4.0.0 OK for: @babel/code-frame@7.29.7 want: ^4.0.0
1915 silly placeDep ROOT picocolors@1.1.1 OK for: @babel/code-frame@7.29.7 want: ^1.1.1
1916 silly placeDep ROOT parse-json@5.2.0 OK for: cosmiconfig@8.3.6 want: ^5.2.0
1917 silly placeDep ROOT path-type@4.0.0 OK for: cosmiconfig@8.3.6 want: ^4.0.0
1918 silly fetch manifest error-ex@^1.3.1
1919 silly packumentCache full:https://registry.npmjs.org/error-ex cache-miss
1920 silly fetch manifest lines-and-columns@^1.1.6
1921 silly packumentCache full:https://registry.npmjs.org/lines-and-columns cache-miss
1922 silly fetch manifest json-parse-even-better-errors@^2.3.0
1923 silly packumentCache full:https://registry.npmjs.org/json-parse-even-better-errors cache-miss
1924 http cache https://registry.npmjs.org/error-ex 18ms (cache hit)
1925 silly packumentCache full:https://registry.npmjs.org/error-ex set size:31684 disposed:false
1926 http cache https://registry.npmjs.org/lines-and-columns 19ms (cache hit)
1927 silly packumentCache full:https://registry.npmjs.org/lines-and-columns set size:73796 disposed:false
1928 http cache https://registry.npmjs.org/json-parse-even-better-errors 25ms (cache hit)
1929 silly packumentCache full:https://registry.npmjs.org/json-parse-even-better-errors set size:37218 disposed:false
1930 silly placeDep ROOT asynckit@0.4.0 OK for: form-data@4.0.6 want: ^0.4.0
1931 silly placeDep ROOT combined-stream@1.0.8 OK for: form-data@4.0.6 want: ^1.0.8
1932 silly placeDep ROOT es-set-tostringtag@2.1.0 OK for: form-data@4.0.6 want: ^2.1.0
1933 silly placeDep ROOT hasown@2.0.4 OK for: form-data@4.0.6 want: ^2.0.4
1934 silly placeDep node_modules/form-data mime-types@2.1.35 OK for: form-data@4.0.6 want: ^2.1.35
1935 silly fetch manifest delayed-stream@~1.0.0
1936 silly packumentCache full:https://registry.npmjs.org/delayed-stream cache-miss
1937 silly fetch manifest es-errors@^1.3.0
1938 silly packumentCache full:https://registry.npmjs.org/es-errors cache-miss
1939 silly fetch manifest get-intrinsic@^1.2.6
1940 silly packumentCache full:https://registry.npmjs.org/get-intrinsic cache-miss
1941 http cache https://registry.npmjs.org/es-errors 18ms (cache hit)
1942 silly packumentCache full:https://registry.npmjs.org/es-errors set size:16918 disposed:false
1943 silly fetch manifest has-tostringtag@^1.0.2
1944 silly packumentCache full:https://registry.npmjs.org/has-tostringtag cache-miss
1945 http cache https://registry.npmjs.org/get-intrinsic 20ms (cache hit)
1946 silly packumentCache full:https://registry.npmjs.org/get-intrinsic set size:60985 disposed:false
1947 silly fetch manifest hasown@^2.0.2
1948 silly packumentCache full:https://registry.npmjs.org/hasown cache-hit
1949 silly fetch manifest function-bind@^1.1.2
1950 silly packumentCache full:https://registry.npmjs.org/function-bind cache-miss
1951 http cache https://registry.npmjs.org/function-bind 21ms (cache hit)
1952 silly packumentCache full:https://registry.npmjs.org/function-bind set size:15733 disposed:false
1953 silly fetch manifest mime-db@1.52.0
1954 silly packumentCache full:https://registry.npmjs.org/mime-db cache-hit
1955 http fetch GET 200 https://registry.npmjs.org/delayed-stream 57ms (cache miss)
1956 silly packumentCache full:https://registry.npmjs.org/delayed-stream set size:undefined disposed:false
1957 http fetch GET 200 https://registry.npmjs.org/has-tostringtag 54ms (cache miss)
1958 silly packumentCache full:https://registry.npmjs.org/has-tostringtag set size:undefined disposed:false
1959 silly placeDep ROOT delayed-stream@1.0.0 OK for: combined-stream@1.0.8 want: ~1.0.0
1960 silly placeDep ROOT es-errors@1.3.0 OK for: es-set-tostringtag@2.1.0 want: ^1.3.0
1961 silly placeDep ROOT get-intrinsic@1.3.0 OK for: es-set-tostringtag@2.1.0 want: ^1.2.6
1962 silly placeDep ROOT has-tostringtag@1.0.2 OK for: es-set-tostringtag@2.1.0 want: ^1.0.2
1963 silly fetch manifest gopd@^1.2.0
1964 silly packumentCache full:https://registry.npmjs.org/gopd cache-miss
1965 silly fetch manifest get-proto@^1.0.1
1966 silly packumentCache full:https://registry.npmjs.org/get-proto cache-miss
1967 silly fetch manifest has-symbols@^1.1.0
1968 silly packumentCache full:https://registry.npmjs.org/has-symbols cache-miss
1969 http cache https://registry.npmjs.org/get-proto 19ms (cache hit)
1970 silly packumentCache full:https://registry.npmjs.org/get-proto set size:8300 disposed:false
1971 silly fetch manifest es-object-atoms@^1.1.1
1972 silly packumentCache full:https://registry.npmjs.org/es-object-atoms cache-miss
1973 http cache https://registry.npmjs.org/gopd 22ms (cache hit)
1974 silly packumentCache full:https://registry.npmjs.org/gopd set size:11483 disposed:false
1975 silly fetch manifest math-intrinsics@^1.1.0
1976 silly packumentCache full:https://registry.npmjs.org/math-intrinsics cache-miss
1977 http cache https://registry.npmjs.org/has-symbols 24ms (cache hit)
1978 silly packumentCache full:https://registry.npmjs.org/has-symbols set size:21550 disposed:false
1979 silly fetch manifest call-bind-apply-helpers@^1.0.2
1980 silly packumentCache full:https://registry.npmjs.org/call-bind-apply-helpers cache-miss
1981 http cache https://registry.npmjs.org/math-intrinsics 18ms (cache hit)
1982 silly packumentCache full:https://registry.npmjs.org/math-intrinsics set size:9265 disposed:false
1983 silly fetch manifest has-symbols@^1.0.3
1984 silly packumentCache full:https://registry.npmjs.org/has-symbols cache-hit
1985 http cache https://registry.npmjs.org/call-bind-apply-helpers 20ms (cache hit)
1986 silly packumentCache full:https://registry.npmjs.org/call-bind-apply-helpers set size:12744 disposed:false
1987 http cache https://registry.npmjs.org/es-object-atoms 25ms (cache hit)
1988 silly packumentCache full:https://registry.npmjs.org/es-object-atoms set size:18278 disposed:false
1989 silly placeDep ROOT graceful-fs@4.2.11 OK for: fs-extra@10.1.0 want: ^4.2.0
1990 silly placeDep ROOT jsonfile@6.2.1 OK for: fs-extra@10.1.0 want: ^6.0.1
1991 silly placeDep ROOT universalify@2.0.1 OK for: fs-extra@10.1.0 want: ^2.0.0
1992 silly placeDep ROOT call-bind-apply-helpers@1.0.2 OK for: get-intrinsic@1.3.0 want: ^1.0.2
1993 silly placeDep ROOT es-define-property@1.0.1 OK for: get-intrinsic@1.3.0 want: ^1.0.1
1994 silly placeDep ROOT es-object-atoms@1.1.2 OK for: get-intrinsic@1.3.0 want: ^1.1.1
1995 silly placeDep ROOT function-bind@1.1.2 OK for: get-intrinsic@1.3.0 want: ^1.1.2
1996 silly placeDep ROOT get-proto@1.0.1 OK for: get-intrinsic@1.3.0 want: ^1.0.1
1997 silly placeDep ROOT gopd@1.2.0 OK for: get-intrinsic@1.3.0 want: ^1.2.0
1998 silly placeDep ROOT has-symbols@1.1.0 OK for: get-intrinsic@1.3.0 want: ^1.1.0
1999 silly placeDep ROOT math-intrinsics@1.1.0 OK for: get-intrinsic@1.3.0 want: ^1.1.0
2000 silly fetch manifest dunder-proto@^1.0.1
2001 silly packumentCache full:https://registry.npmjs.org/dunder-proto cache-miss
2002 http cache https://registry.npmjs.org/dunder-proto 15ms (cache hit)
2003 silly packumentCache full:https://registry.npmjs.org/dunder-proto set size:8256 disposed:false
2004 silly placeDep ROOT dunder-proto@1.0.1 OK for: get-proto@1.0.1 want: ^1.0.1
2005 silly placeDep node_modules/glob minimatch@10.2.6 OK for: glob@13.0.6 want: ^10.2.2
2006 silly placeDep ROOT minipass@7.1.3 OK for: glob@13.0.6 want: ^7.1.3
2007 silly placeDep ROOT path-scurry@2.0.2 OK for: glob@13.0.6 want: ^2.0.2
2008 silly fetch manifest brace-expansion@^5.0.8
2009 silly packumentCache full:https://registry.npmjs.org/brace-expansion cache-hit
2010 silly fetch manifest lru-cache@^11.0.0
2011 silly packumentCache full:https://registry.npmjs.org/lru-cache cache-miss
2012 http cache https://registry.npmjs.org/lru-cache 17ms (cache hit)
2013 silly packumentCache full:https://registry.npmjs.org/lru-cache set size:460407 disposed:false
2014 silly placeDep ROOT inherits@2.0.4 OK for: http-errors@2.0.1 want: ~2.0.4
2015 silly placeDep ROOT setprototypeof@1.2.0 OK for: http-errors@2.0.1 want: ~1.2.0
2016 silly placeDep ROOT toidentifier@1.0.1 OK for: http-errors@2.0.1 want: ~1.0.1
2017 silly placeDep ROOT safer-buffer@2.1.2 OK for: iconv-lite@0.7.3 want: >= 2.1.2 < 3.0.0
2018 silly placeDep ROOT parent-module@1.0.1 OK for: import-fresh@3.3.1 want: ^1.0.0
2019 silly placeDep ROOT resolve-from@4.0.0 OK for: import-fresh@3.3.1 want: ^4.0.0
2020 silly fetch manifest callsites@^3.0.0
2021 silly packumentCache full:https://registry.npmjs.org/callsites cache-miss
2022 http cache https://registry.npmjs.org/callsites 16ms (cache hit)
2023 silly packumentCache full:https://registry.npmjs.org/callsites set size:21349 disposed:false
2024 silly placeDep ROOT is-extglob@2.1.1 OK for: is-glob@4.0.3 want: ^2.1.1
2025 silly placeDep ROOT @jest/core@30.4.2 OK for: jest@30.4.2 want: 30.4.2
2026 silly placeDep ROOT @jest/types@30.4.1 OK for: jest@30.4.2 want: 30.4.1
2027 silly placeDep ROOT import-local@3.2.0 OK for: jest@30.4.2 want: ^3.2.0
2028 silly placeDep ROOT jest-cli@30.4.2 OK for: jest@30.4.2 want: 30.4.2
2029 silly fetch manifest @jest/console@30.4.1
2030 silly packumentCache full:https://registry.npmjs.org/@jest%2fconsole cache-miss
2031 silly fetch manifest @jest/pattern@30.4.0
2032 silly packumentCache full:https://registry.npmjs.org/@jest%2fpattern cache-miss
2033 silly fetch manifest @jest/reporters@30.4.1
2034 silly packumentCache full:https://registry.npmjs.org/@jest%2freporters cache-miss
2035 http fetch GET 200 https://registry.npmjs.org/@jest%2fconsole 55ms (cache miss)
2036 silly packumentCache full:https://registry.npmjs.org/@jest%2fconsole set size:undefined disposed:false
2037 silly fetch manifest @jest/test-result@30.4.1
2038 silly packumentCache full:https://registry.npmjs.org/@jest%2ftest-result cache-miss
2039 http fetch GET 200 https://registry.npmjs.org/@jest%2freporters 71ms (cache miss)
2040 silly packumentCache full:https://registry.npmjs.org/@jest%2freporters set size:undefined disposed:false
2041 silly fetch manifest @jest/transform@30.4.1
2042 silly packumentCache full:https://registry.npmjs.org/@jest%2ftransform cache-miss
2043 http cache https://registry.npmjs.org/@jest%2ftransform 9ms (cache hit)
2044 silly packumentCache full:https://registry.npmjs.org/@jest%2ftransform set size:468349 disposed:false
2045 silly fetch manifest ansi-escapes@^4.3.2
2046 silly packumentCache full:https://registry.npmjs.org/ansi-escapes cache-miss
2047 http fetch GET 200 https://registry.npmjs.org/@jest%2ftest-result 50ms (cache miss)
2048 silly packumentCache full:https://registry.npmjs.org/@jest%2ftest-result set size:undefined disposed:false
2049 silly fetch manifest exit-x@^0.2.2
2050 silly packumentCache full:https://registry.npmjs.org/exit-x cache-miss
2051 http fetch GET 200 https://registry.npmjs.org/ansi-escapes 348ms (cache miss)
2052 silly packumentCache full:https://registry.npmjs.org/ansi-escapes set size:undefined disposed:false
2053 silly fetch manifest jest-changed-files@30.4.1
2054 silly packumentCache full:https://registry.npmjs.org/jest-changed-files cache-miss
2055 http fetch GET 200 https://registry.npmjs.org/exit-x 411ms (cache miss)
2056 silly packumentCache full:https://registry.npmjs.org/exit-x set size:undefined disposed:false
2057 silly fetch manifest jest-config@30.4.2
2058 silly packumentCache full:https://registry.npmjs.org/jest-config cache-miss
2059 http fetch GET 200 https://registry.npmjs.org/jest-changed-files 88ms (cache miss)
2060 silly packumentCache full:https://registry.npmjs.org/jest-changed-files set size:undefined disposed:false
2061 silly fetch manifest jest-haste-map@30.4.1
2062 silly packumentCache full:https://registry.npmjs.org/jest-haste-map cache-miss
2063 http fetch GET 200 https://registry.npmjs.org/jest-config 73ms (cache miss)
2064 silly packumentCache full:https://registry.npmjs.org/jest-config set size:undefined disposed:false
2065 silly fetch manifest jest-regex-util@30.4.0
2066 silly packumentCache full:https://registry.npmjs.org/jest-regex-util cache-miss
2067 http fetch GET 200 https://registry.npmjs.org/jest-haste-map 88ms (cache miss)
2068 silly packumentCache full:https://registry.npmjs.org/jest-haste-map set size:undefined disposed:false
2069 silly fetch manifest jest-resolve@30.4.1
2070 silly packumentCache full:https://registry.npmjs.org/jest-resolve cache-miss
2071 http fetch GET 200 https://registry.npmjs.org/jest-regex-util 40ms (cache miss)
2072 silly packumentCache full:https://registry.npmjs.org/jest-regex-util set size:undefined disposed:false
2073 silly fetch manifest jest-resolve-dependencies@30.4.2
2074 silly packumentCache full:https://registry.npmjs.org/jest-resolve-dependencies cache-miss
2075 http fetch GET 200 https://registry.npmjs.org/@jest%2fpattern 674ms (cache miss)
2076 silly packumentCache full:https://registry.npmjs.org/@jest%2fpattern set size:undefined disposed:false
2077 silly fetch manifest jest-runner@30.4.2
2078 silly packumentCache full:https://registry.npmjs.org/jest-runner cache-miss
2079 http fetch GET 200 https://registry.npmjs.org/jest-resolve 88ms (cache miss)
2080 silly packumentCache full:https://registry.npmjs.org/jest-resolve set size:undefined disposed:false
2081 silly fetch manifest jest-runtime@30.4.2
2082 silly packumentCache full:https://registry.npmjs.org/jest-runtime cache-miss
2083 http fetch GET 200 https://registry.npmjs.org/jest-resolve-dependencies 88ms (cache miss)
2084 silly packumentCache full:https://registry.npmjs.org/jest-resolve-dependencies set size:undefined disposed:false
2085 silly fetch manifest jest-snapshot@30.4.1
2086 silly packumentCache full:https://registry.npmjs.org/jest-snapshot cache-miss
2087 http fetch GET 200 https://registry.npmjs.org/jest-runner 84ms (cache miss)
2088 silly packumentCache full:https://registry.npmjs.org/jest-runner set size:undefined disposed:false
2089 silly fetch manifest jest-validate@30.4.1
2090 silly packumentCache full:https://registry.npmjs.org/jest-validate cache-miss
2091 http fetch GET 200 https://registry.npmjs.org/jest-runtime 66ms (cache miss)
2092 silly packumentCache full:https://registry.npmjs.org/jest-runtime set size:undefined disposed:false
2093 silly fetch manifest jest-watcher@30.4.1
2094 silly packumentCache full:https://registry.npmjs.org/jest-watcher cache-miss
2095 http fetch GET 200 https://registry.npmjs.org/jest-watcher 58ms (cache miss)
2096 silly packumentCache full:https://registry.npmjs.org/jest-watcher set size:undefined disposed:false
2097 silly fetch manifest @types/istanbul-lib-coverage@^2.0.6
2098 silly packumentCache full:https://registry.npmjs.org/@types%2fistanbul-lib-coverage cache-miss
2099 http fetch GET 200 https://registry.npmjs.org/@types%2fistanbul-lib-coverage 27ms (cache miss)
2100 silly packumentCache full:https://registry.npmjs.org/@types%2fistanbul-lib-coverage set size:undefined disposed:false
2101 silly fetch manifest @types/istanbul-reports@^3.0.4
2102 silly packumentCache full:https://registry.npmjs.org/@types%2fistanbul-reports cache-miss
2103 http fetch GET 200 https://registry.npmjs.org/@types%2fistanbul-reports 30ms (cache miss)
2104 silly packumentCache full:https://registry.npmjs.org/@types%2fistanbul-reports set size:undefined disposed:false
2105 silly fetch manifest @types/yargs@^17.0.33
2106 silly packumentCache full:https://registry.npmjs.org/@types%2fyargs cache-miss
2107 http fetch GET 200 https://registry.npmjs.org/@types%2fyargs 68ms (cache miss)
2108 silly packumentCache full:https://registry.npmjs.org/@types%2fyargs set size:undefined disposed:false
2109 silly fetch manifest pkg-dir@^4.2.0
2110 silly packumentCache full:https://registry.npmjs.org/pkg-dir cache-miss
2111 http fetch GET 200 https://registry.npmjs.org/pkg-dir 114ms (cache miss)
2112 silly packumentCache full:https://registry.npmjs.org/pkg-dir set size:undefined disposed:false
2113 silly fetch manifest resolve-cwd@^3.0.0
2114 silly packumentCache full:https://registry.npmjs.org/resolve-cwd cache-miss
2115 http fetch GET 200 https://registry.npmjs.org/resolve-cwd 80ms (cache miss)
2116 silly packumentCache full:https://registry.npmjs.org/resolve-cwd set size:undefined disposed:false
2117 silly fetch manifest jest-validate@30.4.1
2118 silly packumentCache full:https://registry.npmjs.org/jest-validate cache-miss
2119 http fetch GET 200 https://registry.npmjs.org/jest-validate 442ms (cache miss)
2120 silly packumentCache full:https://registry.npmjs.org/jest-validate set size:undefined disposed:false
2121 silly fetch manifest yargs@^17.7.2
2122 silly packumentCache full:https://registry.npmjs.org/yargs cache-miss
2123 http cache https://registry.npmjs.org/jest-validate 95ms (cache hit)
2124 silly packumentCache full:https://registry.npmjs.org/jest-validate set size:567910 disposed:false
2125 http fetch GET 200 https://registry.npmjs.org/jest-snapshot 575ms (cache miss)
2126 silly packumentCache full:https://registry.npmjs.org/jest-snapshot set size:undefined disposed:false
2127 http fetch GET 200 https://registry.npmjs.org/yargs 377ms (cache miss)
2128 silly packumentCache full:https://registry.npmjs.org/yargs set size:undefined disposed:false
2129 silly fetch manifest @types/node@*
2130 silly packumentCache full:https://registry.npmjs.org/@types%2fnode cache-miss
2131 http cache https://registry.npmjs.org/@types%2fnode 52ms (cache hit)
2132 silly packumentCache full:https://registry.npmjs.org/@types%2fnode set size:11088606 disposed:false
2133 silly fetch manifest esbuild-register@>=3.4.0
2134 silly packumentCache full:https://registry.npmjs.org/esbuild-register cache-miss
2135 http fetch GET 200 https://registry.npmjs.org/esbuild-register 31ms (cache miss)
2136 silly packumentCache full:https://registry.npmjs.org/esbuild-register set size:undefined disposed:false
2137 silly fetch manifest esbuild@>=0.12 <1
2138 silly packumentCache full:https://registry.npmjs.org/esbuild cache-miss
2139 http fetch GET 200 https://registry.npmjs.org/esbuild 45ms (cache revalidated)
2140 silly packumentCache full:https://registry.npmjs.org/esbuild set size:1264676 disposed:false
2141 silly fetch manifest ts-node@>=9.0.0
2142 silly packumentCache full:https://registry.npmjs.org/ts-node cache-miss
2143 http cache https://registry.npmjs.org/ts-node 13ms (cache hit)
2144 silly packumentCache full:https://registry.npmjs.org/ts-node set size:574573 disposed:false
2145 silly fetch manifest typescript@>=2.7
2146 silly packumentCache full:https://registry.npmjs.org/typescript cache-miss
2147 http cache https://registry.npmjs.org/typescript 129ms (cache hit)
2148 silly packumentCache full:https://registry.npmjs.org/typescript set size:15547442 disposed:false
2149 silly placeDep ROOT @jest/console@30.4.1 OK for: @jest/core@30.4.2 want: 30.4.1
2150 silly placeDep ROOT @jest/pattern@30.4.0 OK for: @jest/core@30.4.2 want: 30.4.0
2151 silly placeDep ROOT @jest/reporters@30.4.1 OK for: @jest/core@30.4.2 want: 30.4.1
2152 silly placeDep ROOT @jest/test-result@30.4.1 OK for: @jest/core@30.4.2 want: 30.4.1
2153 silly placeDep ROOT @jest/transform@30.4.1 OK for: @jest/core@30.4.2 want: 30.4.1
2154 silly placeDep ROOT ansi-escapes@4.3.2 OK for: @jest/core@30.4.2 want: ^4.3.2
2155 silly placeDep ROOT ci-info@4.4.0 OK for: @jest/core@30.4.2 want: ^4.2.0
2156 silly placeDep ROOT exit-x@0.2.2 OK for: @jest/core@30.4.2 want: ^0.2.2
2157 silly placeDep ROOT jest-changed-files@30.4.1 OK for: @jest/core@30.4.2 want: 30.4.1
2158 silly placeDep ROOT jest-config@30.4.2 OK for: @jest/core@30.4.2 want: 30.4.2
2159 silly placeDep ROOT jest-haste-map@30.4.1 OK for: @jest/core@30.4.2 want: 30.4.1
2160 silly placeDep ROOT jest-regex-util@30.4.0 OK for: @jest/core@30.4.2 want: 30.4.0
2161 silly placeDep ROOT jest-resolve@30.4.1 OK for: @jest/core@30.4.2 want: 30.4.1
2162 silly placeDep ROOT jest-resolve-dependencies@30.4.2 OK for: @jest/core@30.4.2 want: 30.4.2
2163 silly placeDep ROOT jest-runner@30.4.2 OK for: @jest/core@30.4.2 want: 30.4.2
2164 silly placeDep ROOT jest-runtime@30.4.2 OK for: @jest/core@30.4.2 want: 30.4.2
2165 silly placeDep ROOT jest-snapshot@30.4.1 OK for: @jest/core@30.4.2 want: 30.4.1
2166 silly placeDep ROOT jest-validate@30.4.1 OK for: @jest/core@30.4.2 want: 30.4.1
2167 silly placeDep ROOT jest-watcher@30.4.1 OK for: @jest/core@30.4.2 want: 30.4.1
2168 silly placeDep ROOT slash@3.0.0 OK for: @jest/core@30.4.2 want: ^3.0.0
2169 silly fetch manifest @bcoe/v8-coverage@^0.2.3
2170 silly packumentCache full:https://registry.npmjs.org/@bcoe%2fv8-coverage cache-miss
2171 silly fetch manifest @jridgewell/trace-mapping@^0.3.25
2172 silly packumentCache full:https://registry.npmjs.org/@jridgewell%2ftrace-mapping cache-miss
2173 silly fetch manifest collect-v8-coverage@^1.0.2
2174 silly packumentCache full:https://registry.npmjs.org/collect-v8-coverage cache-miss
2175 http cache https://registry.npmjs.org/@jridgewell%2ftrace-mapping 63ms (cache hit)
2176 silly packumentCache full:https://registry.npmjs.org/@jridgewell%2ftrace-mapping set size:170909 disposed:false
2177 silly fetch manifest glob@^10.5.0
2178 silly packumentCache full:https://registry.npmjs.org/glob cache-hit
2179 silly fetch manifest istanbul-lib-coverage@^3.0.0
2180 silly packumentCache full:https://registry.npmjs.org/istanbul-lib-coverage cache-miss
2181 http fetch GET 200 https://registry.npmjs.org/collect-v8-coverage 84ms (cache miss)
2182 silly packumentCache full:https://registry.npmjs.org/collect-v8-coverage set size:undefined disposed:false
2183 silly fetch manifest istanbul-lib-instrument@^6.0.0
2184 silly packumentCache full:https://registry.npmjs.org/istanbul-lib-instrument cache-miss
2185 http fetch GET 200 https://registry.npmjs.org/@bcoe%2fv8-coverage 96ms (cache miss)
2186 silly packumentCache full:https://registry.npmjs.org/@bcoe%2fv8-coverage set size:undefined disposed:false
2187 silly fetch manifest istanbul-lib-report@^3.0.0
2188 silly packumentCache full:https://registry.npmjs.org/istanbul-lib-report cache-miss
2189 http fetch GET 200 https://registry.npmjs.org/istanbul-lib-coverage 49ms (cache miss)
2190 silly packumentCache full:https://registry.npmjs.org/istanbul-lib-coverage set size:undefined disposed:false
2191 silly fetch manifest istanbul-lib-source-maps@^5.0.0
2192 silly packumentCache full:https://registry.npmjs.org/istanbul-lib-source-maps cache-miss
2193 http fetch GET 200 https://registry.npmjs.org/istanbul-lib-instrument 56ms (cache miss)
2194 silly packumentCache full:https://registry.npmjs.org/istanbul-lib-instrument set size:undefined disposed:false
2195 silly fetch manifest istanbul-reports@^3.1.3
2196 silly packumentCache full:https://registry.npmjs.org/istanbul-reports cache-miss
2197 http fetch GET 200 https://registry.npmjs.org/istanbul-lib-report 58ms (cache miss)
2198 silly packumentCache full:https://registry.npmjs.org/istanbul-lib-report set size:undefined disposed:false
2199 silly fetch manifest jest-worker@30.4.1
2200 silly packumentCache full:https://registry.npmjs.org/jest-worker cache-miss
2201 http fetch GET 200 https://registry.npmjs.org/istanbul-lib-source-maps 46ms (cache miss)
2202 silly packumentCache full:https://registry.npmjs.org/istanbul-lib-source-maps set size:undefined disposed:false
2203 silly fetch manifest string-length@^4.0.2
2204 silly packumentCache full:https://registry.npmjs.org/string-length cache-miss
2205 http cache https://registry.npmjs.org/jest-worker 25ms (cache hit)
2206 silly packumentCache full:https://registry.npmjs.org/jest-worker set size:466737 disposed:false
2207 silly fetch manifest v8-to-istanbul@^9.0.1
2208 silly packumentCache full:https://registry.npmjs.org/v8-to-istanbul cache-miss
2209 http fetch GET 200 https://registry.npmjs.org/istanbul-reports 64ms (cache miss)
2210 silly packumentCache full:https://registry.npmjs.org/istanbul-reports set size:undefined disposed:false
2211 silly fetch manifest @babel/core@^7.27.4
2212 silly packumentCache full:https://registry.npmjs.org/@babel%2fcore cache-hit
2213 silly fetch manifest babel-plugin-istanbul@^7.0.1
2214 silly packumentCache full:https://registry.npmjs.org/babel-plugin-istanbul cache-miss
2215 http fetch GET 200 https://registry.npmjs.org/string-length 57ms (cache miss)
2216 silly packumentCache full:https://registry.npmjs.org/string-length set size:undefined disposed:false
2217 silly fetch manifest convert-source-map@^2.0.0
2218 silly packumentCache full:https://registry.npmjs.org/convert-source-map cache-miss
2219 http fetch GET 200 https://registry.npmjs.org/v8-to-istanbul 63ms (cache miss)
2220 silly packumentCache full:https://registry.npmjs.org/v8-to-istanbul set size:undefined disposed:false
2221 silly fetch manifest pirates@^4.0.7
2222 silly packumentCache full:https://registry.npmjs.org/pirates cache-miss
2223 http cache https://registry.npmjs.org/convert-source-map 20ms (cache hit)
2224 silly packumentCache full:https://registry.npmjs.org/convert-source-map set size:66997 disposed:false
2225 silly fetch manifest write-file-atomic@^5.0.1
2226 silly packumentCache full:https://registry.npmjs.org/write-file-atomic cache-miss
2227 http fetch GET 200 https://registry.npmjs.org/pirates 28ms (cache miss)
2228 silly packumentCache full:https://registry.npmjs.org/pirates set size:undefined disposed:false
2229 silly fetch manifest type-fest@^0.21.3
2230 silly packumentCache full:https://registry.npmjs.org/type-fest cache-miss
2231 http cache https://registry.npmjs.org/type-fest 16ms (cache hit)
2232 silly packumentCache full:https://registry.npmjs.org/type-fest set size:566201 disposed:false
2233 silly fetch manifest execa@^5.1.1
2234 silly packumentCache full:https://registry.npmjs.org/execa cache-miss
2235 http fetch GET 200 https://registry.npmjs.org/write-file-atomic 71ms (cache miss)
2236 silly packumentCache full:https://registry.npmjs.org/write-file-atomic set size:undefined disposed:false
2237 silly fetch manifest p-limit@^3.1.0
2238 silly packumentCache full:https://registry.npmjs.org/p-limit cache-miss
2239 http cache https://registry.npmjs.org/execa 20ms (cache hit)
2240 silly packumentCache full:https://registry.npmjs.org/execa set size:188760 disposed:false
2241 silly fetch manifest @jest/test-sequencer@30.4.1
2242 silly packumentCache full:https://registry.npmjs.org/@jest%2ftest-sequencer cache-miss
2243 http cache https://registry.npmjs.org/p-limit 25ms (cache hit)
2244 silly packumentCache full:https://registry.npmjs.org/p-limit set size:63850 disposed:false
2245 silly fetch manifest babel-jest@30.4.1
2246 silly packumentCache full:https://registry.npmjs.org/babel-jest cache-miss
2247 http cache https://registry.npmjs.org/babel-jest 13ms (cache hit)
2248 silly packumentCache full:https://registry.npmjs.org/babel-jest set size:690787 disposed:false
2249 silly fetch manifest jest-circus@30.4.2
2250 silly packumentCache full:https://registry.npmjs.org/jest-circus cache-miss
2251 http fetch GET 200 https://registry.npmjs.org/@jest%2ftest-sequencer 58ms (cache miss)
2252 silly packumentCache full:https://registry.npmjs.org/@jest%2ftest-sequencer set size:undefined disposed:false
2253 silly fetch manifest jest-docblock@30.4.0
2254 silly packumentCache full:https://registry.npmjs.org/jest-docblock cache-miss
2255 http fetch GET 200 https://registry.npmjs.org/jest-circus 62ms (cache miss)
2256 silly packumentCache full:https://registry.npmjs.org/jest-circus set size:undefined disposed:false
2257 silly fetch manifest jest-environment-node@30.4.1
2258 silly packumentCache full:https://registry.npmjs.org/jest-environment-node cache-miss
2259 http fetch GET 200 https://registry.npmjs.org/jest-docblock 55ms (cache miss)
2260 silly packumentCache full:https://registry.npmjs.org/jest-docblock set size:undefined disposed:false
2261 silly fetch manifest anymatch@^3.1.3
2262 silly packumentCache full:https://registry.npmjs.org/anymatch cache-miss
2263 http fetch GET 200 https://registry.npmjs.org/anymatch 33ms (cache miss)
2264 silly packumentCache full:https://registry.npmjs.org/anymatch set size:undefined disposed:false
2265 silly fetch manifest fb-watchman@^2.0.2
2266 silly packumentCache full:https://registry.npmjs.org/fb-watchman cache-miss
2267 http fetch GET 200 https://registry.npmjs.org/jest-environment-node 56ms (cache miss)
2268 silly packumentCache full:https://registry.npmjs.org/jest-environment-node set size:undefined disposed:false
2269 silly fetch manifest walker@^1.0.8
2270 silly packumentCache full:https://registry.npmjs.org/walker cache-miss
2271 http fetch GET 200 https://registry.npmjs.org/fb-watchman 30ms (cache miss)
2272 silly packumentCache full:https://registry.npmjs.org/fb-watchman set size:undefined disposed:false
2273 silly fetch manifest fsevents@^2.3.3
2274 silly packumentCache full:https://registry.npmjs.org/fsevents cache-miss
2275 http fetch GET 200 https://registry.npmjs.org/walker 48ms (cache miss)
2276 silly packumentCache full:https://registry.npmjs.org/walker set size:undefined disposed:false
2277 silly fetch manifest jest-pnp-resolver@^1.2.3
2278 silly packumentCache full:https://registry.npmjs.org/jest-pnp-resolver cache-miss
2279 http fetch GET 200 https://registry.npmjs.org/fsevents 41ms (cache revalidated)
2280 silly packumentCache full:https://registry.npmjs.org/fsevents set size:182472 disposed:false
2281 silly fetch manifest unrs-resolver@^1.7.11
2282 silly packumentCache full:https://registry.npmjs.org/unrs-resolver cache-miss
2283 http fetch GET 200 https://registry.npmjs.org/jest-pnp-resolver 23ms (cache miss)
2284 silly packumentCache full:https://registry.npmjs.org/jest-pnp-resolver set size:undefined disposed:false
2285 silly fetch manifest @jest/environment@30.4.1
2286 silly packumentCache full:https://registry.npmjs.org/@jest%2fenvironment cache-miss
2287 http fetch GET 200 https://registry.npmjs.org/babel-plugin-istanbul 394ms (cache miss)
2288 silly packumentCache full:https://registry.npmjs.org/babel-plugin-istanbul set size:undefined disposed:false
2289 silly fetch manifest emittery@^0.13.1
2290 silly packumentCache full:https://registry.npmjs.org/emittery cache-miss
2291 http fetch GET 200 https://registry.npmjs.org/unrs-resolver 41ms (cache miss)
2292 silly packumentCache full:https://registry.npmjs.org/unrs-resolver set size:undefined disposed:false
2293 silly fetch manifest jest-leak-detector@30.4.1
2294 silly packumentCache full:https://registry.npmjs.org/jest-leak-detector cache-miss
2295 http fetch GET 200 https://registry.npmjs.org/@jest%2fenvironment 69ms (cache miss)
2296 silly packumentCache full:https://registry.npmjs.org/@jest%2fenvironment set size:undefined disposed:false
2297 silly fetch manifest source-map-support@0.5.13
2298 silly packumentCache full:https://registry.npmjs.org/source-map-support cache-hit
2299 silly fetch manifest @jest/fake-timers@30.4.1
2300 silly packumentCache full:https://registry.npmjs.org/@jest%2ffake-timers cache-miss
2301 http fetch GET 200 https://registry.npmjs.org/jest-leak-detector 82ms (cache miss)
2302 silly packumentCache full:https://registry.npmjs.org/jest-leak-detector set size:undefined disposed:false
2303 silly fetch manifest @jest/globals@30.4.1
2304 silly packumentCache full:https://registry.npmjs.org/@jest%2fglobals cache-miss
2305 http fetch GET 200 https://registry.npmjs.org/emittery 94ms (cache miss)
2306 silly packumentCache full:https://registry.npmjs.org/emittery set size:undefined disposed:false
2307 silly fetch manifest @jest/source-map@30.0.1
2308 silly packumentCache full:https://registry.npmjs.org/@jest%2fsource-map cache-miss
2309 http fetch GET 200 https://registry.npmjs.org/@jest%2ffake-timers 57ms (cache miss)
2310 silly packumentCache full:https://registry.npmjs.org/@jest%2ffake-timers set size:undefined disposed:false
2311 silly fetch manifest cjs-module-lexer@^2.1.0
2312 silly packumentCache full:https://registry.npmjs.org/cjs-module-lexer cache-miss
2313 http fetch GET 200 https://registry.npmjs.org/@jest%2fglobals 55ms (cache miss)
2314 silly packumentCache full:https://registry.npmjs.org/@jest%2fglobals set size:undefined disposed:false
2315 silly fetch manifest strip-bom@^4.0.0
2316 silly packumentCache full:https://registry.npmjs.org/strip-bom cache-hit
2317 silly fetch manifest @babel/generator@^7.27.5
2318 silly packumentCache full:https://registry.npmjs.org/@babel%2fgenerator cache-miss
2319 http fetch GET 200 https://registry.npmjs.org/@jest%2fsource-map 68ms (cache miss)
2320 silly packumentCache full:https://registry.npmjs.org/@jest%2fsource-map set size:undefined disposed:false
2321 silly fetch manifest @babel/plugin-syntax-jsx@^7.27.1
2322 silly packumentCache full:https://registry.npmjs.org/@babel%2fplugin-syntax-jsx cache-miss
2323 http cache https://registry.npmjs.org/@babel%2fgenerator 20ms (cache hit)
2324 silly packumentCache full:https://registry.npmjs.org/@babel%2fgenerator set size:522841 disposed:false
2325 silly fetch manifest @babel/plugin-syntax-typescript@^7.27.1
2326 silly packumentCache full:https://registry.npmjs.org/@babel%2fplugin-syntax-typescript cache-miss
2327 http fetch GET 200 https://registry.npmjs.org/cjs-module-lexer 76ms (cache miss)
2328 silly packumentCache full:https://registry.npmjs.org/cjs-module-lexer set size:undefined disposed:false
2329 silly fetch manifest @babel/types@^7.27.3
2330 silly packumentCache full:https://registry.npmjs.org/@babel%2ftypes cache-miss
2331 http cache https://registry.npmjs.org/@babel%2fplugin-syntax-jsx 25ms (cache hit)
2332 silly packumentCache full:https://registry.npmjs.org/@babel%2fplugin-syntax-jsx set size:194952 disposed:false
2333 silly fetch manifest @jest/snapshot-utils@30.4.1
2334 silly packumentCache full:https://registry.npmjs.org/@jest%2fsnapshot-utils cache-miss
2335 http cache https://registry.npmjs.org/@babel%2fplugin-syntax-typescript 24ms (cache hit)
2336 silly packumentCache full:https://registry.npmjs.org/@babel%2fplugin-syntax-typescript set size:221236 disposed:false
2337 silly fetch manifest babel-preset-current-node-syntax@^1.2.0
2338 silly packumentCache full:https://registry.npmjs.org/babel-preset-current-node-syntax cache-miss
2339 http cache https://registry.npmjs.org/@babel%2ftypes 31ms (cache hit)
2340 silly packumentCache full:https://registry.npmjs.org/@babel%2ftypes set size:502938 disposed:false
2341 silly fetch manifest camelcase@^6.3.0
2342 silly packumentCache full:https://registry.npmjs.org/camelcase cache-miss
2343 http fetch GET 200 https://registry.npmjs.org/babel-preset-current-node-syntax 38ms (cache miss)
2344 silly packumentCache full:https://registry.npmjs.org/babel-preset-current-node-syntax set size:undefined disposed:false
2345 silly fetch manifest leven@^3.1.0
2346 silly packumentCache full:https://registry.npmjs.org/leven cache-miss
2347 http fetch GET 200 https://registry.npmjs.org/leven 31ms (cache miss)
2348 silly packumentCache full:https://registry.npmjs.org/leven set size:undefined disposed:false
2349 http fetch GET 200 https://registry.npmjs.org/camelcase 49ms (cache miss)
2350 silly packumentCache full:https://registry.npmjs.org/camelcase set size:undefined disposed:false
2351 http fetch GET 200 https://registry.npmjs.org/@jest%2fsnapshot-utils 667ms (cache miss)
2352 silly packumentCache full:https://registry.npmjs.org/@jest%2fsnapshot-utils set size:undefined disposed:false
2353 silly placeDep ROOT @bcoe/v8-coverage@0.2.3 OK for: @jest/reporters@30.4.1 want: ^0.2.3
2354 silly placeDep ROOT @jridgewell/trace-mapping@0.3.31 OK for: @jest/reporters@30.4.1 want: ^0.3.25
2355 silly placeDep ROOT collect-v8-coverage@1.0.3 OK for: @jest/reporters@30.4.1 want: ^1.0.2
2356 silly placeDep node_modules/@jest/reporters glob@10.5.0 OK for: @jest/reporters@30.4.1 want: ^10.5.0
2357 silly placeDep ROOT istanbul-lib-coverage@3.2.2 OK for: @jest/reporters@30.4.1 want: ^3.0.0
2358 silly placeDep ROOT istanbul-lib-instrument@6.0.3 OK for: @jest/reporters@30.4.1 want: ^6.0.0
2359 silly placeDep ROOT istanbul-lib-report@3.0.1 OK for: @jest/reporters@30.4.1 want: ^3.0.0
2360 silly placeDep ROOT istanbul-lib-source-maps@5.0.6 OK for: @jest/reporters@30.4.1 want: ^5.0.0
2361 silly placeDep ROOT istanbul-reports@3.2.0 OK for: @jest/reporters@30.4.1 want: ^3.1.3
2362 silly placeDep ROOT jest-worker@30.4.1 OK for: @jest/reporters@30.4.1 want: 30.4.1
2363 silly placeDep ROOT string-length@4.0.2 OK for: @jest/reporters@30.4.1 want: ^4.0.2
2364 silly placeDep ROOT v8-to-istanbul@9.3.0 OK for: @jest/reporters@30.4.1 want: ^9.0.1
2365 silly fetch manifest @jridgewell/resolve-uri@^3.1.0
2366 silly packumentCache full:https://registry.npmjs.org/@jridgewell%2fresolve-uri cache-miss
2367 silly fetch manifest @jridgewell/sourcemap-codec@^1.4.14
2368 silly packumentCache full:https://registry.npmjs.org/@jridgewell%2fsourcemap-codec cache-hit
2369 silly fetch manifest jackspeak@^3.1.2
2370 silly packumentCache full:https://registry.npmjs.org/jackspeak cache-miss
2371 silly fetch manifest minimatch@^9.0.4
2372 silly packumentCache full:https://registry.npmjs.org/minimatch cache-hit
2373 silly fetch manifest path-scurry@^1.11.1
2374 silly packumentCache full:https://registry.npmjs.org/path-scurry cache-hit
2375 silly fetch manifest foreground-child@^3.1.0
2376 silly packumentCache full:https://registry.npmjs.org/foreground-child cache-miss
2377 http cache https://registry.npmjs.org/@jridgewell%2fresolve-uri 13ms (cache hit)
2378 silly packumentCache full:https://registry.npmjs.org/@jridgewell%2fresolve-uri set size:57361 disposed:false
2379 silly fetch manifest package-json-from-dist@^1.0.0
2380 silly packumentCache full:https://registry.npmjs.org/package-json-from-dist cache-miss
2381 http fetch GET 200 https://registry.npmjs.org/foreground-child 34ms (cache miss)
2382 silly packumentCache full:https://registry.npmjs.org/foreground-child set size:undefined disposed:false
2383 silly fetch manifest @babel/core@^7.23.9
2384 silly packumentCache full:https://registry.npmjs.org/@babel%2fcore cache-hit
2385 silly fetch manifest @babel/parser@^7.23.9
2386 silly packumentCache full:https://registry.npmjs.org/@babel%2fparser cache-miss
2387 http fetch GET 200 https://registry.npmjs.org/jackspeak 40ms (cache miss)
2388 silly packumentCache full:https://registry.npmjs.org/jackspeak set size:undefined disposed:false
2389 silly fetch manifest @istanbuljs/schema@^0.1.3
2390 silly packumentCache full:https://registry.npmjs.org/@istanbuljs%2fschema cache-miss
2391 http fetch GET 200 https://registry.npmjs.org/package-json-from-dist 35ms (cache miss)
2392 silly packumentCache full:https://registry.npmjs.org/package-json-from-dist set size:undefined disposed:false
2393 silly fetch manifest make-dir@^4.0.0
2394 silly packumentCache full:https://registry.npmjs.org/make-dir cache-miss
2395 http cache https://registry.npmjs.org/@babel%2fparser 20ms (cache hit)
2396 silly packumentCache full:https://registry.npmjs.org/@babel%2fparser set size:737961 disposed:false
2397 silly fetch manifest html-escaper@^2.0.0
2398 silly packumentCache full:https://registry.npmjs.org/html-escaper cache-miss
2399 http fetch GET 200 https://registry.npmjs.org/@istanbuljs%2fschema 57ms (cache miss)
2400 silly packumentCache full:https://registry.npmjs.org/@istanbuljs%2fschema set size:undefined disposed:false
2401 silly fetch manifest @ungap/structured-clone@^1.3.0
2402 silly packumentCache full:https://registry.npmjs.org/@ungap%2fstructured-clone cache-miss
2403 http fetch GET 200 https://registry.npmjs.org/make-dir 51ms (cache miss)
2404 silly packumentCache full:https://registry.npmjs.org/make-dir set size:undefined disposed:false
2405 silly fetch manifest merge-stream@^2.0.0
2406 silly packumentCache full:https://registry.npmjs.org/merge-stream cache-miss
2407 http fetch GET 200 https://registry.npmjs.org/html-escaper 48ms (cache miss)
2408 silly packumentCache full:https://registry.npmjs.org/html-escaper set size:undefined disposed:false
2409 silly fetch manifest supports-color@^8.1.1
2410 silly packumentCache full:https://registry.npmjs.org/supports-color cache-hit
2411 silly fetch manifest char-regex@^1.0.2
2412 silly packumentCache full:https://registry.npmjs.org/char-regex cache-miss
2413 http cache https://registry.npmjs.org/merge-stream 19ms (cache hit)
2414 silly packumentCache full:https://registry.npmjs.org/merge-stream set size:22168 disposed:false
2415 silly fetch manifest @types/istanbul-lib-coverage@^2.0.1
2416 silly packumentCache full:https://registry.npmjs.org/@types%2fistanbul-lib-coverage cache-miss
2417 http cache https://registry.npmjs.org/@types%2fistanbul-lib-coverage 14ms (cache hit)
2418 silly packumentCache full:https://registry.npmjs.org/@types%2fistanbul-lib-coverage set size:18110 disposed:false
2419 http fetch GET 200 https://registry.npmjs.org/@ungap%2fstructured-clone 42ms (cache miss)
2420 silly packumentCache full:https://registry.npmjs.org/@ungap%2fstructured-clone set size:undefined disposed:false
2421 http fetch GET 200 https://registry.npmjs.org/char-regex 30ms (cache miss)
2422 silly packumentCache full:https://registry.npmjs.org/char-regex set size:undefined disposed:false
2423 silly placeDep ROOT @types/istanbul-lib-coverage@2.0.6 OK for: @jest/test-result@30.4.1 want: ^2.0.6
2424 silly placeDep ROOT @babel/core@7.29.7 OK for: @jest/transform@30.4.1 want: ^7.27.4
2425 silly placeDep ROOT babel-plugin-istanbul@7.0.1 OK for: @jest/transform@30.4.1 want: ^7.0.1
2426 silly placeDep ROOT convert-source-map@2.0.0 OK for: @jest/transform@30.4.1 want: ^2.0.0
2427 silly placeDep ROOT pirates@4.0.7 OK for: @jest/transform@30.4.1 want: ^4.0.7
2428 silly placeDep ROOT write-file-atomic@5.0.1 OK for: @jest/transform@30.4.1 want: ^5.0.1
2429 silly fetch manifest semver@^6.3.1
2430 silly packumentCache full:https://registry.npmjs.org/semver cache-hit
2431 silly fetch manifest gensync@^1.0.0-beta.2
2432 silly packumentCache full:https://registry.npmjs.org/gensync cache-miss
2433 silly fetch manifest @babel/types@^7.29.7
2434 silly packumentCache full:https://registry.npmjs.org/@babel%2ftypes cache-hit
2435 silly fetch manifest @babel/parser@^7.29.7
2436 silly packumentCache full:https://registry.npmjs.org/@babel%2fparser cache-hit
2437 silly fetch manifest @babel/helpers@^7.29.7
2438 silly packumentCache full:https://registry.npmjs.org/@babel%2fhelpers cache-miss
2439 silly fetch manifest @babel/template@^7.29.7
2440 silly packumentCache full:https://registry.npmjs.org/@babel%2ftemplate cache-miss
2441 http cache https://registry.npmjs.org/gensync 16ms (cache hit)
2442 silly packumentCache full:https://registry.npmjs.org/gensync set size:15068 disposed:false
2443 silly fetch manifest @babel/traverse@^7.29.7
2444 silly packumentCache full:https://registry.npmjs.org/@babel%2ftraverse cache-miss
2445 http cache https://registry.npmjs.org/@babel%2fhelpers 15ms (cache hit)
2446 silly packumentCache full:https://registry.npmjs.org/@babel%2fhelpers set size:398496 disposed:false
2447 silly fetch manifest @babel/generator@^7.29.7
2448 silly packumentCache full:https://registry.npmjs.org/@babel%2fgenerator cache-hit
2449 silly fetch manifest @jridgewell/remapping@^2.3.5
2450 silly packumentCache full:https://registry.npmjs.org/@jridgewell%2fremapping cache-miss
2451 http cache https://registry.npmjs.org/@babel%2ftemplate 23ms (cache hit)
2452 silly packumentCache full:https://registry.npmjs.org/@babel%2ftemplate set size:237074 disposed:false
2453 silly fetch manifest @babel/helper-module-transforms@^7.29.7
2454 silly packumentCache full:https://registry.npmjs.org/@babel%2fhelper-module-transforms cache-miss
2455 http cache https://registry.npmjs.org/@babel%2ftraverse 27ms (cache hit)
2456 silly packumentCache full:https://registry.npmjs.org/@babel%2ftraverse set size:564759 disposed:false
2457 silly fetch manifest @babel/helper-compilation-targets@^7.29.7
2458 silly packumentCache full:https://registry.npmjs.org/@babel%2fhelper-compilation-targets cache-miss
2459 http cache https://registry.npmjs.org/@babel%2fhelper-module-transforms 23ms (cache hit)
2460 silly packumentCache full:https://registry.npmjs.org/@babel%2fhelper-module-transforms set size:346454 disposed:false
2461 silly fetch manifest test-exclude@^6.0.0
2462 silly packumentCache full:https://registry.npmjs.org/test-exclude cache-miss
2463 http fetch GET 200 https://registry.npmjs.org/@jridgewell%2fremapping 41ms (cache revalidated)
2464 silly packumentCache full:https://registry.npmjs.org/@jridgewell%2fremapping set size:23809 disposed:false
2465 silly fetch manifest @babel/helper-plugin-utils@^7.0.0
2466 silly packumentCache full:https://registry.npmjs.org/@babel%2fhelper-plugin-utils cache-miss
2467 http cache https://registry.npmjs.org/@babel%2fhelper-compilation-targets 88ms (cache hit)
2468 silly packumentCache full:https://registry.npmjs.org/@babel%2fhelper-compilation-targets set size:229541 disposed:false
2469 silly fetch manifest @istanbuljs/load-nyc-config@^1.0.0
2470 silly packumentCache full:https://registry.npmjs.org/@istanbuljs%2fload-nyc-config cache-miss
2471 http cache https://registry.npmjs.org/@babel%2fhelper-plugin-utils 87ms (cache hit)
2472 silly packumentCache full:https://registry.npmjs.org/@babel%2fhelper-plugin-utils set size:175564 disposed:false
2473 http fetch GET 200 https://registry.npmjs.org/test-exclude 101ms (cache miss)
2474 silly packumentCache full:https://registry.npmjs.org/test-exclude set size:undefined disposed:false
2475 http fetch GET 200 https://registry.npmjs.org/@istanbuljs%2fload-nyc-config 33ms (cache miss)
2476 silly packumentCache full:https://registry.npmjs.org/@istanbuljs%2fload-nyc-config set size:undefined disposed:false
2477 silly fetch manifest @babel/core@^7.0.0
2478 silly packumentCache full:https://registry.npmjs.org/@babel%2fcore cache-hit
2479 silly placeDep ROOT @babel/generator@7.29.8 OK for: @babel/core@7.29.7 want: ^7.29.7
2480 silly placeDep ROOT @babel/helper-compilation-targets@7.29.7 OK for: @babel/core@7.29.7 want: ^7.29.7
2481 silly placeDep ROOT @babel/helper-module-transforms@7.29.7 OK for: @babel/core@7.29.7 want: ^7.29.7
2482 silly placeDep ROOT @babel/helpers@7.29.7 OK for: @babel/core@7.29.7 want: ^7.29.7
2483 silly placeDep ROOT @babel/parser@7.29.8 OK for: @babel/core@7.29.7 want: ^7.29.7
2484 silly placeDep ROOT @babel/template@7.29.7 OK for: @babel/core@7.29.7 want: ^7.29.7
2485 silly placeDep ROOT @babel/traverse@7.29.8 OK for: @babel/core@7.29.7 want: ^7.29.7
2486 silly placeDep ROOT @babel/types@7.29.8 OK for: @babel/core@7.29.7 want: ^7.29.7
2487 silly placeDep ROOT @jridgewell/remapping@2.3.5 OK for: @babel/core@7.29.7 want: ^2.3.5
2488 silly placeDep ROOT gensync@1.0.0-beta.2 OK for: @babel/core@7.29.7 want: ^1.0.0-beta.2
2489 silly placeDep ROOT json5@2.2.3 OK for: @babel/core@7.29.7 want: ^2.2.3
2490 silly placeDep node_modules/@babel/core semver@6.3.1 OK for: @babel/core@7.29.7 want: ^6.3.1
2491 silly fetch manifest jsesc@^3.0.2
2492 silly packumentCache full:https://registry.npmjs.org/jsesc cache-miss
2493 silly fetch manifest @babel/types@^7.29.8
2494 silly packumentCache full:https://registry.npmjs.org/@babel%2ftypes cache-hit
2495 silly fetch manifest @babel/parser@^7.29.8
2496 silly packumentCache full:https://registry.npmjs.org/@babel%2fparser cache-hit
2497 silly fetch manifest @jridgewell/gen-mapping@^0.3.12
2498 silly packumentCache full:https://registry.npmjs.org/@jridgewell%2fgen-mapping cache-miss
2499 silly fetch manifest lru-cache@^5.1.1
2500 silly packumentCache full:https://registry.npmjs.org/lru-cache cache-hit
2501 silly fetch manifest browserslist@^4.24.0
2502 silly packumentCache full:https://registry.npmjs.org/browserslist cache-hit
2503 silly fetch manifest @babel/compat-data@^7.29.7
2504 silly packumentCache full:https://registry.npmjs.org/@babel%2fcompat-data cache-miss
2505 http cache https://registry.npmjs.org/jsesc 17ms (cache hit)
2506 silly packumentCache full:https://registry.npmjs.org/jsesc set size:61512 disposed:false
2507 silly fetch manifest @babel/helper-validator-option@^7.29.7
2508 silly packumentCache full:https://registry.npmjs.org/@babel%2fhelper-validator-option cache-miss
2509 http cache https://registry.npmjs.org/@jridgewell%2fgen-mapping 16ms (cache hit)
2510 silly packumentCache full:https://registry.npmjs.org/@jridgewell%2fgen-mapping set size:75941 disposed:false
2511 silly fetch manifest @babel/helper-module-imports@^7.29.7
2512 silly packumentCache full:https://registry.npmjs.org/@babel%2fhelper-module-imports cache-miss
2513 http cache https://registry.npmjs.org/@babel%2fcompat-data 18ms (cache hit)
2514 silly packumentCache full:https://registry.npmjs.org/@babel%2fcompat-data set size:318807 disposed:false
2515 silly fetch manifest @babel/helper-globals@^7.29.7
2516 silly packumentCache full:https://registry.npmjs.org/@babel%2fhelper-globals cache-miss
2517 http cache https://registry.npmjs.org/@babel%2fhelper-validator-option 18ms (cache hit)
2518 silly packumentCache full:https://registry.npmjs.org/@babel%2fhelper-validator-option set size:101303 disposed:false
2519 silly fetch manifest @babel/helper-string-parser@^7.29.7
2520 silly packumentCache full:https://registry.npmjs.org/@babel%2fhelper-string-parser cache-miss
2521 http cache https://registry.npmjs.org/@babel%2fhelper-globals 14ms (cache hit)
2522 silly packumentCache full:https://registry.npmjs.org/@babel%2fhelper-globals set size:25155 disposed:false
2523 silly fetch manifest @jridgewell/gen-mapping@^0.3.5
2524 silly packumentCache full:https://registry.npmjs.org/@jridgewell%2fgen-mapping cache-hit
2525 http cache https://registry.npmjs.org/@babel%2fhelper-module-imports 20ms (cache hit)
2526 silly packumentCache full:https://registry.npmjs.org/@babel%2fhelper-module-imports set size:203392 disposed:false
2527 http cache https://registry.npmjs.org/@babel%2fhelper-string-parser 13ms (cache hit)
2528 silly packumentCache full:https://registry.npmjs.org/@babel%2fhelper-string-parser set size:91563 disposed:false
2529 silly placeDep ROOT @jridgewell/gen-mapping@0.3.13 OK for: @babel/generator@7.29.8 want: ^0.3.12
2530 silly placeDep ROOT jsesc@3.1.0 OK for: @babel/generator@7.29.8 want: ^3.0.2
2531 silly placeDep ROOT @babel/compat-data@7.29.7 OK for: @babel/helper-compilation-targets@7.29.7 want: ^7.29.7
2532 silly placeDep ROOT @babel/helper-validator-option@7.29.7 OK for: @babel/helper-compilation-targets@7.29.7 want: ^7.29.7
2533 silly placeDep ROOT browserslist@4.28.8 OK for: @babel/helper-compilation-targets@7.29.7 want: ^4.24.0
2534 silly placeDep ROOT lru-cache@5.1.1 OK for: @babel/helper-compilation-targets@7.29.7 want: ^5.1.1
2535 silly placeDep node_modules/@babel/helper-compilation-targets semver@6.3.1 OK for: @babel/helper-compilation-targets@7.29.7 want: ^6.3.1
2536 silly fetch manifest caniuse-lite@^1.0.30001809
2537 silly packumentCache full:https://registry.npmjs.org/caniuse-lite cache-miss
2538 silly fetch manifest node-releases@^2.0.53
2539 silly packumentCache full:https://registry.npmjs.org/node-releases cache-miss
2540 silly fetch manifest electron-to-chromium@^1.5.402
2541 silly packumentCache full:https://registry.npmjs.org/electron-to-chromium cache-miss
2542 http cache https://registry.npmjs.org/node-releases 38ms (cache hit)
2543 silly packumentCache full:https://registry.npmjs.org/node-releases set size:294065 disposed:false
2544 silly fetch manifest update-browserslist-db@^1.3.0
2545 silly packumentCache full:https://registry.npmjs.org/update-browserslist-db cache-miss
2546 http cache https://registry.npmjs.org/electron-to-chromium 68ms (cache hit)
2547 silly packumentCache full:https://registry.npmjs.org/electron-to-chromium set size:4894833 disposed:false
2548 silly fetch manifest baseline-browser-mapping@^2.11.12
2549 silly packumentCache full:https://registry.npmjs.org/baseline-browser-mapping cache-miss
2550 http cache https://registry.npmjs.org/caniuse-lite 118ms (cache hit)
2551 silly packumentCache full:https://registry.npmjs.org/caniuse-lite set size:2311190 disposed:false
2552 silly fetch manifest yallist@^3.0.2
2553 silly packumentCache full:https://registry.npmjs.org/yallist cache-miss
2554 http cache https://registry.npmjs.org/update-browserslist-db 92ms (cache hit)
2555 silly packumentCache full:https://registry.npmjs.org/update-browserslist-db set size:66683 disposed:false
2556 http cache https://registry.npmjs.org/yallist 18ms (cache hit)
2557 silly packumentCache full:https://registry.npmjs.org/yallist set size:34610 disposed:false
2558 http cache https://registry.npmjs.org/baseline-browser-mapping 41ms (cache hit)
2559 silly packumentCache full:https://registry.npmjs.org/baseline-browser-mapping set size:593061 disposed:false
2560 silly placeDep ROOT @babel/helper-module-imports@7.29.7 OK for: @babel/helper-module-transforms@7.29.7 want: ^7.29.7
2561 silly placeDep ROOT @babel/helper-globals@7.29.7 OK for: @babel/traverse@7.29.8 want: ^7.29.7
2562 silly placeDep ROOT @babel/helper-string-parser@7.29.7 OK for: @babel/types@7.29.8 want: ^7.29.7
2563 silly placeDep ROOT @jest/schemas@30.4.1 OK for: @jest/types@30.4.1 want: 30.4.1
2564 silly placeDep ROOT @types/istanbul-reports@3.0.4 OK for: @jest/types@30.4.1 want: ^3.0.4
2565 silly placeDep ROOT @types/yargs@17.0.35 OK for: @jest/types@30.4.1 want: ^17.0.33
2566 silly fetch manifest @sinclair/typebox@^0.34.0
2567 silly packumentCache full:https://registry.npmjs.org/@sinclair%2ftypebox cache-miss
2568 silly fetch manifest @types/istanbul-lib-report@*
2569 silly packumentCache full:https://registry.npmjs.org/@types%2fistanbul-lib-report cache-miss
2570 silly fetch manifest @types/yargs-parser@*
2571 silly packumentCache full:https://registry.npmjs.org/@types%2fyargs-parser cache-miss
2572 http fetch GET 200 https://registry.npmjs.org/@types%2fyargs-parser 36ms (cache miss)
2573 silly packumentCache full:https://registry.npmjs.org/@types%2fyargs-parser set size:undefined disposed:false
2574 http fetch GET 200 https://registry.npmjs.org/@types%2fistanbul-lib-report 41ms (cache miss)
2575 silly packumentCache full:https://registry.npmjs.org/@types%2fistanbul-lib-report set size:undefined disposed:false
2576 http fetch GET 200 https://registry.npmjs.org/@sinclair%2ftypebox 79ms (cache miss)
2577 silly packumentCache full:https://registry.npmjs.org/@sinclair%2ftypebox set size:undefined disposed:false
2578 silly placeDep ROOT @sinclair/typebox@0.34.52 OK for: @jest/schemas@30.4.1 want: ^0.34.0
2579 silly placeDep ROOT @jridgewell/sourcemap-codec@1.5.5 OK for: @jridgewell/gen-mapping@0.3.13 want: ^1.5.0
2580 silly placeDep ROOT @jridgewell/resolve-uri@3.1.2 OK for: @jridgewell/trace-mapping@0.3.31 want: ^3.1.0
2581 silly placeDep ROOT @types/istanbul-lib-report@3.0.3 OK for: @types/istanbul-reports@3.0.4 want: *
2582 silly placeDep ROOT @types/yargs-parser@21.0.3 OK for: @types/yargs@17.0.35 want: *
2583 silly placeDep ROOT type-fest@0.21.3 OK for: ansi-escapes@4.3.2 want: ^0.21.3
2584 silly placeDep ROOT @babel/helper-plugin-utils@7.29.7 OK for: babel-plugin-istanbul@7.0.1 want: ^7.0.0
2585 silly placeDep ROOT @istanbuljs/load-nyc-config@1.1.0 OK for: babel-plugin-istanbul@7.0.1 want: ^1.0.0
2586 silly placeDep ROOT @istanbuljs/schema@0.1.6 OK for: babel-plugin-istanbul@7.0.1 want: ^0.1.3
2587 silly placeDep ROOT test-exclude@6.0.0 OK for: babel-plugin-istanbul@7.0.1 want: ^6.0.0
2588 silly fetch manifest camelcase@^5.3.1
2589 silly packumentCache full:https://registry.npmjs.org/camelcase cache-miss
2590 silly fetch manifest find-up@^4.1.0
2591 silly packumentCache full:https://registry.npmjs.org/find-up cache-hit
2592 silly fetch manifest get-package-type@^0.1.0
2593 silly packumentCache full:https://registry.npmjs.org/get-package-type cache-miss
2594 silly fetch manifest js-yaml@^3.13.1
2595 silly packumentCache full:https://registry.npmjs.org/js-yaml cache-hit
2596 silly fetch manifest resolve-from@^5.0.0
2597 silly packumentCache full:https://registry.npmjs.org/resolve-from cache-hit
2598 silly fetch manifest glob@^7.1.4
2599 silly packumentCache full:https://registry.npmjs.org/glob cache-hit
2600 http cache https://registry.npmjs.org/camelcase 56ms (cache hit)
2601 silly packumentCache full:https://registry.npmjs.org/camelcase set size:60255 disposed:false
2602 http fetch GET 200 https://registry.npmjs.org/get-package-type 66ms (cache miss)
2603 silly packumentCache full:https://registry.npmjs.org/get-package-type set size:undefined disposed:false
2604 silly placeDep ROOT camelcase@5.3.1 OK for: @istanbuljs/load-nyc-config@1.1.0 want: ^5.3.1
2605 silly placeDep node_modules/@istanbuljs/load-nyc-config find-up@4.1.0 OK for: @istanbuljs/load-nyc-config@1.1.0 want: ^4.1.0
2606 silly placeDep ROOT get-package-type@0.1.0 OK for: @istanbuljs/load-nyc-config@1.1.0 want: ^0.1.0
2607 silly placeDep node_modules/@istanbuljs/load-nyc-config js-yaml@3.15.1 OK for: @istanbuljs/load-nyc-config@1.1.0 want: ^3.13.1
2608 silly placeDep node_modules/@istanbuljs/load-nyc-config resolve-from@5.0.0 OK for: @istanbuljs/load-nyc-config@1.1.0 want: ^5.0.0
2609 silly fetch manifest locate-path@^5.0.0
2610 silly packumentCache full:https://registry.npmjs.org/locate-path cache-hit
2611 silly fetch manifest argparse@^1.0.7
2612 silly packumentCache full:https://registry.npmjs.org/argparse cache-hit
2613 silly fetch manifest browserslist@>= 4.21.0
2614 silly packumentCache full:https://registry.npmjs.org/browserslist cache-hit
2615 silly placeDep ROOT baseline-browser-mapping@2.11.13 OK for: browserslist@4.28.8 want: ^2.11.12
2616 silly placeDep ROOT caniuse-lite@1.0.30001809 OK for: browserslist@4.28.8 want: ^1.0.30001809
2617 silly placeDep ROOT electron-to-chromium@1.5.405 OK for: browserslist@4.28.8 want: ^1.5.402
2618 silly placeDep ROOT node-releases@2.0.53 OK for: browserslist@4.28.8 want: ^2.0.53
2619 silly placeDep ROOT update-browserslist-db@1.3.1 OK for: browserslist@4.28.8 want: ^1.3.0
2620 silly fetch manifest escalade@^3.2.0
2621 silly packumentCache full:https://registry.npmjs.org/escalade cache-miss
2622 http cache https://registry.npmjs.org/escalade 12ms (cache hit)
2623 silly packumentCache full:https://registry.npmjs.org/escalade set size:33724 disposed:false
2624 silly placeDep ROOT pkg-dir@4.2.0 OK for: import-local@3.2.0 want: ^4.2.0
2625 silly placeDep ROOT resolve-cwd@3.0.0 OK for: import-local@3.2.0 want: ^3.0.0
2626 silly fetch manifest find-up@^4.0.0
2627 silly packumentCache full:https://registry.npmjs.org/find-up cache-hit
2628 silly placeDep ROOT make-dir@4.0.0 OK for: istanbul-lib-report@3.0.1 want: ^4.0.0
2629 silly placeDep ROOT html-escaper@2.0.2 OK for: istanbul-reports@3.2.0 want: ^2.0.0
2630 silly placeDep ROOT execa@5.1.1 OK for: jest-changed-files@30.4.1 want: ^5.1.1
2631 silly placeDep ROOT p-limit@3.1.0 OK for: jest-changed-files@30.4.1 want: ^3.1.0
2632 silly fetch manifest onetime@^5.1.2
2633 silly packumentCache full:https://registry.npmjs.org/onetime cache-miss
2634 silly fetch manifest is-stream@^2.0.0
2635 silly packumentCache full:https://registry.npmjs.org/is-stream cache-miss
2636 silly fetch manifest get-stream@^6.0.0
2637 silly packumentCache full:https://registry.npmjs.org/get-stream cache-miss
2638 http cache https://registry.npmjs.org/onetime 19ms (cache hit)
2639 silly packumentCache full:https://registry.npmjs.org/onetime set size:32314 disposed:false
2640 silly fetch manifest signal-exit@^3.0.3
2641 silly packumentCache full:https://registry.npmjs.org/signal-exit cache-hit
2642 silly fetch manifest npm-run-path@^4.0.1
2643 silly packumentCache full:https://registry.npmjs.org/npm-run-path cache-miss
2644 http cache https://registry.npmjs.org/get-stream 24ms (cache hit)
2645 silly packumentCache full:https://registry.npmjs.org/get-stream set size:57536 disposed:false
2646 silly fetch manifest human-signals@^2.1.0
2647 silly packumentCache full:https://registry.npmjs.org/human-signals cache-miss
2648 http cache https://registry.npmjs.org/is-stream 29ms (cache hit)
2649 silly packumentCache full:https://registry.npmjs.org/is-stream set size:18582 disposed:false
2650 silly fetch manifest strip-final-newline@^2.0.0
2651 silly packumentCache full:https://registry.npmjs.org/strip-final-newline cache-miss
2652 http cache https://registry.npmjs.org/npm-run-path 22ms (cache hit)
2653 silly packumentCache full:https://registry.npmjs.org/npm-run-path set size:33596 disposed:false
2654 silly fetch manifest yocto-queue@^0.1.0
2655 silly packumentCache full:https://registry.npmjs.org/yocto-queue cache-miss
2656 http cache https://registry.npmjs.org/strip-final-newline 16ms (cache hit)
2657 silly packumentCache full:https://registry.npmjs.org/strip-final-newline set size:9328 disposed:false
2658 http cache https://registry.npmjs.org/human-signals 22ms (cache hit)
2659 silly packumentCache full:https://registry.npmjs.org/human-signals set size:47322 disposed:false
2660 http fetch GET 200 https://registry.npmjs.org/yocto-queue 28ms (cache miss)
2661 silly packumentCache full:https://registry.npmjs.org/yocto-queue set size:undefined disposed:false
2662 silly placeDep ROOT get-stream@6.0.1 OK for: execa@5.1.1 want: ^6.0.0
2663 silly placeDep ROOT human-signals@2.1.0 OK for: execa@5.1.1 want: ^2.1.0
2664 silly placeDep ROOT is-stream@2.0.1 OK for: execa@5.1.1 want: ^2.0.0
2665 silly placeDep ROOT merge-stream@2.0.0 OK for: execa@5.1.1 want: ^2.0.0
2666 silly placeDep ROOT npm-run-path@4.0.1 OK for: execa@5.1.1 want: ^4.0.1
2667 silly placeDep ROOT onetime@5.1.2 OK for: execa@5.1.1 want: ^5.1.2
2668 silly placeDep node_modules/execa signal-exit@3.0.7 OK for: execa@5.1.1 want: ^3.0.3
2669 silly placeDep ROOT strip-final-newline@2.0.0 OK for: execa@5.1.1 want: ^2.0.0
2670 silly fetch manifest mimic-fn@^2.1.0
2671 silly packumentCache full:https://registry.npmjs.org/mimic-fn cache-miss
2672 http cache https://registry.npmjs.org/mimic-fn 11ms (cache hit)
2673 silly packumentCache full:https://registry.npmjs.org/mimic-fn set size:22257 disposed:false
2674 silly placeDep ROOT yargs@17.7.3 OK for: jest-cli@30.4.2 want: ^17.7.2
2675 silly fetch manifest y18n@^5.0.5
2676 silly packumentCache full:https://registry.npmjs.org/y18n cache-miss
2677 silly fetch manifest cliui@^8.0.1
2678 silly packumentCache full:https://registry.npmjs.org/cliui cache-miss
2679 silly fetch manifest escalade@^3.1.1
2680 silly packumentCache full:https://registry.npmjs.org/escalade cache-hit
2681 silly fetch manifest get-caller-file@^2.0.5
2682 silly packumentCache full:https://registry.npmjs.org/get-caller-file cache-miss
2683 http fetch GET 200 https://registry.npmjs.org/y18n 37ms (cache miss)
2684 silly packumentCache full:https://registry.npmjs.org/y18n set size:undefined disposed:false
2685 silly fetch manifest require-directory@^2.1.1
2686 silly packumentCache full:https://registry.npmjs.org/require-directory cache-miss
2687 http fetch GET 200 https://registry.npmjs.org/cliui 38ms (cache miss)
2688 silly packumentCache full:https://registry.npmjs.org/cliui set size:undefined disposed:false
2689 http fetch GET 200 https://registry.npmjs.org/get-caller-file 38ms (cache miss)
2690 silly packumentCache full:https://registry.npmjs.org/get-caller-file set size:undefined disposed:false
2691 http fetch GET 200 https://registry.npmjs.org/require-directory 38ms (cache miss)
2692 silly packumentCache full:https://registry.npmjs.org/require-directory set size:undefined disposed:false
2693 silly placeDep ROOT @jest/test-sequencer@30.4.1 OK for: jest-config@30.4.2 want: 30.4.1
2694 silly placeDep ROOT babel-jest@30.4.1 OK for: jest-config@30.4.2 want: 30.4.1
2695 silly placeDep node_modules/jest-config glob@10.5.0 OK for: jest-config@30.4.2 want: ^10.5.0
2696 silly placeDep ROOT jest-circus@30.4.2 OK for: jest-config@30.4.2 want: 30.4.2
2697 silly placeDep ROOT jest-docblock@30.4.0 OK for: jest-config@30.4.2 want: 30.4.0
2698 silly placeDep ROOT jest-environment-node@30.4.1 OK for: jest-config@30.4.2 want: 30.4.1
2699 silly fetch manifest @types/babel__core@^7.20.5
2700 silly packumentCache full:https://registry.npmjs.org/@types%2fbabel__core cache-miss
2701 silly fetch manifest babel-preset-jest@30.4.0
2702 silly packumentCache full:https://registry.npmjs.org/babel-preset-jest cache-miss
2703 silly fetch manifest @jest/expect@30.4.1
2704 silly packumentCache full:https://registry.npmjs.org/@jest%2fexpect cache-miss
2705 http fetch GET 200 https://registry.npmjs.org/babel-preset-jest 55ms (cache miss)
2706 silly packumentCache full:https://registry.npmjs.org/babel-preset-jest set size:undefined disposed:false
2707 silly fetch manifest co@^4.6.0
2708 silly packumentCache full:https://registry.npmjs.org/co cache-miss
2709 http fetch GET 200 https://registry.npmjs.org/@jest%2fexpect 62ms (cache miss)
2710 silly packumentCache full:https://registry.npmjs.org/@jest%2fexpect set size:undefined disposed:false
2711 silly fetch manifest dedent@^1.6.0
2712 silly packumentCache full:https://registry.npmjs.org/dedent cache-miss
2713 http cache https://registry.npmjs.org/dedent 12ms (cache hit)
2714 silly packumentCache full:https://registry.npmjs.org/dedent set size:77148 disposed:false
2715 silly fetch manifest is-generator-fn@^2.1.0
2716 silly packumentCache full:https://registry.npmjs.org/is-generator-fn cache-miss
2717 http fetch GET 200 https://registry.npmjs.org/co 56ms (cache miss)
2718 silly packumentCache full:https://registry.npmjs.org/co set size:undefined disposed:false
2719 silly fetch manifest jest-each@30.4.1
2720 silly packumentCache full:https://registry.npmjs.org/jest-each cache-miss
2721 http fetch GET 200 https://registry.npmjs.org/is-generator-fn 44ms (cache miss)
2722 silly packumentCache full:https://registry.npmjs.org/is-generator-fn set size:undefined disposed:false
2723 silly fetch manifest pure-rand@^7.0.0
2724 silly packumentCache full:https://registry.npmjs.org/pure-rand cache-miss
2725 http fetch GET 200 https://registry.npmjs.org/pure-rand 39ms (cache miss)
2726 silly packumentCache full:https://registry.npmjs.org/pure-rand set size:undefined disposed:false
2727 silly fetch manifest detect-newline@^3.1.0
2728 silly packumentCache full:https://registry.npmjs.org/detect-newline cache-miss
2729 http fetch GET 200 https://registry.npmjs.org/jest-each 52ms (cache miss)
2730 silly packumentCache full:https://registry.npmjs.org/jest-each set size:undefined disposed:false
2731 http fetch GET 200 https://registry.npmjs.org/detect-newline 61ms (cache miss)
2732 silly packumentCache full:https://registry.npmjs.org/detect-newline set size:undefined disposed:false
2733 http fetch GET 200 https://registry.npmjs.org/@types%2fbabel__core 341ms (cache miss)
2734 silly packumentCache full:https://registry.npmjs.org/@types%2fbabel__core set size:undefined disposed:false
2735 silly fetch manifest @babel/core@^7.11.0 || ^8.0.0-0
2736 silly packumentCache full:https://registry.npmjs.org/@babel%2fcore cache-hit
2737 silly placeDep ROOT @types/babel__core@7.20.5 OK for: babel-jest@30.4.1 want: ^7.20.5
2738 silly placeDep ROOT babel-preset-jest@30.4.0 OK for: babel-jest@30.4.1 want: 30.4.0
2739 silly fetch manifest @types/babel__template@*
2740 silly packumentCache full:https://registry.npmjs.org/@types%2fbabel__template cache-miss
2741 silly fetch manifest @types/babel__traverse@*
2742 silly packumentCache full:https://registry.npmjs.org/@types%2fbabel__traverse cache-miss
2743 silly fetch manifest @types/babel__generator@*
2744 silly packumentCache full:https://registry.npmjs.org/@types%2fbabel__generator cache-miss
2745 http fetch GET 200 https://registry.npmjs.org/@types%2fbabel__template 36ms (cache miss)
2746 silly packumentCache full:https://registry.npmjs.org/@types%2fbabel__template set size:undefined disposed:false
2747 silly fetch manifest babel-plugin-jest-hoist@30.4.0
2748 silly packumentCache full:https://registry.npmjs.org/babel-plugin-jest-hoist cache-miss
2749 http fetch GET 200 https://registry.npmjs.org/@types%2fbabel__generator 42ms (cache miss)
2750 silly packumentCache full:https://registry.npmjs.org/@types%2fbabel__generator set size:undefined disposed:false
2751 http fetch GET 200 https://registry.npmjs.org/@types%2fbabel__traverse 45ms (cache miss)
2752 silly packumentCache full:https://registry.npmjs.org/@types%2fbabel__traverse set size:undefined disposed:false
2753 http fetch GET 200 https://registry.npmjs.org/babel-plugin-jest-hoist 71ms (cache miss)
2754 silly packumentCache full:https://registry.npmjs.org/babel-plugin-jest-hoist set size:undefined disposed:false
2755 silly placeDep ROOT @types/babel__generator@7.27.0 OK for: @types/babel__core@7.20.5 want: *
2756 silly placeDep ROOT @types/babel__template@7.4.4 OK for: @types/babel__core@7.20.5 want: *
2757 silly placeDep ROOT @types/babel__traverse@7.28.0 OK for: @types/babel__core@7.20.5 want: *
2758 silly fetch manifest @babel/core@^7.11.0 || ^8.0.0-beta.1
2759 silly packumentCache full:https://registry.npmjs.org/@babel%2fcore cache-hit
2760 silly placeDep ROOT babel-plugin-jest-hoist@30.4.0 OK for: babel-preset-jest@30.4.0 want: 30.4.0
2761 silly placeDep ROOT babel-preset-current-node-syntax@1.2.0 OK for: babel-preset-jest@30.4.0 want: ^1.2.0
2762 silly fetch manifest @babel/plugin-syntax-async-generators@^7.8.4
2763 silly packumentCache full:https://registry.npmjs.org/@babel%2fplugin-syntax-async-generators cache-miss
2764 silly fetch manifest @babel/plugin-syntax-bigint@^7.8.3
2765 silly packumentCache full:https://registry.npmjs.org/@babel%2fplugin-syntax-bigint cache-miss
2766 silly fetch manifest @babel/plugin-syntax-class-properties@^7.12.13
2767 silly packumentCache full:https://registry.npmjs.org/@babel%2fplugin-syntax-class-properties cache-miss
2768 http fetch GET 200 https://registry.npmjs.org/@babel%2fplugin-syntax-bigint 65ms (cache miss)
2769 silly packumentCache full:https://registry.npmjs.org/@babel%2fplugin-syntax-bigint set size:undefined disposed:false
2770 silly fetch manifest @babel/plugin-syntax-class-static-block@^7.14.5
2771 silly packumentCache full:https://registry.npmjs.org/@babel%2fplugin-syntax-class-static-block cache-miss
2772 http fetch GET 200 https://registry.npmjs.org/@babel%2fplugin-syntax-async-generators 72ms (cache miss)
2773 silly packumentCache full:https://registry.npmjs.org/@babel%2fplugin-syntax-async-generators set size:undefined disposed:false
2774 silly fetch manifest @babel/plugin-syntax-import-attributes@^7.24.7
2775 silly packumentCache full:https://registry.npmjs.org/@babel%2fplugin-syntax-import-attributes cache-miss
2776 http fetch GET 200 https://registry.npmjs.org/@babel%2fplugin-syntax-class-properties 76ms (cache miss)
2777 silly packumentCache full:https://registry.npmjs.org/@babel%2fplugin-syntax-class-properties set size:undefined disposed:false
2778 silly fetch manifest @babel/plugin-syntax-import-meta@^7.10.4
2779 silly packumentCache full:https://registry.npmjs.org/@babel%2fplugin-syntax-import-meta cache-miss
2780 http fetch GET 200 https://registry.npmjs.org/@babel%2fplugin-syntax-import-attributes 38ms (cache miss)
2781 silly packumentCache full:https://registry.npmjs.org/@babel%2fplugin-syntax-import-attributes set size:undefined disposed:false
2782 silly fetch manifest @babel/plugin-syntax-json-strings@^7.8.3
2783 silly packumentCache full:https://registry.npmjs.org/@babel%2fplugin-syntax-json-strings cache-miss
2784 http fetch GET 200 https://registry.npmjs.org/@babel%2fplugin-syntax-import-meta 44ms (cache miss)
2785 silly packumentCache full:https://registry.npmjs.org/@babel%2fplugin-syntax-import-meta set size:undefined disposed:false
2786 silly fetch manifest @babel/plugin-syntax-logical-assignment-operators@^7.10.4
2787 silly packumentCache full:https://registry.npmjs.org/@babel%2fplugin-syntax-logical-assignment-operators cache-miss
2788 http fetch GET 200 https://registry.npmjs.org/@babel%2fplugin-syntax-class-static-block 342ms (cache miss)
2789 silly packumentCache full:https://registry.npmjs.org/@babel%2fplugin-syntax-class-static-block set size:undefined disposed:false
2790 silly fetch manifest @babel/plugin-syntax-nullish-coalescing-operator@^7.8.3
2791 silly packumentCache full:https://registry.npmjs.org/@babel%2fplugin-syntax-nullish-coalescing-operator cache-miss
2792 http fetch GET 200 https://registry.npmjs.org/@babel%2fplugin-syntax-nullish-coalescing-operator 56ms (cache miss)
2793 silly packumentCache full:https://registry.npmjs.org/@babel%2fplugin-syntax-nullish-coalescing-operator set size:undefined disposed:false
2794 silly fetch manifest @babel/plugin-syntax-numeric-separator@^7.10.4
2795 silly packumentCache full:https://registry.npmjs.org/@babel%2fplugin-syntax-numeric-separator cache-miss
2796 http fetch GET 200 https://registry.npmjs.org/@babel%2fplugin-syntax-json-strings 362ms (cache miss)
2797 silly packumentCache full:https://registry.npmjs.org/@babel%2fplugin-syntax-json-strings set size:undefined disposed:false
2798 silly fetch manifest @babel/plugin-syntax-object-rest-spread@^7.8.3
2799 silly packumentCache full:https://registry.npmjs.org/@babel%2fplugin-syntax-object-rest-spread cache-miss
2800 http fetch GET 200 https://registry.npmjs.org/@babel%2fplugin-syntax-logical-assignment-operators 355ms (cache miss)
2801 silly packumentCache full:https://registry.npmjs.org/@babel%2fplugin-syntax-logical-assignment-operators set size:undefined disposed:false
2802 silly fetch manifest @babel/plugin-syntax-optional-catch-binding@^7.8.3
2803 silly packumentCache full:https://registry.npmjs.org/@babel%2fplugin-syntax-optional-catch-binding cache-miss
2804 http fetch GET 200 https://registry.npmjs.org/@babel%2fplugin-syntax-numeric-separator 33ms (cache miss)
2805 silly packumentCache full:https://registry.npmjs.org/@babel%2fplugin-syntax-numeric-separator set size:undefined disposed:false
2806 silly fetch manifest @babel/plugin-syntax-optional-chaining@^7.8.3
2807 silly packumentCache full:https://registry.npmjs.org/@babel%2fplugin-syntax-optional-chaining cache-miss
2808 http fetch GET 200 https://registry.npmjs.org/@babel%2fplugin-syntax-optional-catch-binding 47ms (cache miss)
2809 silly packumentCache full:https://registry.npmjs.org/@babel%2fplugin-syntax-optional-catch-binding set size:undefined disposed:false
2810 silly fetch manifest @babel/plugin-syntax-private-property-in-object@^7.14.5
2811 silly packumentCache full:https://registry.npmjs.org/@babel%2fplugin-syntax-private-property-in-object cache-miss
2812 http fetch GET 200 https://registry.npmjs.org/@babel%2fplugin-syntax-object-rest-spread 57ms (cache miss)
2813 silly packumentCache full:https://registry.npmjs.org/@babel%2fplugin-syntax-object-rest-spread set size:undefined disposed:false
2814 silly fetch manifest @babel/plugin-syntax-top-level-await@^7.14.5
2815 silly packumentCache full:https://registry.npmjs.org/@babel%2fplugin-syntax-top-level-await cache-miss
2816 http fetch GET 200 https://registry.npmjs.org/@babel%2fplugin-syntax-optional-chaining 48ms (cache miss)
2817 silly packumentCache full:https://registry.npmjs.org/@babel%2fplugin-syntax-optional-chaining set size:undefined disposed:false
2818 http fetch GET 200 https://registry.npmjs.org/@babel%2fplugin-syntax-private-property-in-object 50ms (cache miss)
2819 silly packumentCache full:https://registry.npmjs.org/@babel%2fplugin-syntax-private-property-in-object set size:undefined disposed:false
2820 http fetch GET 200 https://registry.npmjs.org/@babel%2fplugin-syntax-top-level-await 368ms (cache miss)
2821 silly packumentCache full:https://registry.npmjs.org/@babel%2fplugin-syntax-top-level-await set size:undefined disposed:false
2822 silly fetch manifest @babel/core@^7.0.0 || ^8.0.0-0
2823 silly packumentCache full:https://registry.npmjs.org/@babel%2fcore cache-hit
2824 silly fetch manifest @babel/core@^7.0.0-0
2825 silly packumentCache full:https://registry.npmjs.org/@babel%2fcore cache-hit
2826 silly placeDep ROOT @babel/plugin-syntax-async-generators@7.8.4 OK for: babel-preset-current-node-syntax@1.2.0 want: ^7.8.4
2827 silly placeDep ROOT @babel/plugin-syntax-bigint@7.8.3 OK for: babel-preset-current-node-syntax@1.2.0 want: ^7.8.3
2828 silly placeDep ROOT @babel/plugin-syntax-class-properties@7.12.13 OK for: babel-preset-current-node-syntax@1.2.0 want: ^7.12.13
2829 silly placeDep ROOT @babel/plugin-syntax-class-static-block@7.14.5 OK for: babel-preset-current-node-syntax@1.2.0 want: ^7.14.5
2830 silly placeDep ROOT @babel/plugin-syntax-import-attributes@7.29.7 OK for: babel-preset-current-node-syntax@1.2.0 want: ^7.24.7
2831 silly placeDep ROOT @babel/plugin-syntax-import-meta@7.10.4 OK for: babel-preset-current-node-syntax@1.2.0 want: ^7.10.4
2832 silly placeDep ROOT @babel/plugin-syntax-json-strings@7.8.3 OK for: babel-preset-current-node-syntax@1.2.0 want: ^7.8.3
2833 silly placeDep ROOT @babel/plugin-syntax-logical-assignment-operators@7.10.4 OK for: babel-preset-current-node-syntax@1.2.0 want: ^7.10.4
2834 silly placeDep ROOT @babel/plugin-syntax-nullish-coalescing-operator@7.8.3 OK for: babel-preset-current-node-syntax@1.2.0 want: ^7.8.3
2835 silly placeDep ROOT @babel/plugin-syntax-numeric-separator@7.10.4 OK for: babel-preset-current-node-syntax@1.2.0 want: ^7.10.4
2836 silly placeDep ROOT @babel/plugin-syntax-object-rest-spread@7.8.3 OK for: babel-preset-current-node-syntax@1.2.0 want: ^7.8.3
2837 silly placeDep ROOT @babel/plugin-syntax-optional-catch-binding@7.8.3 OK for: babel-preset-current-node-syntax@1.2.0 want: ^7.8.3
2838 silly placeDep ROOT @babel/plugin-syntax-optional-chaining@7.8.3 OK for: babel-preset-current-node-syntax@1.2.0 want: ^7.8.3
2839 silly placeDep ROOT @babel/plugin-syntax-private-property-in-object@7.14.5 OK for: babel-preset-current-node-syntax@1.2.0 want: ^7.14.5
2840 silly placeDep ROOT @babel/plugin-syntax-top-level-await@7.14.5 OK for: babel-preset-current-node-syntax@1.2.0 want: ^7.14.5
2841 silly fetch manifest babel-plugin-macros@^3.1.0
2842 silly packumentCache full:https://registry.npmjs.org/babel-plugin-macros cache-miss
2843 http cache https://registry.npmjs.org/babel-plugin-macros 14ms (cache hit)
2844 silly packumentCache full:https://registry.npmjs.org/babel-plugin-macros set size:124320 disposed:false
2845 silly placeDep ROOT @jest/environment@30.4.1 OK for: jest-circus@30.4.2 want: 30.4.1
2846 silly placeDep ROOT @jest/expect@30.4.1 OK for: jest-circus@30.4.2 want: 30.4.1
2847 silly placeDep ROOT co@4.6.0 OK for: jest-circus@30.4.2 want: ^4.6.0
2848 silly placeDep ROOT dedent@1.7.2 OK for: jest-circus@30.4.2 want: ^1.6.0
2849 silly placeDep ROOT is-generator-fn@2.1.0 OK for: jest-circus@30.4.2 want: ^2.1.0
2850 silly placeDep ROOT jest-each@30.4.1 OK for: jest-circus@30.4.2 want: 30.4.1
2851 silly placeDep ROOT pure-rand@7.0.1 OK for: jest-circus@30.4.2 want: ^7.0.0
2852 silly placeDep ROOT stack-utils@2.0.6 OK for: jest-circus@30.4.2 want: ^2.0.6
2853 silly fetch manifest escape-string-regexp@^2.0.0
2854 silly packumentCache full:https://registry.npmjs.org/escape-string-regexp cache-miss
2855 http cache https://registry.npmjs.org/escape-string-regexp 8ms (cache hit)
2856 silly packumentCache full:https://registry.npmjs.org/escape-string-regexp set size:22244 disposed:false
2857 silly placeDep ROOT @jest/fake-timers@30.4.1 OK for: @jest/environment@30.4.1 want: 30.4.1
2858 silly fetch manifest @sinonjs/fake-timers@^15.4.0
2859 silly packumentCache full:https://registry.npmjs.org/@sinonjs%2ffake-timers cache-miss
2860 http fetch GET 200 https://registry.npmjs.org/@sinonjs%2ffake-timers 52ms (cache miss)
2861 silly packumentCache full:https://registry.npmjs.org/@sinonjs%2ffake-timers set size:undefined disposed:false
2862 silly placeDep ROOT @sinonjs/fake-timers@15.4.0 OK for: @jest/fake-timers@30.4.1 want: ^15.4.0
2863 silly fetch manifest @sinonjs/commons@^3.0.1
2864 silly packumentCache full:https://registry.npmjs.org/@sinonjs%2fcommons cache-miss
2865 http fetch GET 200 https://registry.npmjs.org/@sinonjs%2fcommons 43ms (cache miss)
2866 silly packumentCache full:https://registry.npmjs.org/@sinonjs%2fcommons set size:undefined disposed:false
2867 silly placeDep ROOT @sinonjs/commons@3.0.1 OK for: @sinonjs/fake-timers@15.4.0 want: ^3.0.1
2868 silly fetch manifest type-detect@4.0.8
2869 silly packumentCache full:https://registry.npmjs.org/type-detect cache-miss
2870 http fetch GET 200 https://registry.npmjs.org/type-detect 30ms (cache miss)
2871 silly packumentCache full:https://registry.npmjs.org/type-detect set size:undefined disposed:false
2872 silly placeDep ROOT type-detect@4.0.8 OK for: @sinonjs/commons@3.0.1 want: 4.0.8
2873 silly placeDep ROOT detect-newline@3.1.0 OK for: jest-docblock@30.4.0 want: ^3.1.0
2874 silly placeDep ROOT anymatch@3.1.3 OK for: jest-haste-map@30.4.1 want: ^3.1.3
2875 silly placeDep ROOT fb-watchman@2.0.2 OK for: jest-haste-map@30.4.1 want: ^2.0.2
2876 silly placeDep ROOT fsevents@2.3.3 OK for: jest-haste-map@30.4.1 want: ^2.3.3
2877 silly placeDep ROOT walker@1.0.8 OK for: jest-haste-map@30.4.1 want: ^1.0.8
2878 silly fetch manifest picomatch@^2.0.4
2879 silly packumentCache full:https://registry.npmjs.org/picomatch cache-hit
2880 silly fetch manifest normalize-path@^3.0.0
2881 silly packumentCache full:https://registry.npmjs.org/normalize-path cache-miss
2882 silly fetch manifest bser@2.1.1
2883 silly packumentCache full:https://registry.npmjs.org/bser cache-miss
2884 silly fetch manifest makeerror@1.0.12
2885 silly packumentCache full:https://registry.npmjs.org/makeerror cache-miss
2886 http fetch GET 200 https://registry.npmjs.org/makeerror 44ms (cache miss)
2887 silly packumentCache full:https://registry.npmjs.org/makeerror set size:undefined disposed:false
2888 http fetch GET 200 https://registry.npmjs.org/normalize-path 48ms (cache miss)
2889 silly packumentCache full:https://registry.npmjs.org/normalize-path set size:undefined disposed:false
2890 http fetch GET 200 https://registry.npmjs.org/bser 51ms (cache miss)
2891 silly packumentCache full:https://registry.npmjs.org/bser set size:undefined disposed:false
2892 silly placeDep ROOT normalize-path@3.0.0 OK for: anymatch@3.1.3 want: ^3.0.0
2893 silly placeDep node_modules/anymatch picomatch@2.3.2 OK for: anymatch@3.1.3 want: ^2.0.4
2894 silly placeDep ROOT bser@2.1.1 OK for: fb-watchman@2.0.2 want: 2.1.1
2895 silly fetch manifest node-int64@^0.4.0
2896 silly packumentCache full:https://registry.npmjs.org/node-int64 cache-miss
2897 http fetch GET 200 https://registry.npmjs.org/node-int64 32ms (cache miss)
2898 silly packumentCache full:https://registry.npmjs.org/node-int64 set size:undefined disposed:false
2899 silly placeDep ROOT node-int64@0.4.0 OK for: bser@2.1.1 want: ^0.4.0
2900 silly placeDep ROOT jest-diff@30.4.1 OK for: jest-matcher-utils@30.4.1 want: 30.4.1
2901 silly fetch manifest @jest/diff-sequences@30.4.0
2902 silly packumentCache full:https://registry.npmjs.org/@jest%2fdiff-sequences cache-miss
2903 http fetch GET 200 https://registry.npmjs.org/@jest%2fdiff-sequences 59ms (cache miss)
2904 silly packumentCache full:https://registry.npmjs.org/@jest%2fdiff-sequences set size:undefined disposed:false
2905 silly placeDep ROOT @jest/diff-sequences@30.4.0 OK for: jest-diff@30.4.1 want: 30.4.0
2906 silly placeDep ROOT @types/stack-utils@2.0.3 OK for: jest-message-util@30.4.1 want: ^2.0.3
2907 silly fetch manifest jest-resolve@*
2908 silly packumentCache full:https://registry.npmjs.org/jest-resolve cache-miss
2909 http cache https://registry.npmjs.org/jest-resolve 13ms (cache hit)
2910 silly packumentCache full:https://registry.npmjs.org/jest-resolve set size:660045 disposed:false
2911 silly placeDep ROOT jest-pnp-resolver@1.2.3 OK for: jest-resolve@30.4.1 want: ^1.2.3
2912 silly placeDep ROOT unrs-resolver@1.12.2 OK for: jest-resolve@30.4.1 want: ^1.7.11
2913 silly fetch manifest napi-postinstall@^0.3.4
2914 silly packumentCache full:https://registry.npmjs.org/napi-postinstall cache-miss
2915 silly fetch manifest @unrs/resolver-binding-darwin-arm64@1.12.2
2916 silly packumentCache full:https://registry.npmjs.org/@unrs%2fresolver-binding-darwin-arm64 cache-miss
2917 silly fetch manifest @unrs/resolver-binding-android-arm64@1.12.2
2918 silly packumentCache full:https://registry.npmjs.org/@unrs%2fresolver-binding-android-arm64 cache-miss
2919 http fetch GET 200 https://registry.npmjs.org/napi-postinstall 29ms (cache miss)
2920 silly packumentCache full:https://registry.npmjs.org/napi-postinstall set size:undefined disposed:false
2921 silly fetch manifest @unrs/resolver-binding-win32-arm64-msvc@1.12.2
2922 silly packumentCache full:https://registry.npmjs.org/@unrs%2fresolver-binding-win32-arm64-msvc cache-miss
2923 http fetch GET 200 https://registry.npmjs.org/@unrs%2fresolver-binding-darwin-arm64 55ms (cache miss)
2924 silly packumentCache full:https://registry.npmjs.org/@unrs%2fresolver-binding-darwin-arm64 set size:undefined disposed:false
2925 silly fetch manifest @unrs/resolver-binding-linux-arm64-gnu@1.12.2
2926 silly packumentCache full:https://registry.npmjs.org/@unrs%2fresolver-binding-linux-arm64-gnu cache-miss
2927 http fetch GET 200 https://registry.npmjs.org/@unrs%2fresolver-binding-win32-arm64-msvc 48ms (cache miss)
2928 silly packumentCache full:https://registry.npmjs.org/@unrs%2fresolver-binding-win32-arm64-msvc set size:undefined disposed:false
2929 silly fetch manifest @unrs/resolver-binding-linux-arm64-musl@1.12.2
2930 silly packumentCache full:https://registry.npmjs.org/@unrs%2fresolver-binding-linux-arm64-musl cache-miss
2931 http fetch GET 200 https://registry.npmjs.org/@unrs%2fresolver-binding-linux-arm64-musl 36ms (cache miss)
2932 silly packumentCache full:https://registry.npmjs.org/@unrs%2fresolver-binding-linux-arm64-musl set size:undefined disposed:false
2933 silly fetch manifest @unrs/resolver-binding-openharmony-arm64@1.12.2
2934 silly packumentCache full:https://registry.npmjs.org/@unrs%2fresolver-binding-openharmony-arm64 cache-miss
2935 http fetch GET 200 https://registry.npmjs.org/@unrs%2fresolver-binding-android-arm64 209ms (cache miss)
2936 silly packumentCache full:https://registry.npmjs.org/@unrs%2fresolver-binding-android-arm64 set size:undefined disposed:false
2937 silly fetch manifest @unrs/resolver-binding-android-arm-eabi@1.12.2
2938 silly packumentCache full:https://registry.npmjs.org/@unrs%2fresolver-binding-android-arm-eabi cache-miss
2939 http fetch GET 200 https://registry.npmjs.org/@unrs%2fresolver-binding-android-arm-eabi 53ms (cache miss)
2940 silly packumentCache full:https://registry.npmjs.org/@unrs%2fresolver-binding-android-arm-eabi set size:undefined disposed:false
2941 silly fetch manifest @unrs/resolver-binding-linux-arm-gnueabihf@1.12.2
2942 silly packumentCache full:https://registry.npmjs.org/@unrs%2fresolver-binding-linux-arm-gnueabihf cache-miss
2943 http fetch GET 200 https://registry.npmjs.org/@unrs%2fresolver-binding-linux-arm-gnueabihf 38ms (cache miss)
2944 silly packumentCache full:https://registry.npmjs.org/@unrs%2fresolver-binding-linux-arm-gnueabihf set size:undefined disposed:false
2945 silly fetch manifest @unrs/resolver-binding-linux-arm-musleabihf@1.12.2
2946 silly packumentCache full:https://registry.npmjs.org/@unrs%2fresolver-binding-linux-arm-musleabihf cache-miss
2947 http fetch GET 200 https://registry.npmjs.org/@unrs%2fresolver-binding-openharmony-arm64 204ms (cache miss)
2948 silly packumentCache full:https://registry.npmjs.org/@unrs%2fresolver-binding-openharmony-arm64 set size:undefined disposed:false
2949 silly fetch manifest @unrs/resolver-binding-win32-ia32-msvc@1.12.2
2950 silly packumentCache full:https://registry.npmjs.org/@unrs%2fresolver-binding-win32-ia32-msvc cache-miss
2951 http fetch GET 200 https://registry.npmjs.org/@unrs%2fresolver-binding-linux-arm-musleabihf 33ms (cache miss)
2952 silly packumentCache full:https://registry.npmjs.org/@unrs%2fresolver-binding-linux-arm-musleabihf set size:undefined disposed:false
2953 silly fetch manifest @unrs/resolver-binding-linux-loong64-gnu@1.12.2
2954 silly packumentCache full:https://registry.npmjs.org/@unrs%2fresolver-binding-linux-loong64-gnu cache-miss
2955 http fetch GET 200 https://registry.npmjs.org/@unrs%2fresolver-binding-win32-ia32-msvc 64ms (cache miss)
2956 silly packumentCache full:https://registry.npmjs.org/@unrs%2fresolver-binding-win32-ia32-msvc set size:undefined disposed:false
2957 silly fetch manifest @unrs/resolver-binding-linux-loong64-musl@1.12.2
2958 silly packumentCache full:https://registry.npmjs.org/@unrs%2fresolver-binding-linux-loong64-musl cache-miss
2959 http fetch GET 200 https://registry.npmjs.org/@unrs%2fresolver-binding-linux-arm64-gnu 495ms (cache miss)
2960 silly packumentCache full:https://registry.npmjs.org/@unrs%2fresolver-binding-linux-arm64-gnu set size:undefined disposed:false
2961 silly fetch manifest @unrs/resolver-binding-linux-ppc64-gnu@1.12.2
2962 silly packumentCache full:https://registry.npmjs.org/@unrs%2fresolver-binding-linux-ppc64-gnu cache-miss
2963 http fetch GET 200 https://registry.npmjs.org/@unrs%2fresolver-binding-linux-loong64-musl 155ms (cache miss)
2964 silly packumentCache full:https://registry.npmjs.org/@unrs%2fresolver-binding-linux-loong64-musl set size:undefined disposed:false
2965 silly fetch manifest @unrs/resolver-binding-linux-riscv64-gnu@1.12.2
2966 silly packumentCache full:https://registry.npmjs.org/@unrs%2fresolver-binding-linux-riscv64-gnu cache-miss
2967 http fetch GET 200 https://registry.npmjs.org/@unrs%2fresolver-binding-linux-loong64-gnu 238ms (cache miss)
2968 silly packumentCache full:https://registry.npmjs.org/@unrs%2fresolver-binding-linux-loong64-gnu set size:undefined disposed:false
2969 silly fetch manifest @unrs/resolver-binding-linux-riscv64-musl@1.12.2
2970 silly packumentCache full:https://registry.npmjs.org/@unrs%2fresolver-binding-linux-riscv64-musl cache-miss
2971 http fetch GET 200 https://registry.npmjs.org/@unrs%2fresolver-binding-linux-ppc64-gnu 80ms (cache miss)
2972 silly packumentCache full:https://registry.npmjs.org/@unrs%2fresolver-binding-linux-ppc64-gnu set size:undefined disposed:false
2973 silly fetch manifest @unrs/resolver-binding-linux-s390x-gnu@1.12.2
2974 silly packumentCache full:https://registry.npmjs.org/@unrs%2fresolver-binding-linux-s390x-gnu cache-miss
2975 http fetch GET 200 https://registry.npmjs.org/@unrs%2fresolver-binding-linux-riscv64-musl 55ms (cache miss)
2976 silly packumentCache full:https://registry.npmjs.org/@unrs%2fresolver-binding-linux-riscv64-musl set size:undefined disposed:false
2977 silly fetch manifest @unrs/resolver-binding-wasm32-wasi@1.12.2
2978 silly packumentCache full:https://registry.npmjs.org/@unrs%2fresolver-binding-wasm32-wasi cache-miss
2979 http fetch GET 200 https://registry.npmjs.org/@unrs%2fresolver-binding-linux-s390x-gnu 77ms (cache miss)
2980 silly packumentCache full:https://registry.npmjs.org/@unrs%2fresolver-binding-linux-s390x-gnu set size:undefined disposed:false
2981 silly fetch manifest @unrs/resolver-binding-darwin-x64@1.12.2
2982 silly packumentCache full:https://registry.npmjs.org/@unrs%2fresolver-binding-darwin-x64 cache-miss
2983 http fetch GET 200 https://registry.npmjs.org/@unrs%2fresolver-binding-wasm32-wasi 80ms (cache miss)
2984 silly packumentCache full:https://registry.npmjs.org/@unrs%2fresolver-binding-wasm32-wasi set size:undefined disposed:false
2985 silly fetch manifest @unrs/resolver-binding-win32-x64-msvc@1.12.2
2986 silly packumentCache full:https://registry.npmjs.org/@unrs%2fresolver-binding-win32-x64-msvc cache-miss
2987 http fetch GET 200 https://registry.npmjs.org/@unrs%2fresolver-binding-win32-x64-msvc 216ms (cache miss)
2988 silly packumentCache full:https://registry.npmjs.org/@unrs%2fresolver-binding-win32-x64-msvc set size:undefined disposed:false
2989 silly fetch manifest @unrs/resolver-binding-freebsd-x64@1.12.2
2990 silly packumentCache full:https://registry.npmjs.org/@unrs%2fresolver-binding-freebsd-x64 cache-miss
2991 http fetch GET 200 https://registry.npmjs.org/@unrs%2fresolver-binding-freebsd-x64 53ms (cache miss)
2992 silly packumentCache full:https://registry.npmjs.org/@unrs%2fresolver-binding-freebsd-x64 set size:undefined disposed:false
2993 silly fetch manifest @unrs/resolver-binding-linux-x64-gnu@1.12.2
2994 silly packumentCache full:https://registry.npmjs.org/@unrs%2fresolver-binding-linux-x64-gnu cache-miss
2995 http fetch GET 200 https://registry.npmjs.org/@unrs%2fresolver-binding-linux-x64-gnu 36ms (cache miss)
2996 silly packumentCache full:https://registry.npmjs.org/@unrs%2fresolver-binding-linux-x64-gnu set size:undefined disposed:false
2997 silly fetch manifest @unrs/resolver-binding-linux-x64-musl@1.12.2
2998 silly packumentCache full:https://registry.npmjs.org/@unrs%2fresolver-binding-linux-x64-musl cache-miss
2999 http fetch GET 200 https://registry.npmjs.org/@unrs%2fresolver-binding-linux-riscv64-gnu 541ms (cache miss)
3000 silly packumentCache full:https://registry.npmjs.org/@unrs%2fresolver-binding-linux-riscv64-gnu set size:undefined disposed:false
3001 http fetch GET 200 https://registry.npmjs.org/@unrs%2fresolver-binding-darwin-x64 391ms (cache miss)
3002 silly packumentCache full:https://registry.npmjs.org/@unrs%2fresolver-binding-darwin-x64 set size:undefined disposed:false
3003 http fetch GET 200 https://registry.npmjs.org/@unrs%2fresolver-binding-linux-x64-musl 355ms (cache miss)
3004 silly packumentCache full:https://registry.npmjs.org/@unrs%2fresolver-binding-linux-x64-musl set size:undefined disposed:false
3005 silly placeDep ROOT emittery@0.13.1 OK for: jest-runner@30.4.2 want: ^0.13.1
3006 silly placeDep ROOT jest-leak-detector@30.4.1 OK for: jest-runner@30.4.2 want: 30.4.1
3007 silly placeDep node_modules/jest-runner source-map-support@0.5.13 OK for: jest-runner@30.4.2 want: 0.5.13
3008 silly placeDep ROOT @jest/globals@30.4.1 OK for: jest-runtime@30.4.2 want: 30.4.1
3009 silly placeDep ROOT @jest/source-map@30.0.1 OK for: jest-runtime@30.4.2 want: 30.0.1
3010 silly placeDep ROOT cjs-module-lexer@2.2.0 OK for: jest-runtime@30.4.2 want: ^2.1.0
3011 silly placeDep node_modules/jest-runtime glob@10.5.0 OK for: jest-runtime@30.4.2 want: ^10.5.0
3012 silly placeDep ROOT strip-bom@4.0.0 OK for: jest-runtime@30.4.2 want: ^4.0.0
3013 silly fetch manifest callsites@^3.1.0
3014 silly packumentCache full:https://registry.npmjs.org/callsites cache-hit
3015 silly placeDep ROOT callsites@3.1.0 OK for: @jest/source-map@30.0.1 want: ^3.1.0
3016 silly placeDep ROOT @babel/plugin-syntax-jsx@7.29.7 OK for: jest-snapshot@30.4.1 want: ^7.27.1
3017 silly placeDep ROOT @babel/plugin-syntax-typescript@7.29.7 OK for: jest-snapshot@30.4.1 want: ^7.27.1
3018 silly placeDep ROOT @jest/snapshot-utils@30.4.1 OK for: jest-snapshot@30.4.1 want: 30.4.1
3019 silly placeDep node_modules/jest-validate camelcase@6.3.0 OK for: jest-validate@30.4.1 want: ^6.3.0
3020 silly placeDep ROOT leven@3.1.0 OK for: jest-validate@30.4.1 want: ^3.1.0
3021 silly placeDep ROOT @ungap/structured-clone@1.3.3 OK for: jest-worker@30.4.1 want: ^1.3.0
3022 silly placeDep node_modules/jest-worker supports-color@8.1.1 OK for: jest-worker@30.4.1 want: ^8.1.1
3023 silly placeDep ROOT argparse@2.0.1 OK for: js-yaml@4.3.1 want: ^2.0.1
3024 silly placeDep ROOT json-buffer@3.0.1 OK for: keyv@4.5.4 want: 3.0.1
3025 silly placeDep ROOT prelude-ls@1.2.1 OK for: levn@0.4.1 want: ^1.2.1
3026 silly placeDep ROOT type-check@0.4.0 OK for: levn@0.4.1 want: ~0.4.0
3027 silly placeDep ROOT p-locate@5.0.0 OK for: locate-path@6.0.0 want: ^5.0.0
3028 silly placeDep ROOT yallist@3.1.1 OK for: lru-cache@5.1.1 want: ^3.0.2
3029 silly placeDep ROOT fs-monkey@1.1.0 OK for: memfs@3.5.3 want: ^1.0.4
3030 silly placeDep ROOT mime-db@1.54.0 OK for: mime-types@3.0.2 want: ^1.54.0
3031 silly placeDep ROOT brace-expansion@1.1.18 OK for: minimatch@3.1.5 want: ^1.1.7
3032 silly fetch manifest concat-map@0.0.1
3033 silly packumentCache full:https://registry.npmjs.org/concat-map cache-miss
3034 silly fetch manifest balanced-match@^1.0.0
3035 silly packumentCache full:https://registry.npmjs.org/balanced-match cache-miss
3036 http cache https://registry.npmjs.org/concat-map 11ms (cache hit)
3037 silly packumentCache full:https://registry.npmjs.org/concat-map set size:9290 disposed:false
3038 http cache https://registry.npmjs.org/balanced-match 13ms (cache hit)
3039 silly packumentCache full:https://registry.npmjs.org/balanced-match set size:39082 disposed:false
3040 silly placeDep ROOT balanced-match@1.0.2 OK for: brace-expansion@1.1.18 want: ^1.0.0
3041 silly placeDep ROOT concat-map@0.0.1 OK for: brace-expansion@1.1.18 want: 0.0.1
3042 silly placeDep ROOT append-field@1.0.0 OK for: multer@2.2.0 want: ^1.0.0
3043 silly placeDep ROOT busboy@1.6.0 OK for: multer@2.2.0 want: ^1.6.0
3044 silly placeDep ROOT concat-stream@2.0.0 OK for: multer@2.2.0 want: ^2.0.0
3045 silly placeDep node_modules/multer type-is@1.6.18 OK for: multer@2.2.0 want: ^1.6.18
3046 silly fetch manifest streamsearch@^1.1.0
3047 silly packumentCache full:https://registry.npmjs.org/streamsearch cache-miss
3048 silly fetch manifest readable-stream@^3.0.2
3049 silly packumentCache full:https://registry.npmjs.org/readable-stream cache-miss
3050 silly fetch manifest typedarray@^0.0.6
3051 silly packumentCache full:https://registry.npmjs.org/typedarray cache-miss
3052 http cache https://registry.npmjs.org/readable-stream 14ms (cache hit)
3053 silly packumentCache full:https://registry.npmjs.org/readable-stream set size:261096 disposed:false
3054 silly fetch manifest mime-types@~2.1.24
3055 silly packumentCache full:https://registry.npmjs.org/mime-types cache-hit
3056 silly fetch manifest media-typer@0.3.0
3057 silly packumentCache full:https://registry.npmjs.org/media-typer cache-hit
3058 http fetch GET 200 https://registry.npmjs.org/typedarray 41ms (cache miss)
3059 silly packumentCache full:https://registry.npmjs.org/typedarray set size:undefined disposed:false
3060 http fetch GET 200 https://registry.npmjs.org/streamsearch 361ms (cache miss)
3061 silly packumentCache full:https://registry.npmjs.org/streamsearch set size:undefined disposed:false
3062 silly placeDep ROOT streamsearch@1.1.0 OK for: busboy@1.6.0 want: ^1.1.0
3063 silly placeDep ROOT buffer-from@1.1.2 OK for: concat-stream@2.0.0 want: ^1.0.0
3064 silly placeDep ROOT readable-stream@3.6.2 OK for: concat-stream@2.0.0 want: ^3.0.2
3065 silly placeDep ROOT typedarray@0.0.6 OK for: concat-stream@2.0.0 want: ^0.0.6
3066 silly fetch manifest string_decoder@^1.1.1
3067 silly packumentCache full:https://registry.npmjs.org/string_decoder cache-miss
3068 silly fetch manifest util-deprecate@^1.0.1
3069 silly packumentCache full:https://registry.npmjs.org/util-deprecate cache-miss
3070 http cache https://registry.npmjs.org/util-deprecate 9ms (cache hit)
3071 silly packumentCache full:https://registry.npmjs.org/util-deprecate set size:6674 disposed:false
3072 http cache https://registry.npmjs.org/string_decoder 12ms (cache hit)
3073 silly packumentCache full:https://registry.npmjs.org/string_decoder set size:28441 disposed:false
3074 silly placeDep ROOT lodash@4.18.1 OK for: node-emoji@1.11.0 want: ^4.17.21
3075 silly placeDep ROOT ee-first@1.1.1 OK for: on-finished@2.4.1 want: 1.1.1
3076 silly placeDep ROOT wrappy@1.0.2 OK for: once@1.4.0 want: 1
3077 silly placeDep ROOT mimic-fn@2.1.0 OK for: onetime@5.1.2 want: ^2.1.0
3078 silly placeDep ROOT deep-is@0.1.4 OK for: optionator@0.9.4 want: ^0.1.3
3079 silly placeDep ROOT fast-levenshtein@2.0.6 OK for: optionator@0.9.4 want: ^2.0.6
3080 silly placeDep ROOT word-wrap@1.2.5 OK for: optionator@0.9.4 want: ^1.2.5
3081 silly placeDep ROOT bl@4.1.0 OK for: ora@5.4.1 want: ^4.1.0
3082 silly placeDep ROOT cli-cursor@3.1.0 OK for: ora@5.4.1 want: ^3.1.0
3083 silly placeDep ROOT cli-spinners@2.9.2 OK for: ora@5.4.1 want: ^2.5.0
3084 silly placeDep ROOT is-interactive@1.0.0 OK for: ora@5.4.1 want: ^1.0.0
3085 silly placeDep ROOT is-unicode-supported@0.1.0 OK for: ora@5.4.1 want: ^0.1.0
3086 silly placeDep ROOT log-symbols@4.1.0 OK for: ora@5.4.1 want: ^4.1.0
3087 silly placeDep ROOT strip-ansi@6.0.1 OK for: ora@5.4.1 want: ^6.0.0
3088 silly placeDep ROOT wcwidth@1.0.1 OK for: ora@5.4.1 want: ^1.0.1
3089 silly fetch manifest buffer@^5.5.0
3090 silly packumentCache full:https://registry.npmjs.org/buffer cache-miss
3091 silly fetch manifest restore-cursor@^3.1.0
3092 silly packumentCache full:https://registry.npmjs.org/restore-cursor cache-miss
3093 silly fetch manifest ansi-regex@^5.0.1
3094 silly packumentCache full:https://registry.npmjs.org/ansi-regex cache-miss
3095 http cache https://registry.npmjs.org/ansi-regex 13ms (cache hit)
3096 silly packumentCache full:https://registry.npmjs.org/ansi-regex set size:48203 disposed:false
3097 silly fetch manifest defaults@^1.0.3
3098 silly packumentCache full:https://registry.npmjs.org/defaults cache-miss
3099 http cache https://registry.npmjs.org/restore-cursor 14ms (cache hit)
3100 silly packumentCache full:https://registry.npmjs.org/restore-cursor set size:17895 disposed:false
3101 http cache https://registry.npmjs.org/buffer 16ms (cache hit)
3102 silly packumentCache full:https://registry.npmjs.org/buffer set size:280480 disposed:false
3103 http cache https://registry.npmjs.org/defaults 15ms (cache hit)
3104 silly packumentCache full:https://registry.npmjs.org/defaults set size:18134 disposed:false
3105 silly placeDep ROOT buffer@5.7.1 OK for: bl@4.1.0 want: ^5.5.0
3106 silly fetch manifest base64-js@^1.3.1
3107 silly packumentCache full:https://registry.npmjs.org/base64-js cache-miss
3108 silly fetch manifest ieee754@^1.1.13
3109 silly packumentCache full:https://registry.npmjs.org/ieee754 cache-hit
3110 http cache https://registry.npmjs.org/base64-js 9ms (cache hit)
3111 silly packumentCache full:https://registry.npmjs.org/base64-js set size:41270 disposed:false
3112 silly placeDep ROOT base64-js@1.5.1 OK for: buffer@5.7.1 want: ^1.3.1
3113 silly placeDep ROOT ieee754@1.2.1 OK for: buffer@5.7.1 want: ^1.1.13
3114 silly placeDep ROOT restore-cursor@3.1.0 OK for: cli-cursor@3.1.0 want: ^3.1.0
3115 silly fetch manifest signal-exit@^3.0.2
3116 silly packumentCache full:https://registry.npmjs.org/signal-exit cache-hit
3117 silly placeDep ROOT yocto-queue@0.1.0 OK for: p-limit@3.1.0 want: ^0.1.0
3118 silly placeDep ROOT error-ex@1.3.4 OK for: parse-json@5.2.0 want: ^1.3.1
3119 silly placeDep ROOT json-parse-even-better-errors@2.3.1 OK for: parse-json@5.2.0 want: ^2.3.0
3120 silly placeDep ROOT lines-and-columns@1.2.4 OK for: parse-json@5.2.0 want: ^1.1.6
3121 silly fetch manifest is-arrayish@^0.2.1
3122 silly packumentCache full:https://registry.npmjs.org/is-arrayish cache-miss
3123 http cache https://registry.npmjs.org/is-arrayish 9ms (cache hit)
3124 silly packumentCache full:https://registry.npmjs.org/is-arrayish set size:15371 disposed:false
3125 silly placeDep ROOT is-arrayish@0.2.1 OK for: error-ex@1.3.4 want: ^0.2.1
3126 silly placeDep node_modules/path-scurry lru-cache@11.5.2 OK for: path-scurry@2.0.2 want: ^11.0.0
3127 silly placeDep node_modules/pkg-dir find-up@4.1.0 OK for: pkg-dir@4.2.0 want: ^4.0.0
3128 silly placeDep ROOT fast-diff@1.3.0 OK for: prettier-linter-helpers@1.0.1 want: ^1.1.2
3129 silly placeDep node_modules/pretty-format ansi-styles@5.2.0 OK for: pretty-format@30.4.1 want: ^5.2.0
3130 silly placeDep ROOT react-is-18@18.3.1 OK for: pretty-format@30.4.1 want: npm:react-is@^18.3.1
3131 silly placeDep ROOT react-is-19@19.2.8 OK for: pretty-format@30.4.1 want: npm:react-is@^19.2.5
3132 silly placeDep ROOT forwarded@0.2.0 OK for: proxy-addr@2.0.7 want: 0.2.0
3133 silly placeDep ROOT ipaddr.js@1.9.1 OK for: proxy-addr@2.0.7 want: 1.9.1
3134 silly placeDep ROOT side-channel@1.1.1 OK for: qs@6.15.3 want: ^1.1.1
3135 silly fetch manifest object-inspect@^1.13.4
3136 silly packumentCache full:https://registry.npmjs.org/object-inspect cache-miss
3137 silly fetch manifest side-channel-list@^1.0.1
3138 silly packumentCache full:https://registry.npmjs.org/side-channel-list cache-miss
3139 silly fetch manifest side-channel-map@^1.0.1
3140 silly packumentCache full:https://registry.npmjs.org/side-channel-map cache-miss
3141 http cache https://registry.npmjs.org/side-channel-list 12ms (cache hit)
3142 silly packumentCache full:https://registry.npmjs.org/side-channel-list set size:9021 disposed:false
3143 silly fetch manifest side-channel-weakmap@^1.0.2
3144 silly packumentCache full:https://registry.npmjs.org/side-channel-weakmap cache-miss
3145 http cache https://registry.npmjs.org/side-channel-map 14ms (cache hit)
3146 silly packumentCache full:https://registry.npmjs.org/side-channel-map set size:9126 disposed:false
3147 http cache https://registry.npmjs.org/object-inspect 15ms (cache hit)
3148 silly packumentCache full:https://registry.npmjs.org/object-inspect set size:101927 disposed:false
3149 http cache https://registry.npmjs.org/side-channel-weakmap 12ms (cache hit)
3150 silly packumentCache full:https://registry.npmjs.org/side-channel-weakmap set size:12620 disposed:false
3151 silly placeDep ROOT unpipe@1.0.0 OK for: raw-body@3.0.2 want: ~1.0.0
3152 silly placeDep ROOT string_decoder@1.3.0 OK for: readable-stream@3.6.2 want: ^1.1.1
3153 silly placeDep ROOT util-deprecate@1.0.2 OK for: readable-stream@3.6.2 want: ^1.0.1
3154 silly fetch manifest safe-buffer@~5.2.0
3155 silly packumentCache full:https://registry.npmjs.org/safe-buffer cache-miss
3156 http cache https://registry.npmjs.org/safe-buffer 9ms (cache hit)
3157 silly packumentCache full:https://registry.npmjs.org/safe-buffer set size:41183 disposed:false
3158 silly placeDep node_modules/resolve-cwd resolve-from@5.0.0 OK for: resolve-cwd@3.0.0 want: ^5.0.0
3159 silly placeDep node_modules/restore-cursor signal-exit@3.0.7 OK for: restore-cursor@3.1.0 want: ^3.0.2
3160 silly placeDep ROOT is-promise@4.0.0 OK for: router@2.2.0 want: ^4.0.0
3161 silly fetch manifest ajv@^6.12.5
3162 silly packumentCache full:https://registry.npmjs.org/ajv cache-miss
3163 http cache https://registry.npmjs.org/ajv 11ms (cache hit)
3164 silly packumentCache full:https://registry.npmjs.org/ajv set size:1142658 disposed:false
3165 silly placeDep ROOT ajv-keywords@3.5.2 OK for: schema-utils@3.3.0 want: ^3.5.2
3166 silly placeDep ROOT shebang-regex@3.0.0 OK for: shebang-command@2.0.0 want: ^3.0.0
3167 silly placeDep ROOT object-inspect@1.13.4 OK for: side-channel@1.1.1 want: ^1.13.4
3168 silly placeDep ROOT side-channel-list@1.0.1 OK for: side-channel@1.1.1 want: ^1.0.1
3169 silly placeDep ROOT side-channel-map@1.0.1 OK for: side-channel@1.1.1 want: ^1.0.1
3170 silly placeDep ROOT side-channel-weakmap@1.0.2 OK for: side-channel@1.1.1 want: ^1.0.2
3171 silly fetch manifest call-bound@^1.0.2
3172 silly packumentCache full:https://registry.npmjs.org/call-bound cache-miss
3173 silly fetch manifest call-bound@^1.0.2
3174 silly packumentCache full:https://registry.npmjs.org/call-bound cache-miss
3175 http cache https://registry.npmjs.org/call-bound 11ms (cache hit)
3176 silly packumentCache full:https://registry.npmjs.org/call-bound set size:15317 disposed:false
3177 http cache https://registry.npmjs.org/call-bound 14ms (cache hit)
3178 silly packumentCache full:https://registry.npmjs.org/call-bound set size:15317 disposed:false
3179 silly packumentCache full:https://registry.npmjs.org/call-bound dispose
3180 silly placeDep ROOT call-bound@1.0.4 OK for: side-channel-map@1.0.1 want: ^1.0.2
3181 silly placeDep node_modules/source-map-support source-map@0.6.1 OK for: source-map-support@0.5.21 want: ^0.6.0
3182 silly placeDep node_modules/stack-utils escape-string-regexp@2.0.0 OK for: stack-utils@2.0.6 want: ^2.0.0
3183 silly placeDep ROOT safe-buffer@5.2.1 OK for: string_decoder@1.3.0 want: ~5.2.0
3184 silly placeDep ROOT char-regex@1.0.2 OK for: string-length@4.0.2 want: ^1.0.2
3185 silly placeDep ROOT emoji-regex@8.0.0 OK for: string-width@4.2.3 want: ^8.0.0
3186 silly placeDep ROOT is-fullwidth-code-point@3.0.0 OK for: string-width@4.2.3 want: ^3.0.0
3187 silly placeDep ROOT ansi-regex@5.0.1 OK for: strip-ansi@6.0.1 want: ^5.0.1
3188 silly placeDep ROOT @tokenizer/token@0.3.0 OK for: strtok3@10.3.5 want: ^0.3.0
3189 silly placeDep ROOT methods@1.1.2 OK for: supertest@7.2.2 want: ^1.1.2
3190 silly placeDep ROOT superagent@10.3.0 OK for: supertest@7.2.2 want: ^10.3.0
3191 silly fetch manifest component-emitter@^1.3.1
3192 silly packumentCache full:https://registry.npmjs.org/component-emitter cache-miss
3193 silly fetch manifest cookiejar@^2.1.4
3194 silly packumentCache full:https://registry.npmjs.org/cookiejar cache-miss
3195 silly fetch manifest formidable@^3.5.4
3196 silly packumentCache full:https://registry.npmjs.org/formidable cache-miss
3197 http fetch GET 200 https://registry.npmjs.org/component-emitter 28ms (cache miss)
3198 silly packumentCache full:https://registry.npmjs.org/component-emitter set size:undefined disposed:false
3199 silly fetch manifest mime@2.6.0
3200 silly packumentCache full:https://registry.npmjs.org/mime cache-miss
3201 http fetch GET 200 https://registry.npmjs.org/mime 38ms (cache miss)
3202 silly packumentCache full:https://registry.npmjs.org/mime set size:undefined disposed:false
3203 http fetch GET 200 https://registry.npmjs.org/cookiejar 371ms (cache miss)
3204 silly packumentCache full:https://registry.npmjs.org/cookiejar set size:undefined disposed:false
3205 http fetch GET 200 https://registry.npmjs.org/formidable 373ms (cache miss)
3206 silly packumentCache full:https://registry.npmjs.org/formidable set size:undefined disposed:false
3207 silly placeDep ROOT component-emitter@1.3.1 OK for: superagent@10.3.0 want: ^1.3.1
3208 silly placeDep ROOT cookiejar@2.1.4 OK for: superagent@10.3.0 want: ^2.1.4
3209 silly placeDep ROOT formidable@3.5.4 OK for: superagent@10.3.0 want: ^3.5.4
3210 silly placeDep ROOT mime@2.6.0 OK for: superagent@10.3.0 want: 2.6.0
3211 silly fetch manifest dezalgo@^1.0.4
3212 silly packumentCache full:https://registry.npmjs.org/dezalgo cache-miss
3213 silly fetch manifest @paralleldrive/cuid2@^2.2.2
3214 silly packumentCache full:https://registry.npmjs.org/@paralleldrive%2fcuid2 cache-miss
3215 http fetch GET 200 https://registry.npmjs.org/dezalgo 338ms (cache miss)
3216 silly packumentCache full:https://registry.npmjs.org/dezalgo set size:undefined disposed:false
3217 http fetch GET 200 https://registry.npmjs.org/@paralleldrive%2fcuid2 676ms (cache miss)
3218 silly packumentCache full:https://registry.npmjs.org/@paralleldrive%2fcuid2 set size:undefined disposed:false
3219 silly placeDep ROOT @paralleldrive/cuid2@2.3.1 OK for: formidable@3.5.4 want: ^2.2.2
3220 silly placeDep ROOT dezalgo@1.0.4 OK for: formidable@3.5.4 want: ^1.0.4
3221 silly fetch manifest @noble/hashes@^1.1.5
3222 silly packumentCache full:https://registry.npmjs.org/@noble%2fhashes cache-miss
3223 silly fetch manifest asap@^2.0.0
3224 silly packumentCache full:https://registry.npmjs.org/asap cache-miss
3225 http fetch GET 200 https://registry.npmjs.org/asap 39ms (cache miss)
3226 silly packumentCache full:https://registry.npmjs.org/asap set size:undefined disposed:false
3227 http fetch GET 200 https://registry.npmjs.org/@noble%2fhashes 52ms (cache miss)
3228 silly packumentCache full:https://registry.npmjs.org/@noble%2fhashes set size:undefined disposed:false
3229 silly placeDep ROOT @noble/hashes@1.8.0 OK for: @paralleldrive/cuid2@2.3.1 want: ^1.1.5
3230 silly placeDep ROOT asap@2.0.6 OK for: dezalgo@1.0.4 want: ^2.0.0
3231 silly placeDep ROOT has-flag@4.0.0 OK for: supports-color@7.2.0 want: ^4.0.0
3232 silly placeDep ROOT @pkgr/core@0.3.6 OK for: synckit@0.11.13 want: ^0.3.6
3233 silly placeDep node_modules/test-exclude glob@7.2.3 OK for: test-exclude@6.0.0 want: ^7.1.4
3234 silly fetch manifest inflight@^1.0.4
3235 silly packumentCache full:https://registry.npmjs.org/inflight cache-miss
3236 silly fetch manifest fs.realpath@^1.0.0
3237 silly packumentCache full:https://registry.npmjs.org/fs.realpath cache-miss
3238 silly fetch manifest path-is-absolute@^1.0.0
3239 silly packumentCache full:https://registry.npmjs.org/path-is-absolute cache-miss
3240 http fetch GET 200 https://registry.npmjs.org/fs.realpath 58ms (cache miss)
3241 silly packumentCache full:https://registry.npmjs.org/fs.realpath set size:undefined disposed:false
3242 http fetch GET 200 https://registry.npmjs.org/inflight 60ms (cache miss)
3243 silly packumentCache full:https://registry.npmjs.org/inflight set size:undefined disposed:false
3244 http fetch GET 200 https://registry.npmjs.org/path-is-absolute 374ms (cache miss)
3245 silly packumentCache full:https://registry.npmjs.org/path-is-absolute set size:undefined disposed:false
3246 silly placeDep ROOT @borewit/text-codec@0.2.2 OK for: token-types@6.1.2 want: ^0.2.1
3247 silly placeDep ROOT bs-logger@0.2.6 OK for: ts-jest@29.4.12 want: ^0.2.6
3248 silly placeDep ROOT handlebars@4.7.9 OK for: ts-jest@29.4.12 want: ^4.7.9
3249 silly placeDep ROOT lodash.memoize@4.1.2 OK for: ts-jest@29.4.12 want: ^4.1.2
3250 silly placeDep ROOT make-error@1.3.6 OK for: ts-jest@29.4.12 want: ^1.3.6
3251 silly placeDep node_modules/ts-jest type-fest@4.41.0 OK for: ts-jest@29.4.12 want: ^4.41.0
3252 silly fetch manifest minimist@^1.2.5
3253 silly packumentCache full:https://registry.npmjs.org/minimist cache-hit
3254 silly fetch manifest source-map@^0.6.1
3255 silly packumentCache full:https://registry.npmjs.org/source-map cache-hit
3256 silly fetch manifest wordwrap@^1.0.0
3257 silly packumentCache full:https://registry.npmjs.org/wordwrap cache-miss
3258 silly fetch manifest uglify-js@^3.1.4
3259 silly packumentCache full:https://registry.npmjs.org/uglify-js cache-miss
3260 http fetch GET 200 https://registry.npmjs.org/uglify-js 83ms (cache miss)
3261 silly packumentCache full:https://registry.npmjs.org/uglify-js set size:undefined disposed:false
3262 http fetch GET 200 https://registry.npmjs.org/wordwrap 358ms (cache miss)
3263 silly packumentCache full:https://registry.npmjs.org/wordwrap set size:undefined disposed:false
3264 silly placeDep ROOT minimist@1.2.8 OK for: handlebars@4.7.9 want: ^1.2.5
3265 silly placeDep ROOT neo-async@2.6.2 OK for: handlebars@4.7.9 want: ^2.6.2
3266 silly placeDep node_modules/handlebars source-map@0.6.1 OK for: handlebars@4.7.9 want: ^0.6.1
3267 silly placeDep ROOT uglify-js@3.19.3 OK for: handlebars@4.7.9 want: ^3.1.4
3268 silly placeDep ROOT wordwrap@1.0.0 OK for: handlebars@4.7.9 want: ^1.0.0
3269 silly placeDep ROOT @cspotcode/source-map-support@0.8.1 OK for: ts-node@10.9.2 want: ^0.8.0
3270 silly placeDep ROOT @tsconfig/node10@1.0.12 OK for: ts-node@10.9.2 want: ^1.0.7
3271 silly placeDep ROOT @tsconfig/node12@1.0.11 OK for: ts-node@10.9.2 want: ^1.0.7
3272 silly placeDep ROOT @tsconfig/node14@1.0.3 OK for: ts-node@10.9.2 want: ^1.0.0
3273 silly placeDep ROOT @tsconfig/node16@1.0.4 OK for: ts-node@10.9.2 want: ^1.0.2
3274 silly placeDep ROOT acorn-walk@8.3.5 OK for: ts-node@10.9.2 want: ^8.1.1
3275 silly placeDep ROOT arg@4.1.3 OK for: ts-node@10.9.2 want: ^4.1.0
3276 silly placeDep ROOT create-require@1.1.1 OK for: ts-node@10.9.2 want: ^1.1.0
3277 silly placeDep ROOT diff@4.0.4 OK for: ts-node@10.9.2 want: ^4.0.1
3278 silly placeDep ROOT v8-compile-cache-lib@3.0.1 OK for: ts-node@10.9.2 want: ^3.0.1
3279 silly placeDep ROOT yn@3.1.1 OK for: ts-node@10.9.2 want: 3.1.1
3280 silly fetch manifest @jridgewell/trace-mapping@0.3.9
3281 silly packumentCache full:https://registry.npmjs.org/@jridgewell%2ftrace-mapping cache-hit
3282 silly placeDep node_modules/@cspotcode/source-map-support @jridgewell/trace-mapping@0.3.9 OK for: @cspotcode/source-map-support@0.8.1 want: 0.3.9
3283 silly placeDep node_modules/tsconfig-paths strip-bom@3.0.0 OK for: tsconfig-paths@4.2.0 want: ^3.0.0
3284 silly placeDep ROOT enhanced-resolve@5.24.5 OK for: tsconfig-paths-webpack-plugin@4.2.0 want: ^5.7.0
3285 silly placeDep node_modules/type-is content-type@2.0.0 OK for: type-is@2.1.0 want: ^2.0.0
3286 silly placeDep ROOT media-typer@1.1.1 OK for: type-is@2.1.0 want: ^1.1.0
3287 silly fetch manifest eslint@^8.57.0 || ^9.0.0 || ^10.0.0
3288 silly packumentCache full:https://registry.npmjs.org/eslint cache-miss
3289 http cache https://registry.npmjs.org/eslint 15ms (cache hit)
3290 silly packumentCache full:https://registry.npmjs.org/eslint set size:2048190 disposed:false
3291 silly fetch manifest typescript@>=4.8.4 <6.1.0
3292 silly packumentCache full:https://registry.npmjs.org/typescript cache-miss
3293 http cache https://registry.npmjs.org/typescript 50ms (cache hit)
3294 silly packumentCache full:https://registry.npmjs.org/typescript set size:15547442 disposed:false
3295 silly placeDep ROOT @typescript-eslint/eslint-plugin@8.67.0 OK for: typescript-eslint@8.67.0 want: 8.67.0
3296 silly placeDep ROOT @typescript-eslint/parser@8.67.0 OK for: @typescript-eslint/eslint-plugin@8.67.0 want: ^8.67.0
3297 silly placeDep ROOT @typescript-eslint/typescript-estree@8.67.0 OK for: typescript-eslint@8.67.0 want: 8.67.0
3298 silly placeDep ROOT @typescript-eslint/utils@8.67.0 OK for: typescript-eslint@8.67.0 want: 8.67.0
3299 silly fetch manifest ignore@^7.0.5
3300 silly packumentCache full:https://registry.npmjs.org/ignore cache-hit
3301 silly fetch manifest ts-api-utils@^2.5.0
3302 silly packumentCache full:https://registry.npmjs.org/ts-api-utils cache-miss
3303 silly fetch manifest @typescript-eslint/type-utils@8.67.0
3304 silly packumentCache full:https://registry.npmjs.org/@typescript-eslint%2ftype-utils cache-miss
3305 silly fetch manifest @typescript-eslint/visitor-keys@8.67.0
3306 silly packumentCache full:https://registry.npmjs.org/@typescript-eslint%2fvisitor-keys cache-miss
3307 http fetch GET 200 https://registry.npmjs.org/ts-api-utils 32ms (cache miss)
3308 silly packumentCache full:https://registry.npmjs.org/ts-api-utils set size:undefined disposed:false
3309 silly fetch manifest @typescript-eslint/scope-manager@8.67.0
3310 silly packumentCache full:https://registry.npmjs.org/@typescript-eslint%2fscope-manager cache-miss
3311 http fetch GET 200 https://registry.npmjs.org/@typescript-eslint%2ftype-utils 481ms (cache miss)
3312 silly packumentCache full:https://registry.npmjs.org/@typescript-eslint%2ftype-utils set size:undefined disposed:false
3313 silly fetch manifest @typescript-eslint/types@8.67.0
3314 silly packumentCache full:https://registry.npmjs.org/@typescript-eslint%2ftypes cache-miss
3315 http fetch GET 200 https://registry.npmjs.org/@typescript-eslint%2fvisitor-keys 757ms (cache miss)
3316 silly packumentCache full:https://registry.npmjs.org/@typescript-eslint%2fvisitor-keys set size:undefined disposed:false
3317 silly fetch manifest @typescript-eslint/scope-manager@8.67.0
3318 silly packumentCache full:https://registry.npmjs.org/@typescript-eslint%2fscope-manager cache-miss
3319 http fetch GET 200 https://registry.npmjs.org/@typescript-eslint%2fscope-manager 849ms (cache miss)
3320 silly packumentCache full:https://registry.npmjs.org/@typescript-eslint%2fscope-manager set size:undefined disposed:false
3321 silly fetch manifest tinyglobby@^0.2.15
3322 silly packumentCache full:https://registry.npmjs.org/tinyglobby cache-miss
3323 http fetch GET 200 https://registry.npmjs.org/tinyglobby 128ms (cache revalidated)
3324 silly packumentCache full:https://registry.npmjs.org/tinyglobby set size:54291 disposed:false
3325 silly fetch manifest @typescript-eslint/types@8.67.0
3326 silly packumentCache full:https://registry.npmjs.org/@typescript-eslint%2ftypes cache-miss
3327 http fetch GET 200 https://registry.npmjs.org/@typescript-eslint%2ftypes 730ms (cache miss)
3328 silly packumentCache full:https://registry.npmjs.org/@typescript-eslint%2ftypes set size:undefined disposed:false
3329 silly fetch manifest @typescript-eslint/tsconfig-utils@8.67.0
3330 silly packumentCache full:https://registry.npmjs.org/@typescript-eslint%2ftsconfig-utils cache-miss
3331 http fetch GET 200 https://registry.npmjs.org/@typescript-eslint%2fscope-manager 693ms (cache miss)
3332 silly packumentCache full:https://registry.npmjs.org/@typescript-eslint%2fscope-manager set size:undefined disposed:false
3333 silly fetch manifest @typescript-eslint/project-service@8.67.0
3334 silly packumentCache full:https://registry.npmjs.org/@typescript-eslint%2fproject-service cache-miss
3335 http fetch GET 200 https://registry.npmjs.org/@typescript-eslint%2ftsconfig-utils 269ms (cache miss)
3336 silly packumentCache full:https://registry.npmjs.org/@typescript-eslint%2ftsconfig-utils set size:undefined disposed:false
3337 http fetch GET 200 https://registry.npmjs.org/@typescript-eslint%2ftypes 670ms (cache miss)
3338 silly packumentCache full:https://registry.npmjs.org/@typescript-eslint%2ftypes set size:undefined disposed:false
3339 http fetch GET 200 https://registry.npmjs.org/@typescript-eslint%2fproject-service 452ms (cache miss)
3340 silly packumentCache full:https://registry.npmjs.org/@typescript-eslint%2fproject-service set size:undefined disposed:false
3341 silly placeDep ROOT @typescript-eslint/scope-manager@8.67.0 OK for: @typescript-eslint/eslint-plugin@8.67.0 want: 8.67.0
3342 silly placeDep ROOT @typescript-eslint/type-utils@8.67.0 OK for: @typescript-eslint/eslint-plugin@8.67.0 want: 8.67.0
3343 silly placeDep ROOT @typescript-eslint/visitor-keys@8.67.0 OK for: @typescript-eslint/eslint-plugin@8.67.0 want: 8.67.0
3344 silly placeDep node_modules/@typescript-eslint/eslint-plugin ignore@7.0.6 OK for: @typescript-eslint/eslint-plugin@8.67.0 want: ^7.0.5
3345 silly placeDep ROOT ts-api-utils@2.5.0 OK for: @typescript-eslint/eslint-plugin@8.67.0 want: ^2.5.0
3346 silly fetch manifest eslint-visitor-keys@^5.0.0
3347 silly packumentCache full:https://registry.npmjs.org/eslint-visitor-keys cache-hit
3348 silly placeDep ROOT @typescript-eslint/types@8.67.0 OK for: @typescript-eslint/parser@8.67.0 want: 8.67.0
3349 silly placeDep ROOT @typescript-eslint/project-service@8.67.0 OK for: @typescript-eslint/typescript-estree@8.67.0 want: 8.67.0
3350 silly placeDep ROOT @typescript-eslint/tsconfig-utils@8.67.0 OK for: @typescript-eslint/typescript-estree@8.67.0 want: 8.67.0
3351 silly placeDep node_modules/@typescript-eslint/typescript-estree minimatch@10.2.6 OK for: @typescript-eslint/typescript-estree@8.67.0 want: ^10.2.2
3352 silly placeDep ROOT tinyglobby@0.2.17 OK for: @typescript-eslint/typescript-estree@8.67.0 want: ^0.2.15
3353 silly fetch manifest @typescript-eslint/tsconfig-utils@^8.67.0
3354 silly packumentCache full:https://registry.npmjs.org/@typescript-eslint%2ftsconfig-utils cache-miss
3355 silly fetch manifest fdir@^6.5.0
3356 silly packumentCache full:https://registry.npmjs.org/fdir cache-miss
3357 http cache https://registry.npmjs.org/@typescript-eslint%2ftsconfig-utils 15ms (cache hit)
3358 silly packumentCache full:https://registry.npmjs.org/@typescript-eslint%2ftsconfig-utils set size:1693315 disposed:false
3359 http fetch GET 200 https://registry.npmjs.org/fdir 63ms (cache revalidated)
3360 silly packumentCache full:https://registry.npmjs.org/fdir set size:136182 disposed:false
3361 silly placeDep node_modules/@typescript-eslint/visitor-keys eslint-visitor-keys@5.0.1 OK for: @typescript-eslint/visitor-keys@8.67.0 want: ^5.0.0
3362 silly fetch manifest picomatch@^4.0.4
3363 silly packumentCache full:https://registry.npmjs.org/picomatch cache-hit
3364 silly placeDep ROOT fdir@6.5.0 OK for: tinyglobby@0.2.17 want: ^6.5.0
3365 silly placeDep ROOT @lukeed/csprng@1.1.0 OK for: uid@2.0.2 want: ^1.0.0
3366 silly placeDep ROOT @unrs/resolver-binding-android-arm-eabi@1.12.2 OK for: unrs-resolver@1.12.2 want: 1.12.2
3367 silly placeDep ROOT @unrs/resolver-binding-android-arm64@1.12.2 OK for: unrs-resolver@1.12.2 want: 1.12.2
3368 silly placeDep ROOT @unrs/resolver-binding-darwin-arm64@1.12.2 OK for: unrs-resolver@1.12.2 want: 1.12.2
3369 silly placeDep ROOT @unrs/resolver-binding-darwin-x64@1.12.2 OK for: unrs-resolver@1.12.2 want: 1.12.2
3370 silly placeDep ROOT @unrs/resolver-binding-freebsd-x64@1.12.2 OK for: unrs-resolver@1.12.2 want: 1.12.2
3371 silly placeDep ROOT @unrs/resolver-binding-linux-arm-gnueabihf@1.12.2 OK for: unrs-resolver@1.12.2 want: 1.12.2
3372 silly placeDep ROOT @unrs/resolver-binding-linux-arm-musleabihf@1.12.2 OK for: unrs-resolver@1.12.2 want: 1.12.2
3373 silly placeDep ROOT @unrs/resolver-binding-linux-arm64-gnu@1.12.2 OK for: unrs-resolver@1.12.2 want: 1.12.2
3374 silly placeDep ROOT @unrs/resolver-binding-linux-arm64-musl@1.12.2 OK for: unrs-resolver@1.12.2 want: 1.12.2
3375 silly placeDep ROOT @unrs/resolver-binding-linux-loong64-gnu@1.12.2 OK for: unrs-resolver@1.12.2 want: 1.12.2
3376 silly placeDep ROOT @unrs/resolver-binding-linux-loong64-musl@1.12.2 OK for: unrs-resolver@1.12.2 want: 1.12.2
3377 silly placeDep ROOT @unrs/resolver-binding-linux-ppc64-gnu@1.12.2 OK for: unrs-resolver@1.12.2 want: 1.12.2
3378 silly placeDep ROOT @unrs/resolver-binding-linux-riscv64-gnu@1.12.2 OK for: unrs-resolver@1.12.2 want: 1.12.2
3379 silly placeDep ROOT @unrs/resolver-binding-linux-riscv64-musl@1.12.2 OK for: unrs-resolver@1.12.2 want: 1.12.2
3380 silly placeDep ROOT @unrs/resolver-binding-linux-s390x-gnu@1.12.2 OK for: unrs-resolver@1.12.2 want: 1.12.2
3381 silly placeDep ROOT @unrs/resolver-binding-linux-x64-gnu@1.12.2 OK for: unrs-resolver@1.12.2 want: 1.12.2
3382 silly placeDep ROOT @unrs/resolver-binding-linux-x64-musl@1.12.2 OK for: unrs-resolver@1.12.2 want: 1.12.2
3383 silly placeDep ROOT @unrs/resolver-binding-openharmony-arm64@1.12.2 OK for: unrs-resolver@1.12.2 want: 1.12.2
3384 silly placeDep ROOT @unrs/resolver-binding-wasm32-wasi@1.12.2 OK for: unrs-resolver@1.12.2 want: 1.12.2
3385 silly placeDep ROOT @unrs/resolver-binding-win32-arm64-msvc@1.12.2 OK for: unrs-resolver@1.12.2 want: 1.12.2
3386 silly placeDep ROOT @unrs/resolver-binding-win32-ia32-msvc@1.12.2 OK for: unrs-resolver@1.12.2 want: 1.12.2
3387 silly placeDep ROOT @unrs/resolver-binding-win32-x64-msvc@1.12.2 OK for: unrs-resolver@1.12.2 want: 1.12.2
3388 silly placeDep ROOT napi-postinstall@0.3.4 OK for: unrs-resolver@1.12.2 want: ^0.3.4
3389 silly fetch manifest @napi-rs/wasm-runtime@^1.1.4
3390 silly packumentCache full:https://registry.npmjs.org/@napi-rs%2fwasm-runtime cache-miss
3391 silly fetch manifest @emnapi/core@1.10.0
3392 silly packumentCache full:https://registry.npmjs.org/@emnapi%2fcore cache-miss
3393 silly fetch manifest @emnapi/runtime@1.10.0
3394 silly packumentCache full:https://registry.npmjs.org/@emnapi%2fruntime cache-miss
3395 http fetch GET 200 https://registry.npmjs.org/@napi-rs%2fwasm-runtime 50ms (cache miss)
3396 silly packumentCache full:https://registry.npmjs.org/@napi-rs%2fwasm-runtime set size:undefined disposed:false
3397 http fetch GET 200 https://registry.npmjs.org/@emnapi%2fruntime 52ms (cache miss)
3398 silly packumentCache full:https://registry.npmjs.org/@emnapi%2fruntime set size:undefined disposed:false
3399 http fetch GET 200 https://registry.npmjs.org/@emnapi%2fcore 359ms (cache miss)
3400 silly packumentCache full:https://registry.npmjs.org/@emnapi%2fcore set size:undefined disposed:false
3401 silly placeDep ROOT @emnapi/core@1.10.0 OK for: @unrs/resolver-binding-wasm32-wasi@1.12.2 want: 1.10.0
3402 silly placeDep ROOT @emnapi/runtime@1.10.0 OK for: @unrs/resolver-binding-wasm32-wasi@1.12.2 want: 1.10.0
3403 silly placeDep ROOT @napi-rs/wasm-runtime@1.2.3 OK for: @unrs/resolver-binding-wasm32-wasi@1.12.2 want: ^1.1.4
3404 silly fetch manifest @emnapi/wasi-threads@1.2.1
3405 silly packumentCache full:https://registry.npmjs.org/@emnapi%2fwasi-threads cache-miss
3406 silly fetch manifest @tybys/wasm-util@^0.10.3
3407 silly packumentCache full:https://registry.npmjs.org/@tybys%2fwasm-util cache-miss
3408 http fetch GET 200 https://registry.npmjs.org/@emnapi%2fwasi-threads 49ms (cache miss)
3409 silly packumentCache full:https://registry.npmjs.org/@emnapi%2fwasi-threads set size:undefined disposed:false
3410 http fetch GET 200 https://registry.npmjs.org/@tybys%2fwasm-util 54ms (cache miss)
3411 silly packumentCache full:https://registry.npmjs.org/@tybys%2fwasm-util set size:undefined disposed:false
3412 silly placeDep ROOT @emnapi/wasi-threads@1.2.1 OK for: @emnapi/core@1.10.0 want: 1.2.1
3413 silly placeDep ROOT @tybys/wasm-util@0.10.3 OK for: @napi-rs/wasm-runtime@1.2.3 want: ^0.10.3
3414 silly placeDep ROOT escalade@3.2.0 OK for: update-browserslist-db@1.3.1 want: ^3.2.0
3415 silly placeDep ROOT punycode@2.3.1 OK for: uri-js@4.4.1 want: ^2.1.0
3416 silly placeDep ROOT makeerror@1.0.12 OK for: walker@1.0.8 want: 1.0.12
3417 silly fetch manifest tmpl@1.0.5
3418 silly packumentCache full:https://registry.npmjs.org/tmpl cache-miss
3419 http fetch GET 200 https://registry.npmjs.org/tmpl 24ms (cache miss)
3420 silly packumentCache full:https://registry.npmjs.org/tmpl set size:undefined disposed:false
3421 silly placeDep ROOT tmpl@1.0.5 OK for: makeerror@1.0.12 want: 1.0.5
3422 silly placeDep ROOT defaults@1.0.4 OK for: wcwidth@1.0.1 want: ^1.0.3
3423 silly fetch manifest clone@^1.0.2
3424 silly packumentCache full:https://registry.npmjs.org/clone cache-miss
3425 http cache https://registry.npmjs.org/clone 8ms (cache hit)
3426 silly packumentCache full:https://registry.npmjs.org/clone set size:82973 disposed:false
3427 silly placeDep ROOT clone@1.0.4 OK for: defaults@1.0.4 want: ^1.0.2
3428 silly fetch manifest webpack@^5.1.0
3429 silly packumentCache full:https://registry.npmjs.org/webpack cache-miss
3430 http cache https://registry.npmjs.org/webpack 22ms (cache hit)
3431 silly packumentCache full:https://registry.npmjs.org/webpack set size:5125589 disposed:false
3432 silly placeDep ROOT @webassemblyjs/ast@1.14.1 OK for: webpack@5.109.2 want: ^1.14.1
3433 silly placeDep ROOT @webassemblyjs/wasm-edit@1.14.1 OK for: webpack@5.109.2 want: ^1.14.1
3434 silly placeDep ROOT @webassemblyjs/wasm-parser@1.14.1 OK for: webpack@5.109.2 want: ^1.14.1
3435 silly placeDep ROOT chrome-trace-event@1.0.4 OK for: webpack@5.109.2 want: ^1.0.2
3436 silly placeDep ROOT es-module-lexer@2.3.1 OK for: webpack@5.109.2 want: ^2.1.0
3437 silly placeDep node_modules/webpack eslint-scope@5.1.1 OK for: webpack@5.109.2 want: 5.1.1
3438 silly placeDep ROOT events@3.3.0 OK for: webpack@5.109.2 want: ^3.2.0
3439 silly placeDep ROOT minimizer-webpack-plugin@5.6.1 OK for: webpack@5.109.2 want: ^5.6.1
3440 silly placeDep node_modules/webpack schema-utils@4.3.3 OK for: webpack@5.109.2 want: ^4.3.3
3441 silly placeDep ROOT watchpack@2.5.2 OK for: webpack@5.109.2 want: ^2.5.2
3442 silly placeDep ROOT webpack-sources@3.5.1 OK for: webpack@5.109.2 want: ^3.5.1
3443 silly fetch manifest @webassemblyjs/helper-numbers@1.13.2
3444 silly packumentCache full:https://registry.npmjs.org/@webassemblyjs%2fhelper-numbers cache-miss
3445 silly fetch manifest @webassemblyjs/helper-wasm-bytecode@1.13.2
3446 silly packumentCache full:https://registry.npmjs.org/@webassemblyjs%2fhelper-wasm-bytecode cache-miss
3447 silly fetch manifest @webassemblyjs/helper-buffer@1.14.1
3448 silly packumentCache full:https://registry.npmjs.org/@webassemblyjs%2fhelper-buffer cache-miss
3449 http cache https://registry.npmjs.org/@webassemblyjs%2fhelper-numbers 78ms (cache hit)
3450 silly packumentCache full:https://registry.npmjs.org/@webassemblyjs%2fhelper-numbers set size:23867 disposed:false
3451 silly fetch manifest @webassemblyjs/helper-wasm-bytecode@1.13.2
3452 silly packumentCache full:https://registry.npmjs.org/@webassemblyjs%2fhelper-wasm-bytecode cache-miss
3453 http cache https://registry.npmjs.org/@webassemblyjs%2fhelper-wasm-bytecode 86ms (cache hit)
3454 silly packumentCache full:https://registry.npmjs.org/@webassemblyjs%2fhelper-wasm-bytecode set size:179356 disposed:false
3455 silly fetch manifest @webassemblyjs/helper-wasm-section@1.14.1
3456 silly packumentCache full:https://registry.npmjs.org/@webassemblyjs%2fhelper-wasm-section cache-miss
3457 http cache https://registry.npmjs.org/@webassemblyjs%2fhelper-buffer 130ms (cache hit)
3458 silly packumentCache full:https://registry.npmjs.org/@webassemblyjs%2fhelper-buffer set size:178406 disposed:false
3459 silly fetch manifest @webassemblyjs/wasm-gen@1.14.1
3460 silly packumentCache full:https://registry.npmjs.org/@webassemblyjs%2fwasm-gen cache-miss
3461 http cache https://registry.npmjs.org/@webassemblyjs%2fhelper-wasm-bytecode 68ms (cache hit)
3462 silly packumentCache full:https://registry.npmjs.org/@webassemblyjs%2fhelper-wasm-bytecode set size:179356 disposed:false
3463 silly packumentCache full:https://registry.npmjs.org/@webassemblyjs%2fhelper-wasm-bytecode dispose
3464 silly fetch manifest @webassemblyjs/wasm-opt@1.14.1
3465 silly packumentCache full:https://registry.npmjs.org/@webassemblyjs%2fwasm-opt cache-miss
3466 http cache https://registry.npmjs.org/@webassemblyjs%2fhelper-wasm-section 33ms (cache hit)
3467 silly packumentCache full:https://registry.npmjs.org/@webassemblyjs%2fhelper-wasm-section set size:191754 disposed:false
3468 silly fetch manifest @webassemblyjs/wasm-parser@1.14.1
3469 silly packumentCache full:https://registry.npmjs.org/@webassemblyjs%2fwasm-parser cache-hit
3470 silly fetch manifest @webassemblyjs/wast-printer@1.14.1
3471 silly packumentCache full:https://registry.npmjs.org/@webassemblyjs%2fwast-printer cache-miss
3472 http cache https://registry.npmjs.org/@webassemblyjs%2fwasm-gen 33ms (cache hit)
3473 silly packumentCache full:https://registry.npmjs.org/@webassemblyjs%2fwasm-gen set size:187955 disposed:false
3474 silly fetch manifest @webassemblyjs/helper-api-error@1.13.2
3475 silly packumentCache full:https://registry.npmjs.org/@webassemblyjs%2fhelper-api-error cache-miss
3476 http cache https://registry.npmjs.org/@webassemblyjs%2fwasm-opt 77ms (cache hit)
3477 silly packumentCache full:https://registry.npmjs.org/@webassemblyjs%2fwasm-opt set size:150483 disposed:false
3478 silly fetch manifest @webassemblyjs/ieee754@1.13.2
3479 silly packumentCache full:https://registry.npmjs.org/@webassemblyjs%2fieee754 cache-miss
3480 http cache https://registry.npmjs.org/@webassemblyjs%2fwast-printer 73ms (cache hit)
3481 silly packumentCache full:https://registry.npmjs.org/@webassemblyjs%2fwast-printer set size:193690 disposed:false
3482 silly fetch manifest @webassemblyjs/leb128@1.13.2
3483 silly packumentCache full:https://registry.npmjs.org/@webassemblyjs%2fleb128 cache-miss
3484 http cache https://registry.npmjs.org/@webassemblyjs%2fhelper-api-error 50ms (cache hit)
3485 silly packumentCache full:https://registry.npmjs.org/@webassemblyjs%2fhelper-api-error set size:103778 disposed:false
3486 silly fetch manifest @webassemblyjs/utf8@1.13.2
3487 silly packumentCache full:https://registry.npmjs.org/@webassemblyjs%2futf8 cache-miss
3488 http cache https://registry.npmjs.org/@webassemblyjs%2fieee754 34ms (cache hit)
3489 silly packumentCache full:https://registry.npmjs.org/@webassemblyjs%2fieee754 set size:99475 disposed:false
3490 silly fetch manifest estraverse@^4.1.1
3491 silly packumentCache full:https://registry.npmjs.org/estraverse cache-hit
3492 silly fetch manifest jest-worker@^27.4.5
3493 silly packumentCache full:https://registry.npmjs.org/jest-worker cache-hit
3494 silly fetch manifest schema-utils@^4.3.0
3495 silly packumentCache full:https://registry.npmjs.org/schema-utils cache-hit
3496 silly fetch manifest terser@^5.31.1
3497 silly packumentCache full:https://registry.npmjs.org/terser cache-miss
3498 http cache https://registry.npmjs.org/@webassemblyjs%2futf8 34ms (cache hit)
3499 silly packumentCache full:https://registry.npmjs.org/@webassemblyjs%2futf8 set size:102359 disposed:false
3500 silly fetch manifest ajv@^8.9.0
3501 silly packumentCache full:https://registry.npmjs.org/ajv cache-miss
3502 http cache https://registry.npmjs.org/@webassemblyjs%2fleb128 44ms (cache hit)
3503 silly packumentCache full:https://registry.npmjs.org/@webassemblyjs%2fleb128 set size:248474 disposed:false
3504 silly fetch manifest ajv-formats@^2.1.1
3505 silly packumentCache full:https://registry.npmjs.org/ajv-formats cache-hit
3506 silly fetch manifest ajv-keywords@^5.1.0
3507 silly packumentCache full:https://registry.npmjs.org/ajv-keywords cache-hit
3508 http cache https://registry.npmjs.org/ajv 31ms (cache hit)
3509 silly packumentCache full:https://registry.npmjs.org/ajv set size:1142658 disposed:false
3510 http cache https://registry.npmjs.org/terser 48ms (cache hit)
3511 silly packumentCache full:https://registry.npmjs.org/terser set size:817272 disposed:false
3512 silly placeDep ROOT @webassemblyjs/helper-numbers@1.13.2 OK for: @webassemblyjs/ast@1.14.1 want: 1.13.2
3513 silly placeDep ROOT @webassemblyjs/helper-wasm-bytecode@1.13.2 OK for: @webassemblyjs/ast@1.14.1 want: 1.13.2
3514 silly fetch manifest @xtuc/long@4.2.2
3515 silly packumentCache full:https://registry.npmjs.org/@xtuc%2flong cache-miss
3516 silly fetch manifest @webassemblyjs/floating-point-hex-parser@1.13.2
3517 silly packumentCache full:https://registry.npmjs.org/@webassemblyjs%2ffloating-point-hex-parser cache-miss
3518 http cache https://registry.npmjs.org/@xtuc%2flong 13ms (cache hit)
3519 silly packumentCache full:https://registry.npmjs.org/@xtuc%2flong set size:23242 disposed:false
3520 http cache https://registry.npmjs.org/@webassemblyjs%2ffloating-point-hex-parser 15ms (cache hit)
3521 silly packumentCache full:https://registry.npmjs.org/@webassemblyjs%2ffloating-point-hex-parser set size:186097 disposed:false
3522 silly placeDep ROOT @webassemblyjs/floating-point-hex-parser@1.13.2 OK for: @webassemblyjs/helper-numbers@1.13.2 want: 1.13.2
3523 silly placeDep ROOT @webassemblyjs/helper-api-error@1.13.2 OK for: @webassemblyjs/helper-numbers@1.13.2 want: 1.13.2
3524 silly placeDep ROOT @xtuc/long@4.2.2 OK for: @webassemblyjs/helper-numbers@1.13.2 want: 4.2.2
3525 silly placeDep ROOT @webassemblyjs/helper-buffer@1.14.1 OK for: @webassemblyjs/wasm-edit@1.14.1 want: 1.14.1
3526 silly placeDep ROOT @webassemblyjs/helper-wasm-section@1.14.1 OK for: @webassemblyjs/wasm-edit@1.14.1 want: 1.14.1
3527 silly placeDep ROOT @webassemblyjs/wasm-gen@1.14.1 OK for: @webassemblyjs/wasm-edit@1.14.1 want: 1.14.1
3528 silly placeDep ROOT @webassemblyjs/wasm-opt@1.14.1 OK for: @webassemblyjs/wasm-edit@1.14.1 want: 1.14.1
3529 silly placeDep ROOT @webassemblyjs/wast-printer@1.14.1 OK for: @webassemblyjs/wasm-edit@1.14.1 want: 1.14.1
3530 silly placeDep ROOT @webassemblyjs/ieee754@1.13.2 OK for: @webassemblyjs/wasm-gen@1.14.1 want: 1.13.2
3531 silly placeDep ROOT @webassemblyjs/leb128@1.13.2 OK for: @webassemblyjs/wasm-gen@1.14.1 want: 1.13.2
3532 silly placeDep ROOT @webassemblyjs/utf8@1.13.2 OK for: @webassemblyjs/wasm-gen@1.14.1 want: 1.13.2
3533 silly fetch manifest @xtuc/ieee754@^1.2.0
3534 silly packumentCache full:https://registry.npmjs.org/@xtuc%2fieee754 cache-miss
3535 http cache https://registry.npmjs.org/@xtuc%2fieee754 10ms (cache hit)
3536 silly packumentCache full:https://registry.npmjs.org/@xtuc%2fieee754 set size:5495 disposed:false
3537 silly placeDep ROOT @xtuc/ieee754@1.2.0 OK for: @webassemblyjs/ieee754@1.13.2 want: ^1.2.0
3538 silly placeDep node_modules/minimizer-webpack-plugin jest-worker@27.5.1 OK for: minimizer-webpack-plugin@5.6.1 want: ^27.4.5
3539 silly placeDep node_modules/minimizer-webpack-plugin schema-utils@4.3.3 OK for: minimizer-webpack-plugin@5.6.1 want: ^4.3.0
3540 silly placeDep ROOT terser@5.50.0 OK for: minimizer-webpack-plugin@5.6.1 want: ^5.31.1
3541 silly fetch manifest supports-color@^8.0.0
3542 silly packumentCache full:https://registry.npmjs.org/supports-color cache-hit
3543 silly fetch manifest commander@^2.20.0
3544 silly packumentCache full:https://registry.npmjs.org/commander cache-hit
3545 silly fetch manifest @jridgewell/source-map@^0.3.3
3546 silly packumentCache full:https://registry.npmjs.org/@jridgewell%2fsource-map cache-miss
3547 http cache https://registry.npmjs.org/@jridgewell%2fsource-map 13ms (cache hit)
3548 silly packumentCache full:https://registry.npmjs.org/@jridgewell%2fsource-map set size:45204 disposed:false
3549 silly placeDep ROOT @jridgewell/source-map@0.3.11 OK for: terser@5.50.0 want: ^0.3.3
3550 silly placeDep node_modules/terser commander@2.20.3 OK for: terser@5.50.0 want: ^2.20.0
3551 silly placeDep ROOT isexe@2.0.0 OK for: which@2.0.2 want: ^2.0.0
3552 silly placeDep ROOT cliui@8.0.1 OK for: yargs@17.7.3 want: ^8.0.1
3553 silly placeDep ROOT get-caller-file@2.0.5 OK for: yargs@17.7.3 want: ^2.0.5
3554 silly placeDep ROOT require-directory@2.1.1 OK for: yargs@17.7.3 want: ^2.1.1
3555 silly placeDep ROOT y18n@5.0.8 OK for: yargs@17.7.3 want: ^5.0.5
3556 silly fetch manifest wrap-ansi@^7.0.0
3557 silly packumentCache full:https://registry.npmjs.org/wrap-ansi cache-hit
3558 silly placeDep node_modules/cliui wrap-ansi@7.0.0 OK for: cliui@8.0.1 want: ^7.0.0
3559 silly placeDep ROOT fast-uri@3.1.5 OK for: ajv@8.18.0 want: ^3.0.1
3560 silly placeDep node_modules/@angular-devkit/core json-schema-traverse@1.0.0 OK for: ajv@8.18.0 want: ^1.0.0
3561 silly placeDep ROOT require-from-string@2.0.2 OK for: ajv@8.18.0 want: ^2.0.2
3562 silly placeDep node_modules/@istanbuljs/load-nyc-config locate-path@5.0.0 OK for: find-up@4.1.0 want: ^5.0.0
3563 silly fetch manifest p-locate@^4.1.0
3564 silly packumentCache full:https://registry.npmjs.org/p-locate cache-hit
3565 silly placeDep node_modules/@istanbuljs/load-nyc-config argparse@1.0.10 OK for: js-yaml@3.15.1 want: ^1.0.7
3566 silly fetch manifest sprintf-js@~1.0.2
3567 silly packumentCache full:https://registry.npmjs.org/sprintf-js cache-miss
3568 http fetch GET 200 https://registry.npmjs.org/sprintf-js 43ms (cache miss)
3569 silly packumentCache full:https://registry.npmjs.org/sprintf-js set size:undefined disposed:false
3570 silly placeDep ROOT sprintf-js@1.0.3 OK for: argparse@1.0.10 want: ~1.0.2
3571 silly placeDep node_modules/@istanbuljs/load-nyc-config p-locate@4.1.0 OK for: locate-path@5.0.0 want: ^4.1.0
3572 silly fetch manifest p-limit@^2.2.0
3573 silly packumentCache full:https://registry.npmjs.org/p-limit cache-hit
3574 silly placeDep node_modules/@istanbuljs/load-nyc-config p-limit@2.3.0 OK for: p-locate@4.1.0 want: ^2.2.0
3575 silly fetch manifest p-try@^2.0.0
3576 silly packumentCache full:https://registry.npmjs.org/p-try cache-miss
3577 http cache https://registry.npmjs.org/p-try 10ms (cache hit)
3578 silly packumentCache full:https://registry.npmjs.org/p-try set size:13014 disposed:false
3579 silly placeDep ROOT p-try@2.2.0 OK for: p-limit@2.3.0 want: ^2.0.0
3580 silly placeDep ROOT foreground-child@3.3.1 OK for: glob@10.5.0 want: ^3.1.0
3581 silly placeDep ROOT jackspeak@3.4.3 OK for: glob@10.5.0 want: ^3.1.2
3582 silly placeDep node_modules/@jest/reporters minimatch@9.0.9 OK for: glob@10.5.0 want: ^9.0.4
3583 silly placeDep ROOT package-json-from-dist@1.0.1 OK for: glob@10.5.0 want: ^1.0.0
3584 silly placeDep node_modules/@jest/reporters path-scurry@1.11.1 OK for: glob@10.5.0 want: ^1.11.1
3585 silly fetch manifest @isaacs/cliui@^8.0.2
3586 silly packumentCache full:https://registry.npmjs.org/@isaacs%2fcliui cache-miss
3587 silly fetch manifest @pkgjs/parseargs@^0.11.0
3588 silly packumentCache full:https://registry.npmjs.org/@pkgjs%2fparseargs cache-miss
3589 silly fetch manifest brace-expansion@^2.0.2
3590 silly packumentCache full:https://registry.npmjs.org/brace-expansion cache-hit
3591 silly fetch manifest lru-cache@^10.2.0
3592 silly packumentCache full:https://registry.npmjs.org/lru-cache cache-hit
3593 http fetch GET 200 https://registry.npmjs.org/@isaacs%2fcliui 45ms (cache miss)
3594 silly packumentCache full:https://registry.npmjs.org/@isaacs%2fcliui set size:undefined disposed:false
3595 http fetch GET 200 https://registry.npmjs.org/@pkgjs%2fparseargs 71ms (cache miss)
3596 silly packumentCache full:https://registry.npmjs.org/@pkgjs%2fparseargs set size:undefined disposed:false
3597 silly placeDep ROOT @isaacs/cliui@8.0.2 OK for: jackspeak@3.4.3 want: ^8.0.2
3598 silly placeDep ROOT @pkgjs/parseargs@0.11.0 OK for: jackspeak@3.4.3 want: ^0.11.0
3599 silly fetch manifest wrap-ansi@^8.1.0
3600 silly packumentCache full:https://registry.npmjs.org/wrap-ansi cache-hit
3601 silly fetch manifest strip-ansi@^7.0.1
3602 silly packumentCache full:https://registry.npmjs.org/strip-ansi cache-hit
3603 silly fetch manifest string-width@^5.1.2
3604 silly packumentCache full:https://registry.npmjs.org/string-width cache-hit
3605 silly fetch manifest wrap-ansi-cjs@npm:wrap-ansi@^7.0.0
3606 silly packumentCache full:https://registry.npmjs.org/wrap-ansi cache-hit
3607 silly fetch manifest strip-ansi-cjs@npm:strip-ansi@^6.0.1
3608 silly packumentCache full:https://registry.npmjs.org/strip-ansi cache-hit
3609 silly fetch manifest string-width-cjs@npm:string-width@^4.2.0
3610 silly packumentCache full:https://registry.npmjs.org/string-width cache-hit
3611 silly placeDep node_modules/@isaacs/cliui string-width@5.1.2 OK for: @isaacs/cliui@8.0.2 want: ^5.1.2
3612 silly placeDep ROOT string-width-cjs@4.2.3 OK for: @isaacs/cliui@8.0.2 want: npm:string-width@^4.2.0
3613 silly placeDep node_modules/@isaacs/cliui strip-ansi@7.2.0 OK for: @isaacs/cliui@8.0.2 want: ^7.0.1
3614 silly placeDep ROOT strip-ansi-cjs@6.0.1 OK for: @isaacs/cliui@8.0.2 want: npm:strip-ansi@^6.0.1
3615 silly placeDep node_modules/@isaacs/cliui wrap-ansi@8.1.0 OK for: @isaacs/cliui@8.0.2 want: ^8.1.0
3616 silly placeDep ROOT wrap-ansi-cjs@7.0.0 OK for: @isaacs/cliui@8.0.2 want: npm:wrap-ansi@^7.0.0
3617 silly fetch manifest emoji-regex@^9.2.2
3618 silly packumentCache full:https://registry.npmjs.org/emoji-regex cache-hit
3619 silly fetch manifest eastasianwidth@^0.2.0
3620 silly packumentCache full:https://registry.npmjs.org/eastasianwidth cache-miss
3621 silly fetch manifest ansi-regex@^6.2.2
3622 silly packumentCache full:https://registry.npmjs.org/ansi-regex cache-hit
3623 silly fetch manifest ansi-styles@^6.1.0
3624 silly packumentCache full:https://registry.npmjs.org/ansi-styles cache-hit
3625 http fetch GET 200 https://registry.npmjs.org/eastasianwidth 330ms (cache miss)
3626 silly packumentCache full:https://registry.npmjs.org/eastasianwidth set size:undefined disposed:false
3627 silly placeDep ROOT eastasianwidth@0.2.0 OK for: string-width@5.1.2 want: ^0.2.0
3628 silly placeDep node_modules/@isaacs/cliui emoji-regex@9.2.2 OK for: string-width@5.1.2 want: ^9.2.2
3629 silly placeDep node_modules/@isaacs/cliui ansi-regex@6.3.0 OK for: strip-ansi@7.2.0 want: ^6.2.2
3630 silly placeDep node_modules/@isaacs/cliui ansi-styles@6.2.3 OK for: wrap-ansi@8.1.0 want: ^6.1.0
3631 silly placeDep node_modules/@jest/reporters brace-expansion@2.1.4 OK for: minimatch@9.0.9 want: ^2.0.2
3632 silly placeDep node_modules/@jest/reporters lru-cache@10.4.3 OK for: path-scurry@1.11.1 want: ^10.2.0
3633 silly placeDep ROOT @types/eslint-scope@3.7.7 OK for: webpack@5.106.2 want: ^3.7.7
3634 silly placeDep ROOT acorn-import-phases@1.0.4 OK for: webpack@5.106.2 want: ^1.0.3
3635 silly placeDep node_modules/@nestjs/cli eslint-scope@5.1.1 OK for: webpack@5.106.2 want: 5.1.1
3636 silly placeDep ROOT glob-to-regexp@0.4.1 OK for: webpack@5.106.2 want: ^0.4.1
3637 silly placeDep ROOT loader-runner@4.3.2 OK for: webpack@5.106.2 want: ^4.3.1
3638 silly placeDep node_modules/@nestjs/cli schema-utils@4.3.3 OK for: webpack@5.106.2 want: ^4.3.3
3639 silly placeDep ROOT terser-webpack-plugin@5.6.1 OK for: webpack@5.106.2 want: ^5.3.17
3640 silly fetch manifest @types/eslint@*
3641 silly packumentCache full:https://registry.npmjs.org/@types%2feslint cache-hit
3642 silly placeDep ROOT @types/eslint@9.6.1 OK for: @types/eslint-scope@3.7.7 want: *
3643 silly placeDep node_modules/terser-webpack-plugin jest-worker@27.5.1 OK for: terser-webpack-plugin@5.6.1 want: ^27.4.5
3644 silly placeDep node_modules/terser-webpack-plugin schema-utils@4.3.3 OK for: terser-webpack-plugin@5.6.1 want: ^4.3.0
3645 silly placeDep node_modules/@nestjs/cli estraverse@4.3.0 OK for: eslint-scope@5.1.1 want: ^4.1.1
3646 silly placeDep node_modules/@nestjs/cli ajv@8.20.0 OK for: schema-utils@4.3.3 want: ^8.9.0
3647 silly placeDep node_modules/@nestjs/cli ajv-formats@2.1.1 OK for: schema-utils@4.3.3 want: ^2.1.1
3648 silly placeDep node_modules/@nestjs/cli ajv-keywords@5.1.0 OK for: schema-utils@4.3.3 want: ^5.1.0
3649 silly placeDep node_modules/@nestjs/cli json-schema-traverse@1.0.0 OK for: ajv@8.20.0 want: ^1.0.0
3650 silly placeDep node_modules/@nestjs/schematics ajv@8.18.0 OK for: @angular-devkit/core@19.2.24 want: 8.18.0
3651 silly placeDep node_modules/@nestjs/schematics rxjs@7.8.1 OK for: @angular-devkit/core@19.2.24 want: 7.8.1
3652 silly placeDep node_modules/@nestjs/schematics json-schema-traverse@1.0.0 OK for: ajv@8.18.0 want: ^1.0.0
3653 silly placeDep node_modules/@typescript-eslint/typescript-estree brace-expansion@5.0.9 OK for: minimatch@10.2.6 want: ^5.0.8
3654 silly fetch manifest balanced-match@^4.0.2
3655 silly packumentCache full:https://registry.npmjs.org/balanced-match cache-hit
3656 silly placeDep node_modules/@typescript-eslint/typescript-estree balanced-match@4.0.4 OK for: brace-expansion@5.0.9 want: ^4.0.2
3657 silly placeDep node_modules/ajv-formats json-schema-traverse@1.0.0 OK for: ajv@8.20.0 want: ^1.0.0
3658 silly placeDep node_modules/form-data mime-db@1.52.0 OK for: mime-types@2.1.35 want: 1.52.0
3659 silly placeDep node_modules/glob brace-expansion@5.0.9 OK for: minimatch@10.2.6 want: ^5.0.8
3660 silly placeDep node_modules/glob balanced-match@4.0.4 OK for: brace-expansion@5.0.9 want: ^4.0.2
3661 silly placeDep node_modules/jest-config minimatch@9.0.9 OK for: glob@10.5.0 want: ^9.0.4
3662 silly placeDep node_modules/jest-config path-scurry@1.11.1 OK for: glob@10.5.0 want: ^1.11.1
3663 silly placeDep node_modules/jest-config brace-expansion@2.1.4 OK for: minimatch@9.0.9 want: ^2.0.2
3664 silly placeDep node_modules/jest-config lru-cache@10.4.3 OK for: path-scurry@1.11.1 want: ^10.2.0
3665 silly placeDep node_modules/jest-runner source-map@0.6.1 OK for: source-map-support@0.5.13 want: ^0.6.0
3666 silly placeDep node_modules/jest-runtime minimatch@9.0.9 OK for: glob@10.5.0 want: ^9.0.4
3667 silly placeDep node_modules/jest-runtime path-scurry@1.11.1 OK for: glob@10.5.0 want: ^1.11.1
3668 silly placeDep node_modules/jest-runtime brace-expansion@2.1.4 OK for: minimatch@9.0.9 want: ^2.0.2
3669 silly placeDep node_modules/jest-runtime lru-cache@10.4.3 OK for: path-scurry@1.11.1 want: ^10.2.0
3670 silly placeDep node_modules/minimizer-webpack-plugin supports-color@8.1.1 OK for: jest-worker@27.5.1 want: ^8.0.0
3671 silly placeDep node_modules/minimizer-webpack-plugin ajv@8.20.0 OK for: schema-utils@4.3.3 want: ^8.9.0
3672 silly placeDep node_modules/minimizer-webpack-plugin ajv-formats@2.1.1 OK for: schema-utils@4.3.3 want: ^2.1.1
3673 silly placeDep node_modules/minimizer-webpack-plugin ajv-keywords@5.1.0 OK for: schema-utils@4.3.3 want: ^5.1.0
3674 silly placeDep node_modules/minimizer-webpack-plugin json-schema-traverse@1.0.0 OK for: ajv@8.20.0 want: ^1.0.0
3675 silly placeDep node_modules/multer media-typer@0.3.0 OK for: type-is@1.6.18 want: 0.3.0
3676 silly placeDep node_modules/multer mime-types@2.1.35 OK for: type-is@1.6.18 want: ~2.1.24
3677 silly placeDep node_modules/multer mime-db@1.52.0 OK for: mime-types@2.1.35 want: 1.52.0
3678 silly placeDep node_modules/pkg-dir locate-path@5.0.0 OK for: find-up@4.1.0 want: ^5.0.0
3679 silly placeDep node_modules/pkg-dir p-locate@4.1.0 OK for: locate-path@5.0.0 want: ^4.1.0
3680 silly placeDep node_modules/pkg-dir p-limit@2.3.0 OK for: p-locate@4.1.0 want: ^2.2.0
3681 silly placeDep node_modules/terser-webpack-plugin supports-color@8.1.1 OK for: jest-worker@27.5.1 want: ^8.0.0
3682 silly placeDep node_modules/terser-webpack-plugin ajv@8.20.0 OK for: schema-utils@4.3.3 want: ^8.9.0
3683 silly placeDep node_modules/terser-webpack-plugin ajv-formats@2.1.1 OK for: schema-utils@4.3.3 want: ^2.1.1
3684 silly placeDep node_modules/terser-webpack-plugin ajv-keywords@5.1.0 OK for: schema-utils@4.3.3 want: ^5.1.0
3685 silly placeDep node_modules/terser-webpack-plugin json-schema-traverse@1.0.0 OK for: ajv@8.20.0 want: ^1.0.0
3686 silly placeDep ROOT fs.realpath@1.0.0 OK for: glob@7.2.3 want: ^1.0.0
3687 silly placeDep ROOT inflight@1.0.6 OK for: glob@7.2.3 want: ^1.0.4
3688 silly placeDep ROOT path-is-absolute@1.0.1 OK for: glob@7.2.3 want: ^1.0.0
3689 silly placeDep node_modules/webpack estraverse@4.3.0 OK for: eslint-scope@5.1.1 want: ^4.1.1
3690 silly placeDep node_modules/webpack ajv@8.20.0 OK for: schema-utils@4.3.3 want: ^8.9.0
3691 silly placeDep node_modules/webpack ajv-formats@2.1.1 OK for: schema-utils@4.3.3 want: ^2.1.1
3692 silly placeDep node_modules/webpack ajv-keywords@5.1.0 OK for: schema-utils@4.3.3 want: ^5.1.0
3693 silly placeDep node_modules/webpack json-schema-traverse@1.0.0 OK for: ajv@8.20.0 want: ^1.0.0
3694 silly reify moves {}
3695 silly audit bulk request {
3695 silly audit   '@eslint/eslintrc': [ '3.3.6' ],
3695 silly audit   '@eslint/js': [ '9.39.5' ],
3695 silly audit   '@nestjs/cli': [ '11.0.24' ],
3695 silly audit   '@nestjs/common': [ '11.1.29' ],
3695 silly audit   rxjs: [ '7.8.2', '7.8.1' ],
3695 silly audit   'reflect-metadata': [ '0.2.2' ],
3695 silly audit   '@nestjs/core': [ '11.1.29' ],
3695 silly audit   '@nestjs/platform-express': [ '11.1.29' ],
3695 silly audit   '@nestjs/schematics': [ '11.1.0' ],
3695 silly audit   typescript: [ '5.9.3' ],
3695 silly audit   '@nestjs/testing': [ '11.1.29' ],
3695 silly audit   '@types/express': [ '5.0.6' ],
3695 silly audit   '@types/jest': [ '30.0.0' ],
3695 silly audit   '@types/node': [ '24.13.3' ],
3695 silly audit   '@types/supertest': [ '7.2.1' ],
3695 silly audit   eslint: [ '9.39.5' ],
3695 silly audit   'eslint-config-prettier': [ '10.1.8' ],
3695 silly audit   'eslint-plugin-prettier': [ '5.5.6' ],
3695 silly audit   prettier: [ '3.9.6' ],
3695 silly audit   globals: [ '17.11.0', '14.0.0' ],
3695 silly audit   jest: [ '30.4.2' ],
3695 silly audit   'source-map-support': [ '0.5.21', '0.5.13' ],
3695 silly audit   supertest: [ '7.2.2' ],
3695 silly audit   'ts-jest': [ '29.4.12' ],
3695 silly audit   'ts-loader': [ '9.6.2' ],
3695 silly audit   webpack: [ '5.109.2', '5.106.2' ],
3695 silly audit   'ts-node': [ '10.9.2' ],
3695 silly audit   'tsconfig-paths': [ '4.2.0' ],
3695 silly audit   'typescript-eslint': [ '8.67.0' ],
3695 silly audit   ajv: [ '6.15.0', '8.18.0', '8.20.0' ],
3695 silly audit   debug: [ '4.4.3' ],
3695 silly audit   espree: [ '10.4.0' ],
3695 silly audit   ignore: [ '5.3.2', '7.0.6' ],
3695 silly audit   'import-fresh': [ '3.3.1' ],
3695 silly audit   'js-yaml': [ '4.3.1', '3.15.1' ],
3695 silly audit   minimatch: [ '3.1.5', '10.2.6', '9.0.9' ],
3695 silly audit   'strip-json-comments': [ '3.1.1' ],
3695 silly audit   '@angular-devkit/core': [ '19.2.27', '19.2.24' ],
3695 silly audit   '@angular-devkit/schematics': [ '19.2.27', '19.2.24' ],
3695 silly audit   '@angular-devkit/schematics-cli': [ '19.2.27' ],
3695 silly audit   '@inquirer/prompts': [ '7.10.1', '7.3.2' ],
3695 silly audit   ansis: [ '4.2.0' ],
3695 silly audit   chokidar: [ '4.0.3' ],
3695 silly audit   'cli-table3': [ '0.6.5' ],
3695 silly audit   commander: [ '4.1.1', '2.20.3' ],
3695 silly audit   'fork-ts-checker-webpack-plugin': [ '9.1.0' ],
3695 silly audit   glob: [ '13.0.6', '10.5.0', '7.2.3' ],
3695 silly audit   'node-emoji': [ '1.11.0' ],
3695 silly audit   ora: [ '5.4.1' ],
3695 silly audit   'tsconfig-paths-webpack-plugin': [ '4.2.0' ],
3695 silly audit   'webpack-node-externals': [ '3.0.0' ],
3695 silly audit   'ajv-formats': [ '3.0.1', '2.1.1' ],
3695 silly audit   'jsonc-parser': [ '3.3.1' ],
3695 silly audit   picomatch: [ '4.0.4', '2.3.2' ],
3695 silly audit   'source-map': [ '0.7.4', '0.6.1' ],
3695 silly audit   'magic-string': [ '0.30.17' ],
3695 silly audit   'ansi-colors': [ '4.1.3' ],
3695 silly audit   'symbol-observable': [ '4.0.0' ],
3695 silly audit   'yargs-parser': [ '21.1.1' ],
3695 silly audit   '@inquirer/checkbox': [ '4.3.2' ],
3695 silly audit   '@inquirer/confirm': [ '5.1.21' ],
3695 silly audit   '@inquirer/editor': [ '4.2.23' ],
3695 silly audit   '@inquirer/expand': [ '4.0.23' ],
3695 silly audit   '@inquirer/input': [ '4.3.1' ],
3695 silly audit   '@inquirer/number': [ '3.0.23' ],
3695 silly audit   '@inquirer/password': [ '4.0.23' ],
3695 silly audit   '@inquirer/rawlist': [ '4.1.11' ],
3695 silly audit   '@inquirer/search': [ '3.2.2' ],
3695 silly audit   '@inquirer/select': [ '4.4.2' ],
3695 silly audit   '@inquirer/ansi': [ '1.0.2' ],
3695 silly audit   '@inquirer/core': [ '10.3.2' ],
3695 silly audit   '@inquirer/figures': [ '1.0.15' ],
3695 silly audit   '@inquirer/type': [ '3.0.10' ],
3695 silly audit   'yoctocolors-cjs': [ '2.1.3' ],
3695 silly audit   'cli-width': [ '4.1.0' ],
3695 silly audit   'mute-stream': [ '2.0.0' ],
3695 silly audit   'signal-exit': [ '4.1.0', '3.0.7' ],
3695 silly audit   'wrap-ansi': [ '6.2.0', '7.0.0', '8.1.0' ],
3695 silly audit   '@inquirer/external-editor': [ '1.0.3' ],
3695 silly audit   chardet: [ '2.2.0' ],
3695 silly audit   'iconv-lite': [ '0.7.3' ],
3695 silly audit   'file-type': [ '21.3.4' ],
3695 silly audit   iterare: [ '1.2.1' ],
3695 silly audit   'load-esm': [ '1.0.3' ],
3695 silly audit   tslib: [ '2.8.1' ],
3695 silly audit   uid: [ '2.0.2' ],
3695 silly audit   'fast-safe-stringify': [ '2.1.1' ],
3695 silly audit   'path-to-regexp': [ '8.4.2' ],
3695 silly audit   cors: [ '2.8.6' ],
3695 silly audit   express: [ '5.2.1' ],
3695 silly audit   multer: [ '2.2.0' ],
3695 silly audit   'comment-json': [ '5.0.0' ],
3695 silly audit   pluralize: [ '8.0.0' ],
3695 silly audit   '@types/body-parser': [ '1.19.6' ],
3695 silly audit   '@types/express-serve-static-core': [ '5.1.3' ],
3695 silly audit   '@types/serve-static': [ '2.2.0' ],
3695 silly audit   '@types/connect': [ '3.4.38' ],
3695 silly audit   '@types/qs': [ '6.15.1' ],
3695 silly audit   '@types/range-parser': [ '1.2.7' ],
3695 silly audit   '@types/send': [ '1.2.1' ],
3695 silly audit   expect: [ '30.4.1' ],
3695 silly audit   'pretty-format': [ '30.4.1' ],
3695 silly audit   'undici-types': [ '7.18.2' ],
3695 silly audit   '@types/http-errors': [ '2.0.5' ],
3695 silly audit   '@types/methods': [ '1.1.4' ],
3695 silly audit   '@types/superagent': [ '8.1.11' ],
3695 silly audit   '@types/cookiejar': [ '2.1.5' ],
3695 silly audit   'form-data': [ '4.0.6' ],
3695 silly audit   'fast-deep-equal': [ '3.1.3' ],
3695 silly audit   'fast-json-stable-stringify': [ '2.1.0' ],
3695 silly audit   'json-schema-traverse': [ '0.4.1', '1.0.0' ],
3695 silly audit   'uri-js': [ '4.4.1' ],
3695 silly audit   readdirp: [ '4.1.2' ],
3695 silly audit   '@colors/colors': [ '1.5.0' ],
3695 silly audit   'string-width': [ '4.2.3', '5.1.2' ],
3695 silly audit   'array-timsort': [ '1.0.3' ],
3695 silly audit   esprima: [ '4.0.1' ],
3695 silly audit   'object-assign': [ '4.1.1' ],
3695 silly audit   vary: [ '1.1.2' ],
3695 silly audit   ms: [ '2.1.3' ],
3695 silly audit   '@eslint-community/eslint-utils': [ '4.10.1' ],
3695 silly audit   '@eslint-community/regexpp': [ '4.12.2' ],
3695 silly audit   '@eslint/config-array': [ '0.21.2' ],
3695 silly audit   '@eslint/config-helpers': [ '0.4.2' ],
3695 silly audit   '@eslint/core': [ '0.17.0' ],
3695 silly audit   '@eslint/plugin-kit': [ '0.4.1' ],
3695 silly audit   '@humanfs/node': [ '0.16.8' ],
3695 silly audit   '@humanwhocodes/module-importer': [ '1.0.1' ],
3695 silly audit   '@humanwhocodes/retry': [ '0.4.3' ],
3695 silly audit   '@types/estree': [ '1.0.9' ],
3695 silly audit   chalk: [ '4.1.2' ],
3695 silly audit   'cross-spawn': [ '7.0.6' ],
3695 silly audit   'escape-string-regexp': [ '4.0.0', '2.0.0' ],
3695 silly audit   'eslint-scope': [ '8.4.0', '5.1.1' ],
3695 silly audit   'eslint-visitor-keys': [ '4.2.1', '3.4.3', '5.0.1' ],
3695 silly audit   esquery: [ '1.7.0' ],
3695 silly audit   esutils: [ '2.0.3' ],
3695 silly audit   'file-entry-cache': [ '8.0.0' ],
3695 silly audit   'find-up': [ '5.0.0', '4.1.0' ],
3695 silly audit   'glob-parent': [ '6.0.2' ],
3695 silly audit   imurmurhash: [ '0.1.4' ],
3695 silly audit   'is-glob': [ '4.0.3' ],
3695 silly audit   'json-stable-stringify-without-jsonify': [ '1.0.1' ],
3695 silly audit   'lodash.merge': [ '4.6.2' ],
3695 silly audit   'natural-compare': [ '1.4.0' ],
3695 silly audit   optionator: [ '0.9.4' ],
3695 silly audit   '@eslint/object-schema': [ '2.1.7' ],
3695 silly audit   '@types/json-schema': [ '7.0.15' ],
3695 silly audit   levn: [ '0.4.1' ],
3695 silly audit   '@humanfs/core': [ '0.19.2' ],
3695 silly audit   '@humanfs/types': [ '0.15.0' ],
3695 silly audit   'ansi-styles': [ '4.3.0', '5.2.0', '6.2.3' ],
3695 silly audit   'supports-color': [ '7.2.0', '8.1.1' ],
3695 silly audit   'color-convert': [ '2.0.1' ],
3695 silly audit   'color-name': [ '1.1.4' ],
3695 silly audit   'path-key': [ '3.1.1' ],
3695 silly audit   'shebang-command': [ '2.0.0' ],
3695 silly audit   which: [ '2.0.2' ],
3695 silly audit   'prettier-linter-helpers': [ '1.0.1' ],
3695 silly audit   synckit: [ '0.11.13' ],
3695 silly audit   esrecurse: [ '4.3.0' ],
3695 silly audit   estraverse: [ '5.3.0', '4.3.0' ],
3695 silly audit   acorn: [ '8.18.0' ],
3695 silly audit   'acorn-jsx': [ '5.3.2' ],
3695 silly audit   '@jest/expect-utils': [ '30.4.1' ],
3695 silly audit   '@jest/get-type': [ '30.1.0' ],
3695 silly audit   'jest-matcher-utils': [ '30.4.1' ],
3695 silly audit   'jest-message-util': [ '30.4.1' ],
3695 silly audit   'jest-mock': [ '30.4.1' ],
3695 silly audit   'jest-util': [ '30.4.1' ],
3695 silly audit   accepts: [ '2.0.0' ],
3695 silly audit   'body-parser': [ '2.3.0' ],
3695 silly audit   'content-disposition': [ '1.1.0' ],
3695 silly audit   'content-type': [ '1.0.5', '2.0.0' ],
3695 silly audit   cookie: [ '0.7.2' ],
3695 silly audit   'cookie-signature': [ '1.2.2' ],
3695 silly audit   depd: [ '2.0.0' ],
3695 silly audit   encodeurl: [ '2.0.0' ],
3695 silly audit   'escape-html': [ '1.0.3' ],
3695 silly audit   etag: [ '1.8.1' ],
3695 silly audit   finalhandler: [ '2.1.1' ],
3695 silly audit   fresh: [ '2.0.0' ],
3695 silly audit   'http-errors': [ '2.0.1' ],
3695 silly audit   'merge-descriptors': [ '2.0.0' ],
3695 silly audit   'mime-types': [ '3.0.2', '2.1.35' ],
3695 silly audit   'on-finished': [ '2.4.1' ],
3695 silly audit   once: [ '1.4.0' ],
3695 silly audit   parseurl: [ '1.3.3' ],
3695 silly audit   'proxy-addr': [ '2.0.7' ],
3695 silly audit   qs: [ '6.15.3' ],
3695 silly audit   'range-parser': [ '1.3.0' ],
3695 silly audit   router: [ '2.2.0' ],
3695 silly audit   send: [ '1.2.1' ],
3695 silly audit   'serve-static': [ '2.2.1' ],
3695 silly audit   statuses: [ '2.0.2' ],
3695 silly audit   'type-is': [ '2.1.0', '1.6.18' ],
3695 silly audit   negotiator: [ '1.0.0' ],
3695 silly audit   bytes: [ '3.1.2' ],
3695 silly audit   'raw-body': [ '3.0.2' ],
3695 silly audit   'flat-cache': [ '4.0.1' ],
3695 silly audit   '@tokenizer/inflate': [ '0.4.1' ],
3695 silly audit   strtok3: [ '10.3.5' ],
3695 silly audit   'token-types': [ '6.1.2' ],
3695 silly audit   'uint8array-extras': [ '1.5.0' ],
3695 silly audit   'locate-path': [ '6.0.0', '5.0.0' ],
3695 silly audit   'path-exists': [ '4.0.0' ],
3695 silly audit   flatted: [ '3.4.4' ],
3695 silly audit   keyv: [ '4.5.4' ],
3695 silly audit   '@babel/code-frame': [ '7.29.7' ],
3695 silly audit   cosmiconfig: [ '8.3.6' ],
3695 silly audit   deepmerge: [ '4.3.1' ],
3695 silly audit   'fs-extra': [ '10.1.0' ],
3695 silly audit   memfs: [ '3.5.3' ],
3695 silly audit   'node-abort-controller': [ '3.1.1' ],
3695 silly audit   'schema-utils': [ '3.3.0', '4.3.3' ],
3695 silly audit   semver: [ '7.8.5', '6.3.1' ],
3695 silly audit   tapable: [ '2.3.3' ],
3695 silly audit   '@babel/helper-validator-identifier': [ '7.29.7' ],
3695 silly audit   'js-tokens': [ '4.0.0' ],
3695 silly audit   picocolors: [ '1.1.1' ],
3695 silly audit   'parse-json': [ '5.2.0' ],
3695 silly audit   'path-type': [ '4.0.0' ],
3695 silly audit   asynckit: [ '0.4.0' ],
3695 silly audit   'combined-stream': [ '1.0.8' ],
3695 silly audit   'es-set-tostringtag': [ '2.1.0' ],
3695 silly audit   hasown: [ '2.0.4' ],
3695 silly audit   'delayed-stream': [ '1.0.0' ],
3695 silly audit   'es-errors': [ '1.3.0' ],
3695 silly audit   'get-intrinsic': [ '1.3.0' ],
3695 silly audit   'has-tostringtag': [ '1.0.2' ],
3695 silly audit   'graceful-fs': [ '4.2.11' ],
3695 silly audit   jsonfile: [ '6.2.1' ],
3695 silly audit   universalify: [ '2.0.1' ],
3695 silly audit   'call-bind-apply-helpers': [ '1.0.2' ],
3695 silly audit   'es-define-property': [ '1.0.1' ],
3695 silly audit   'es-object-atoms': [ '1.1.2' ],
3695 silly audit   'function-bind': [ '1.1.2' ],
3695 silly audit   'get-proto': [ '1.0.1' ],
3695 silly audit   gopd: [ '1.2.0' ],
3695 silly audit   'has-symbols': [ '1.1.0' ],
3695 silly audit   'math-intrinsics': [ '1.1.0' ],
3695 silly audit   'dunder-proto': [ '1.0.1' ],
3695 silly audit   minipass: [ '7.1.3' ],
3695 silly audit   'path-scurry': [ '2.0.2', '1.11.1' ],
3695 silly audit   inherits: [ '2.0.4' ],
3695 silly audit   setprototypeof: [ '1.2.0' ],
3695 silly audit   toidentifier: [ '1.0.1' ],
3695 silly audit   'safer-buffer': [ '2.1.2' ],
3695 silly audit   'parent-module': [ '1.0.1' ],
3695 silly audit   'resolve-from': [ '4.0.0', '5.0.0' ],
3695 silly audit   'is-extglob': [ '2.1.1' ],
3695 silly audit   '@jest/core': [ '30.4.2' ],
3695 silly audit   '@jest/types': [ '30.4.1' ],
3695 silly audit   'import-local': [ '3.2.0' ],
3695 silly audit   'jest-cli': [ '30.4.2' ],
3695 silly audit   '@jest/console': [ '30.4.1' ],
3695 silly audit   '@jest/pattern': [ '30.4.0' ],
3695 silly audit   '@jest/reporters': [ '30.4.1' ],
3695 silly audit   '@jest/test-result': [ '30.4.1' ],
3695 silly audit   '@jest/transform': [ '30.4.1' ],
3695 silly audit   'ansi-escapes': [ '4.3.2' ],
3695 silly audit   'ci-info': [ '4.4.0' ],
3695 silly audit   'exit-x': [ '0.2.2' ],
3695 silly audit   'jest-changed-files': [ '30.4.1' ],
3695 silly audit   'jest-config': [ '30.4.2' ],
3695 silly audit   'jest-haste-map': [ '30.4.1' ],
3695 silly audit   'jest-regex-util': [ '30.4.0' ],
3695 silly audit   'jest-resolve': [ '30.4.1' ],
3695 silly audit   'jest-resolve-dependencies': [ '30.4.2' ],
3695 silly audit   'jest-runner': [ '30.4.2' ],
3695 silly audit   'jest-runtime': [ '30.4.2' ],
3695 silly audit   'jest-snapshot': [ '30.4.1' ],
3695 silly audit   'jest-validate': [ '30.4.1' ],
3695 silly audit   'jest-watcher': [ '30.4.1' ],
3695 silly audit   slash: [ '3.0.0' ],
3695 silly audit   '@bcoe/v8-coverage': [ '0.2.3' ],
3695 silly audit   '@jridgewell/trace-mapping': [ '0.3.31', '0.3.9' ],
3695 silly audit   'collect-v8-coverage': [ '1.0.3' ],
3695 silly audit   'istanbul-lib-coverage': [ '3.2.2' ],
3695 silly audit   'istanbul-lib-instrument': [ '6.0.3' ],
3695 silly audit   'istanbul-lib-report': [ '3.0.1' ],
3695 silly audit   'istanbul-lib-source-maps': [ '5.0.6' ],
3695 silly audit   'istanbul-reports': [ '3.2.0' ],
3695 silly audit   'jest-worker': [ '30.4.1', '27.5.1' ],
3695 silly audit   'string-length': [ '4.0.2' ],
3695 silly audit   'v8-to-istanbul': [ '9.3.0' ],
3695 silly audit   '@types/istanbul-lib-coverage': [ '2.0.6' ],
3695 silly audit   '@babel/core': [ '7.29.7' ],
3695 silly audit   'babel-plugin-istanbul': [ '7.0.1' ],
3695 silly audit   'convert-source-map': [ '2.0.0' ],
3695 silly audit   pirates: [ '4.0.7' ],
3695 silly audit   'write-file-atomic': [ '5.0.1' ],
3695 silly audit   '@babel/generator': [ '7.29.8' ],
3695 silly audit   '@babel/helper-compilation-targets': [ '7.29.7' ],
3695 silly audit   '@babel/helper-module-transforms': [ '7.29.7' ],
3695 silly audit   '@babel/helpers': [ '7.29.7' ],
3695 silly audit   '@babel/parser': [ '7.29.8' ],
3695 silly audit   '@babel/template': [ '7.29.7' ],
3695 silly audit   '@babel/traverse': [ '7.29.8' ],
3695 silly audit   '@babel/types': [ '7.29.8' ],
3695 silly audit   '@jridgewell/remapping': [ '2.3.5' ],
3695 silly audit   gensync: [ '1.0.0-beta.2' ],
3695 silly audit   json5: [ '2.2.3' ],
3695 silly audit   '@jridgewell/gen-mapping': [ '0.3.13' ],
3695 silly audit   jsesc: [ '3.1.0' ],
3695 silly audit   '@babel/compat-data': [ '7.29.7' ],
3695 silly audit   '@babel/helper-validator-option': [ '7.29.7' ],
3695 silly audit   browserslist: [ '4.28.8' ],
3695 silly audit   'lru-cache': [ '5.1.1', '11.5.2', '10.4.3' ],
3695 silly audit   '@babel/helper-module-imports': [ '7.29.7' ],
3695 silly audit   '@babel/helper-globals': [ '7.29.7' ],
3695 silly audit   '@babel/helper-string-parser': [ '7.29.7' ],
3695 silly audit   '@jest/schemas': [ '30.4.1' ],
3695 silly audit   '@types/istanbul-reports': [ '3.0.4' ],
3695 silly audit   '@types/yargs': [ '17.0.35' ],
3695 silly audit   '@sinclair/typebox': [ '0.34.52' ],
3695 silly audit   '@jridgewell/sourcemap-codec': [ '1.5.5' ],
3695 silly audit   '@jridgewell/resolve-uri': [ '3.1.2' ],
3695 silly audit   '@types/istanbul-lib-report': [ '3.0.3' ],
3695 silly audit   '@types/yargs-parser': [ '21.0.3' ],
3695 silly audit   'type-fest': [ '0.21.3', '4.41.0' ],
3695 silly audit   '@babel/helper-plugin-utils': [ '7.29.7' ],
3695 silly audit   '@istanbuljs/load-nyc-config': [ '1.1.0' ],
3695 silly audit   '@istanbuljs/schema': [ '0.1.6' ],
3695 silly audit   'test-exclude': [ '6.0.0' ],
3695 silly audit   camelcase: [ '5.3.1', '6.3.0' ],
3695 silly audit   'get-package-type': [ '0.1.0' ],
3695 silly audit   'baseline-browser-mapping': [ '2.11.13' ],
3695 silly audit   'caniuse-lite': [ '1.0.30001809' ],
3695 silly audit   'electron-to-chromium': [ '1.5.405' ],
3695 silly audit   'node-releases': [ '2.0.53' ],
3695 silly audit   'update-browserslist-db': [ '1.3.1' ],
3695 silly audit   'pkg-dir': [ '4.2.0' ],
3695 silly audit   'resolve-cwd': [ '3.0.0' ],
3695 silly audit   'make-dir': [ '4.0.0' ],
3695 silly audit   'html-escaper': [ '2.0.2' ],
3695 silly audit   execa: [ '5.1.1' ],
3695 silly audit   'p-limit': [ '3.1.0', '2.3.0' ],
3695 silly audit   'get-stream': [ '6.0.1' ],
3695 silly audit   'human-signals': [ '2.1.0' ],
3695 silly audit   'is-stream': [ '2.0.1' ],
3695 silly audit   'merge-stream': [ '2.0.0' ],
3695 silly audit   'npm-run-path': [ '4.0.1' ],
3695 silly audit   onetime: [ '5.1.2' ],
3695 silly audit   'strip-final-newline': [ '2.0.0' ],
3695 silly audit   yargs: [ '17.7.3' ],
3695 silly audit   '@jest/test-sequencer': [ '30.4.1' ],
3695 silly audit   'babel-jest': [ '30.4.1' ],
3695 silly audit   'jest-circus': [ '30.4.2' ],
3695 silly audit   'jest-docblock': [ '30.4.0' ],
3695 silly audit   'jest-environment-node': [ '30.4.1' ],
3695 silly audit   '@types/babel__core': [ '7.20.5' ],
3695 silly audit   'babel-preset-jest': [ '30.4.0' ],
3695 silly audit   '@types/babel__generator': [ '7.27.0' ],
3695 silly audit   '@types/babel__template': [ '7.4.4' ],
3695 silly audit   '@types/babel__traverse': [ '7.28.0' ],
3695 silly audit   'babel-plugin-jest-hoist': [ '30.4.0' ],
3695 silly audit   'babel-preset-current-node-syntax': [ '1.2.0' ],
3695 silly audit   '@babel/plugin-syntax-async-generators': [ '7.8.4' ],
3695 silly audit   '@babel/plugin-syntax-bigint': [ '7.8.3' ],
3695 silly audit   '@babel/plugin-syntax-class-properties': [ '7.12.13' ],
3695 silly audit   '@babel/plugin-syntax-class-static-block': [ '7.14.5' ],
3695 silly audit   '@babel/plugin-syntax-import-attributes': [ '7.29.7' ],
3695 silly audit   '@babel/plugin-syntax-import-meta': [ '7.10.4' ],
3695 silly audit   '@babel/plugin-syntax-json-strings': [ '7.8.3' ],
3695 silly audit   '@babel/plugin-syntax-logical-assignment-operators': [ '7.10.4' ],
3695 silly audit   '@babel/plugin-syntax-nullish-coalescing-operator': [ '7.8.3' ],
3695 silly audit   '@babel/plugin-syntax-numeric-separator': [ '7.10.4' ],
3695 silly audit   '@babel/plugin-syntax-object-rest-spread': [ '7.8.3' ],
3695 silly audit   '@babel/plugin-syntax-optional-catch-binding': [ '7.8.3' ],
3695 silly audit   '@babel/plugin-syntax-optional-chaining': [ '7.8.3' ],
3695 silly audit   '@babel/plugin-syntax-private-property-in-object': [ '7.14.5' ],
3695 silly audit   '@babel/plugin-syntax-top-level-await': [ '7.14.5' ],
3695 silly audit   '@jest/environment': [ '30.4.1' ],
3695 silly audit   '@jest/expect': [ '30.4.1' ],
3695 silly audit   co: [ '4.6.0' ],
3695 silly audit   dedent: [ '1.7.2' ],
3695 silly audit   'is-generator-fn': [ '2.1.0' ],
3695 silly audit   'jest-each': [ '30.4.1' ],
3695 silly audit   'pure-rand': [ '7.0.1' ],
3695 silly audit   'stack-utils': [ '2.0.6' ],
3695 silly audit   '@jest/fake-timers': [ '30.4.1' ],
3695 silly audit   '@sinonjs/fake-timers': [ '15.4.0' ],
3695 silly audit   '@sinonjs/commons': [ '3.0.1' ],
3695 silly audit   'type-detect': [ '4.0.8' ],
3695 silly audit   'detect-newline': [ '3.1.0' ],
3695 silly audit   anymatch: [ '3.1.3' ],
3695 silly audit   'fb-watchman': [ '2.0.2' ],
3695 silly audit   fsevents: [ '2.3.3' ],
3695 silly audit   walker: [ '1.0.8' ],
3695 silly audit   'normalize-path': [ '3.0.0' ],
3695 silly audit   bser: [ '2.1.1' ],
3695 silly audit   'node-int64': [ '0.4.0' ],
3695 silly audit   'jest-diff': [ '30.4.1' ],
3695 silly audit   '@jest/diff-sequences': [ '30.4.0' ],
3695 silly audit   '@types/stack-utils': [ '2.0.3' ],
3695 silly audit   'jest-pnp-resolver': [ '1.2.3' ],
3695 silly audit   'unrs-resolver': [ '1.12.2' ],
3695 silly audit   emittery: [ '0.13.1' ],
3695 silly audit   'jest-leak-detector': [ '30.4.1' ],
3695 silly audit   '@jest/globals': [ '30.4.1' ],
3695 silly audit   '@jest/source-map': [ '30.0.1' ],
3695 silly audit   'cjs-module-lexer': [ '2.2.0' ],
3695 silly audit   'strip-bom': [ '4.0.0', '3.0.0' ],
3695 silly audit   callsites: [ '3.1.0' ],
3695 silly audit   '@babel/plugin-syntax-jsx': [ '7.29.7' ],
3695 silly audit   '@babel/plugin-syntax-typescript': [ '7.29.7' ],
3695 silly audit   '@jest/snapshot-utils': [ '30.4.1' ],
3695 silly audit   leven: [ '3.1.0' ],
3695 silly audit   '@ungap/structured-clone': [ '1.3.3' ],
3695 silly audit   argparse: [ '2.0.1', '1.0.10' ],
3695 silly audit   'json-buffer': [ '3.0.1' ],
3695 silly audit   'prelude-ls': [ '1.2.1' ],
3695 silly audit   'type-check': [ '0.4.0' ],
3695 silly audit   'p-locate': [ '5.0.0', '4.1.0' ],
3695 silly audit   yallist: [ '3.1.1' ],
3695 silly audit   'fs-monkey': [ '1.1.0' ],
3695 silly audit   'mime-db': [ '1.54.0', '1.52.0' ],
3695 silly audit   'brace-expansion': [ '1.1.18', '2.1.4', '5.0.9' ],
3695 silly audit   'balanced-match': [ '1.0.2', '4.0.4' ],
3695 silly audit   'concat-map': [ '0.0.1' ],
3695 silly audit   'append-field': [ '1.0.0' ],
3695 silly audit   busboy: [ '1.6.0' ],
3695 silly audit   'concat-stream': [ '2.0.0' ],
3695 silly audit   streamsearch: [ '1.1.0' ],
3695 silly audit   'buffer-from': [ '1.1.2' ],
3695 silly audit   'readable-stream': [ '3.6.2' ],
3695 silly audit   typedarray: [ '0.0.6' ],
3695 silly audit   lodash: [ '4.18.1' ],
3695 silly audit   'ee-first': [ '1.1.1' ],
3695 silly audit   wrappy: [ '1.0.2' ],
3695 silly audit   'mimic-fn': [ '2.1.0' ],
3695 silly audit   'deep-is': [ '0.1.4' ],
3695 silly audit   'fast-levenshtein': [ '2.0.6' ],
3695 silly audit   'word-wrap': [ '1.2.5' ],
3695 silly audit   bl: [ '4.1.0' ],
3695 silly audit   'cli-cursor': [ '3.1.0' ],
3695 silly audit   'cli-spinners': [ '2.9.2' ],
3695 silly audit   'is-interactive': [ '1.0.0' ],
3695 silly audit   'is-unicode-supported': [ '0.1.0' ],
3695 silly audit   'log-symbols': [ '4.1.0' ],
3695 silly audit   'strip-ansi': [ '6.0.1', '7.2.0' ],
3695 silly audit   wcwidth: [ '1.0.1' ],
3695 silly audit   buffer: [ '5.7.1' ],
3695 silly audit   'base64-js': [ '1.5.1' ],
3695 silly audit   ieee754: [ '1.2.1' ],
3695 silly audit   'restore-cursor': [ '3.1.0' ],
3695 silly audit   'yocto-queue': [ '0.1.0' ],
3695 silly audit   'error-ex': [ '1.3.4' ],
3695 silly audit   'json-parse-even-better-errors': [ '2.3.1' ],
3695 silly audit   'lines-and-columns': [ '1.2.4' ],
3695 silly audit   'is-arrayish': [ '0.2.1' ],
3695 silly audit   'fast-diff': [ '1.3.0' ],
3695 silly audit   'react-is': [ '18.3.1', '19.2.8' ],
3695 silly audit   forwarded: [ '0.2.0' ],
3695 silly audit   'ipaddr.js': [ '1.9.1' ],
3695 silly audit   'side-channel': [ '1.1.1' ],
3695 silly audit   unpipe: [ '1.0.0' ],
3695 silly audit   string_decoder: [ '1.3.0' ],
3695 silly audit   'util-deprecate': [ '1.0.2' ],
3695 silly audit   'is-promise': [ '4.0.0' ],
3695 silly audit   'ajv-keywords': [ '3.5.2', '5.1.0' ],
3695 silly audit   'shebang-regex': [ '3.0.0' ],
3695 silly audit   'object-inspect': [ '1.13.4' ],
3695 silly audit   'side-channel-list': [ '1.0.1' ],
3695 silly audit   'side-channel-map': [ '1.0.1' ],
3695 silly audit   'side-channel-weakmap': [ '1.0.2' ],
3695 silly audit   'call-bound': [ '1.0.4' ],
3695 silly audit   'safe-buffer': [ '5.2.1' ],
3695 silly audit   'char-regex': [ '1.0.2' ],
3695 silly audit   'emoji-regex': [ '8.0.0', '9.2.2' ],
3695 silly audit   'is-fullwidth-code-point': [ '3.0.0' ],
3695 silly audit   'ansi-regex': [ '5.0.1', '6.3.0' ],
3695 silly audit   '@tokenizer/token': [ '0.3.0' ],
3695 silly audit   methods: [ '1.1.2' ],
3695 silly audit   superagent: [ '10.3.0' ],
3695 silly audit   'component-emitter': [ '1.3.1' ],
3695 silly audit   cookiejar: [ '2.1.4' ],
3695 silly audit   formidable: [ '3.5.4' ],
3695 silly audit   mime: [ '2.6.0' ],
3695 silly audit   '@paralleldrive/cuid2': [ '2.3.1' ],
3695 silly audit   dezalgo: [ '1.0.4' ],
3695 silly audit   '@noble/hashes': [ '1.8.0' ],
3695 silly audit   asap: [ '2.0.6' ],
3695 silly audit   'has-flag': [ '4.0.0' ],
3695 silly audit   '@pkgr/core': [ '0.3.6' ],
3695 silly audit   '@borewit/text-codec': [ '0.2.2' ],
3695 silly audit   'bs-logger': [ '0.2.6' ],
3695 silly audit   handlebars: [ '4.7.9' ],
3695 silly audit   'lodash.memoize': [ '4.1.2' ],
3695 silly audit   'make-error': [ '1.3.6' ],
3695 silly audit   minimist: [ '1.2.8' ],
3695 silly audit   'neo-async': [ '2.6.2' ],
3695 silly audit   'uglify-js': [ '3.19.3' ],
3695 silly audit   wordwrap: [ '1.0.0' ],
3695 silly audit   '@cspotcode/source-map-support': [ '0.8.1' ],
3695 silly audit   '@tsconfig/node10': [ '1.0.12' ],
3695 silly audit   '@tsconfig/node12': [ '1.0.11' ],
3695 silly audit   '@tsconfig/node14': [ '1.0.3' ],
3695 silly audit   '@tsconfig/node16': [ '1.0.4' ],
3695 silly audit   'acorn-walk': [ '8.3.5' ],
3695 silly audit   arg: [ '4.1.3' ],
3695 silly audit   'create-require': [ '1.1.1' ],
3695 silly audit   diff: [ '4.0.4' ],
3695 silly audit   'v8-compile-cache-lib': [ '3.0.1' ],
3695 silly audit   yn: [ '3.1.1' ],
3695 silly audit   'enhanced-resolve': [ '5.24.5' ],
3695 silly audit   'media-typer': [ '1.1.1', '0.3.0' ],
3695 silly audit   '@typescript-eslint/eslint-plugin': [ '8.67.0' ],
3695 silly audit   '@typescript-eslint/parser': [ '8.67.0' ],
3695 silly audit   '@typescript-eslint/typescript-estree': [ '8.67.0' ],
3695 silly audit   '@typescript-eslint/utils': [ '8.67.0' ],
3695 silly audit   '@typescript-eslint/scope-manager': [ '8.67.0' ],
3695 silly audit   '@typescript-eslint/type-utils': [ '8.67.0' ],
3695 silly audit   '@typescript-eslint/visitor-keys': [ '8.67.0' ],
3695 silly audit   'ts-api-utils': [ '2.5.0' ],
3695 silly audit   '@typescript-eslint/types': [ '8.67.0' ],
3695 silly audit   '@typescript-eslint/project-service': [ '8.67.0' ],
3695 silly audit   '@typescript-eslint/tsconfig-utils': [ '8.67.0' ],
3695 silly audit   tinyglobby: [ '0.2.17' ],
3695 silly audit   fdir: [ '6.5.0' ],
3695 silly audit   '@lukeed/csprng': [ '1.1.0' ],
3695 silly audit   '@unrs/resolver-binding-android-arm-eabi': [ '1.12.2' ],
3695 silly audit   '@unrs/resolver-binding-android-arm64': [ '1.12.2' ],
3695 silly audit   '@unrs/resolver-binding-darwin-arm64': [ '1.12.2' ],
3695 silly audit   '@unrs/resolver-binding-darwin-x64': [ '1.12.2' ],
3695 silly audit   '@unrs/resolver-binding-freebsd-x64': [ '1.12.2' ],
3695 silly audit   '@unrs/resolver-binding-linux-arm-gnueabihf': [ '1.12.2' ],
3695 silly audit   '@unrs/resolver-binding-linux-arm-musleabihf': [ '1.12.2' ],
3695 silly audit   '@unrs/resolver-binding-linux-arm64-gnu': [ '1.12.2' ],
3695 silly audit   '@unrs/resolver-binding-linux-arm64-musl': [ '1.12.2' ],
3695 silly audit   '@unrs/resolver-binding-linux-loong64-gnu': [ '1.12.2' ],
3695 silly audit   '@unrs/resolver-binding-linux-loong64-musl': [ '1.12.2' ],
3695 silly audit   '@unrs/resolver-binding-linux-ppc64-gnu': [ '1.12.2' ],
3695 silly audit   '@unrs/resolver-binding-linux-riscv64-gnu': [ '1.12.2' ],
3695 silly audit   '@unrs/resolver-binding-linux-riscv64-musl': [ '1.12.2' ],
3695 silly audit   '@unrs/resolver-binding-linux-s390x-gnu': [ '1.12.2' ],
3695 silly audit   '@unrs/resolver-binding-linux-x64-gnu': [ '1.12.2' ],
3695 silly audit   '@unrs/resolver-binding-linux-x64-musl': [ '1.12.2' ],
3695 silly audit   '@unrs/resolver-binding-openharmony-arm64': [ '1.12.2' ],
3695 silly audit   '@unrs/resolver-binding-wasm32-wasi': [ '1.12.2' ],
3695 silly audit   '@unrs/resolver-binding-win32-arm64-msvc': [ '1.12.2' ],
3695 silly audit   '@unrs/resolver-binding-win32-ia32-msvc': [ '1.12.2' ],
3695 silly audit   '@unrs/resolver-binding-win32-x64-msvc': [ '1.12.2' ],
3695 silly audit   'napi-postinstall': [ '0.3.4' ],
3695 silly audit   '@emnapi/core': [ '1.10.0' ],
3695 silly audit   '@emnapi/runtime': [ '1.10.0' ],
3695 silly audit   '@napi-rs/wasm-runtime': [ '1.2.3' ],
3695 silly audit   '@emnapi/wasi-threads': [ '1.2.1' ],
3695 silly audit   '@tybys/wasm-util': [ '0.10.3' ],
3695 silly audit   escalade: [ '3.2.0' ],
3695 silly audit   punycode: [ '2.3.1' ],
3695 silly audit   makeerror: [ '1.0.12' ],
3695 silly audit   tmpl: [ '1.0.5' ],
3695 silly audit   defaults: [ '1.0.4' ],
3695 silly audit   clone: [ '1.0.4' ],
3695 silly audit   '@webassemblyjs/ast': [ '1.14.1' ],
3695 silly audit   '@webassemblyjs/wasm-edit': [ '1.14.1' ],
3695 silly audit   '@webassemblyjs/wasm-parser': [ '1.14.1' ],
3695 silly audit   'chrome-trace-event': [ '1.0.4' ],
3695 silly audit   'es-module-lexer': [ '2.3.1' ],
3695 silly audit   events: [ '3.3.0' ],
3695 silly audit   'minimizer-webpack-plugin': [ '5.6.1' ],
3695 silly audit   watchpack: [ '2.5.2' ],
3695 silly audit   'webpack-sources': [ '3.5.1' ],
3695 silly audit   '@webassemblyjs/helper-numbers': [ '1.13.2' ],
3695 silly audit   '@webassemblyjs/helper-wasm-bytecode': [ '1.13.2' ],
3695 silly audit   '@webassemblyjs/floating-point-hex-parser': [ '1.13.2' ],
3695 silly audit   '@webassemblyjs/helper-api-error': [ '1.13.2' ],
3695 silly audit   '@xtuc/long': [ '4.2.2' ],
3695 silly audit   '@webassemblyjs/helper-buffer': [ '1.14.1' ],
3695 silly audit   '@webassemblyjs/helper-wasm-section': [ '1.14.1' ],
3695 silly audit   '@webassemblyjs/wasm-gen': [ '1.14.1' ],
3695 silly audit   '@webassemblyjs/wasm-opt': [ '1.14.1' ],
3695 silly audit   '@webassemblyjs/wast-printer': [ '1.14.1' ],
3695 silly audit   '@webassemblyjs/ieee754': [ '1.13.2' ],
3695 silly audit   '@webassemblyjs/leb128': [ '1.13.2' ],
3695 silly audit   '@webassemblyjs/utf8': [ '1.13.2' ],
3695 silly audit   '@xtuc/ieee754': [ '1.2.0' ],
3695 silly audit   terser: [ '5.50.0' ],
3695 silly audit   '@jridgewell/source-map': [ '0.3.11' ],
3695 silly audit   isexe: [ '2.0.0' ],
3695 silly audit   cliui: [ '8.0.1' ],
3695 silly audit   'get-caller-file': [ '2.0.5' ],
3695 silly audit   'require-directory': [ '2.1.1' ],
3695 silly audit   y18n: [ '5.0.8' ],
3695 silly audit   'fast-uri': [ '3.1.5' ],
3695 silly audit   'require-from-string': [ '2.0.2' ],
3695 silly audit   'sprintf-js': [ '1.0.3' ],
3695 silly audit   'p-try': [ '2.2.0' ],
3695 silly audit   'foreground-child': [ '3.3.1' ],
3695 silly audit   jackspeak: [ '3.4.3' ],
3695 silly audit   'package-json-from-dist': [ '1.0.1' ],
3695 silly audit   '@isaacs/cliui': [ '8.0.2' ],
3695 silly audit   '@pkgjs/parseargs': [ '0.11.0' ],
3695 silly audit   eastasianwidth: [ '0.2.0' ],
3695 silly audit   '@types/eslint-scope': [ '3.7.7' ],
3695 silly audit   'acorn-import-phases': [ '1.0.4' ],
3695 silly audit   'glob-to-regexp': [ '0.4.1' ],
3695 silly audit   'loader-runner': [ '4.3.2' ],
3695 silly audit   'terser-webpack-plugin': [ '5.6.1' ],
3695 silly audit   '@types/eslint': [ '9.6.1' ],
3695 silly audit   'fs.realpath': [ '1.0.0' ],
3695 silly audit   inflight: [ '1.0.6' ],
3695 silly audit   'path-is-absolute': [ '1.0.1' ]
3695 silly audit }
3696 http cache inflight@https://registry.npmjs.org/inflight/-/inflight-1.0.6.tgz 0ms (cache hit)
3697 http cache fs.realpath@https://registry.npmjs.org/fs.realpath/-/fs.realpath-1.0.0.tgz 0ms (cache hit)
3698 http cache @types/eslint@https://registry.npmjs.org/@types/eslint/-/eslint-9.6.1.tgz 0ms (cache hit)
3699 http cache terser-webpack-plugin@https://registry.npmjs.org/terser-webpack-plugin/-/terser-webpack-plugin-5.6.1.tgz 0ms (cache hit)
3700 http cache loader-runner@https://registry.npmjs.org/loader-runner/-/loader-runner-4.3.2.tgz 0ms (cache hit)
3701 http cache glob-to-regexp@https://registry.npmjs.org/glob-to-regexp/-/glob-to-regexp-0.4.1.tgz 0ms (cache hit)
3702 http cache acorn-import-phases@https://registry.npmjs.org/acorn-import-phases/-/acorn-import-phases-1.0.4.tgz 0ms (cache hit)
3703 http cache @types/eslint-scope@https://registry.npmjs.org/@types/eslint-scope/-/eslint-scope-3.7.7.tgz 0ms (cache hit)
3704 http cache path-is-absolute@https://registry.npmjs.org/path-is-absolute/-/path-is-absolute-1.0.1.tgz 0ms (cache hit)
3705 http cache eastasianwidth@https://registry.npmjs.org/eastasianwidth/-/eastasianwidth-0.2.0.tgz 0ms (cache hit)
3706 http cache wrap-ansi-cjs@https://registry.npmjs.org/wrap-ansi/-/wrap-ansi-7.0.0.tgz 0ms (cache hit)
3707 http cache strip-ansi-cjs@https://registry.npmjs.org/strip-ansi/-/strip-ansi-6.0.1.tgz 0ms (cache hit)
3708 http cache string-width-cjs@https://registry.npmjs.org/string-width/-/string-width-4.2.3.tgz 0ms (cache hit)
3709 http cache @isaacs/cliui@https://registry.npmjs.org/@isaacs/cliui/-/cliui-8.0.2.tgz 0ms (cache hit)
3710 http cache @pkgjs/parseargs@https://registry.npmjs.org/@pkgjs/parseargs/-/parseargs-0.11.0.tgz 0ms (cache hit)
3711 http cache foreground-child@https://registry.npmjs.org/foreground-child/-/foreground-child-3.3.1.tgz 0ms (cache hit)
3712 http cache jackspeak@https://registry.npmjs.org/jackspeak/-/jackspeak-3.4.3.tgz 0ms (cache hit)
3713 http cache p-try@https://registry.npmjs.org/p-try/-/p-try-2.2.0.tgz 0ms (cache hit)
3714 http cache sprintf-js@https://registry.npmjs.org/sprintf-js/-/sprintf-js-1.0.3.tgz 0ms (cache hit)
3715 http cache fast-uri@https://registry.npmjs.org/fast-uri/-/fast-uri-3.1.5.tgz 0ms (cache hit)
3716 http cache y18n@https://registry.npmjs.org/y18n/-/y18n-5.0.8.tgz 0ms (cache hit)
3717 http cache require-directory@https://registry.npmjs.org/require-directory/-/require-directory-2.1.1.tgz 0ms (cache hit)
3718 http cache get-caller-file@https://registry.npmjs.org/get-caller-file/-/get-caller-file-2.0.5.tgz 0ms (cache hit)
3719 http cache cliui@https://registry.npmjs.org/cliui/-/cliui-8.0.1.tgz 0ms (cache hit)
3720 http cache isexe@https://registry.npmjs.org/isexe/-/isexe-2.0.0.tgz 0ms (cache hit)
3721 http cache @jridgewell/source-map@https://registry.npmjs.org/@jridgewell/source-map/-/source-map-0.3.11.tgz 0ms (cache hit)
3722 http cache @xtuc/ieee754@https://registry.npmjs.org/@xtuc/ieee754/-/ieee754-1.2.0.tgz 0ms (cache hit)
3723 http cache terser@https://registry.npmjs.org/terser/-/terser-5.50.0.tgz 0ms (cache hit)
3724 http cache @webassemblyjs/utf8@https://registry.npmjs.org/@webassemblyjs/utf8/-/utf8-1.13.2.tgz 0ms (cache hit)
3725 http cache @webassemblyjs/leb128@https://registry.npmjs.org/@webassemblyjs/leb128/-/leb128-1.13.2.tgz 0ms (cache hit)
3726 http cache @webassemblyjs/ieee754@https://registry.npmjs.org/@webassemblyjs/ieee754/-/ieee754-1.13.2.tgz 0ms (cache hit)
3727 http cache @webassemblyjs/wast-printer@https://registry.npmjs.org/@webassemblyjs/wast-printer/-/wast-printer-1.14.1.tgz 0ms (cache hit)
3728 http cache @webassemblyjs/wasm-opt@https://registry.npmjs.org/@webassemblyjs/wasm-opt/-/wasm-opt-1.14.1.tgz 0ms (cache hit)
3729 http cache @webassemblyjs/wasm-gen@https://registry.npmjs.org/@webassemblyjs/wasm-gen/-/wasm-gen-1.14.1.tgz 0ms (cache hit)
3730 http cache @webassemblyjs/helper-wasm-section@https://registry.npmjs.org/@webassemblyjs/helper-wasm-section/-/helper-wasm-section-1.14.1.tgz 0ms (cache hit)
3731 http cache @xtuc/long@https://registry.npmjs.org/@xtuc/long/-/long-4.2.2.tgz 0ms (cache hit)
3732 http cache @webassemblyjs/helper-buffer@https://registry.npmjs.org/@webassemblyjs/helper-buffer/-/helper-buffer-1.14.1.tgz 0ms (cache hit)
3733 http cache @webassemblyjs/helper-api-error@https://registry.npmjs.org/@webassemblyjs/helper-api-error/-/helper-api-error-1.13.2.tgz 0ms (cache hit)
3734 http cache @webassemblyjs/floating-point-hex-parser@https://registry.npmjs.org/@webassemblyjs/floating-point-hex-parser/-/floating-point-hex-parser-1.13.2.tgz 0ms (cache hit)
3735 http cache @webassemblyjs/helper-wasm-bytecode@https://registry.npmjs.org/@webassemblyjs/helper-wasm-bytecode/-/helper-wasm-bytecode-1.13.2.tgz 0ms (cache hit)
3736 http cache @webassemblyjs/helper-numbers@https://registry.npmjs.org/@webassemblyjs/helper-numbers/-/helper-numbers-1.13.2.tgz 0ms (cache hit)
3737 http cache require-from-string@https://registry.npmjs.org/require-from-string/-/require-from-string-2.0.2.tgz 0ms (cache hit)
3738 http cache webpack-sources@https://registry.npmjs.org/webpack-sources/-/webpack-sources-3.5.1.tgz 0ms (cache hit)
3739 http cache watchpack@https://registry.npmjs.org/watchpack/-/watchpack-2.5.2.tgz 0ms (cache hit)
3740 http cache minimizer-webpack-plugin@https://registry.npmjs.org/minimizer-webpack-plugin/-/minimizer-webpack-plugin-5.6.1.tgz 0ms (cache hit)
3741 http cache events@https://registry.npmjs.org/events/-/events-3.3.0.tgz 0ms (cache hit)
3742 http cache es-module-lexer@https://registry.npmjs.org/es-module-lexer/-/es-module-lexer-2.3.1.tgz 0ms (cache hit)
3743 http cache chrome-trace-event@https://registry.npmjs.org/chrome-trace-event/-/chrome-trace-event-1.0.4.tgz 0ms (cache hit)
3744 http cache @webassemblyjs/wasm-parser@https://registry.npmjs.org/@webassemblyjs/wasm-parser/-/wasm-parser-1.14.1.tgz 0ms (cache hit)
3745 http cache @webassemblyjs/wasm-edit@https://registry.npmjs.org/@webassemblyjs/wasm-edit/-/wasm-edit-1.14.1.tgz 0ms (cache hit)
3746 http cache @webassemblyjs/ast@https://registry.npmjs.org/@webassemblyjs/ast/-/ast-1.14.1.tgz 0ms (cache hit)
3747 http cache clone@https://registry.npmjs.org/clone/-/clone-1.0.4.tgz 0ms (cache hit)
3748 http cache defaults@https://registry.npmjs.org/defaults/-/defaults-1.0.4.tgz 0ms (cache hit)
3749 http cache tmpl@https://registry.npmjs.org/tmpl/-/tmpl-1.0.5.tgz 0ms (cache hit)
3750 http cache makeerror@https://registry.npmjs.org/makeerror/-/makeerror-1.0.12.tgz 0ms (cache hit)
3751 http cache punycode@https://registry.npmjs.org/punycode/-/punycode-2.3.1.tgz 0ms (cache hit)
3752 http cache escalade@https://registry.npmjs.org/escalade/-/escalade-3.2.0.tgz 0ms (cache hit)
3753 http cache @unrs/resolver-binding-win32-x64-msvc@https://registry.npmjs.org/@unrs/resolver-binding-win32-x64-msvc/-/resolver-binding-win32-x64-msvc-1.12.2.tgz 0ms (cache hit)
3754 http cache napi-postinstall@https://registry.npmjs.org/napi-postinstall/-/napi-postinstall-0.3.4.tgz 0ms (cache hit)
3755 http cache @lukeed/csprng@https://registry.npmjs.org/@lukeed/csprng/-/csprng-1.1.0.tgz 0ms (cache hit)
3756 http cache fdir@https://registry.npmjs.org/fdir/-/fdir-6.5.0.tgz 0ms (cache hit)
3757 http cache tinyglobby@https://registry.npmjs.org/tinyglobby/-/tinyglobby-0.2.17.tgz 0ms (cache hit)
3758 http cache @typescript-eslint/project-service@https://registry.npmjs.org/@typescript-eslint/project-service/-/project-service-8.67.0.tgz 0ms (cache hit)
3759 http cache @typescript-eslint/types@https://registry.npmjs.org/@typescript-eslint/types/-/types-8.67.0.tgz 0ms (cache hit)
3760 http cache ts-api-utils@https://registry.npmjs.org/ts-api-utils/-/ts-api-utils-2.5.0.tgz 0ms (cache hit)
3761 http cache @typescript-eslint/visitor-keys@https://registry.npmjs.org/@typescript-eslint/visitor-keys/-/visitor-keys-8.67.0.tgz 0ms (cache hit)
3762 http cache @typescript-eslint/type-utils@https://registry.npmjs.org/@typescript-eslint/type-utils/-/type-utils-8.67.0.tgz 0ms (cache hit)
3763 http cache @typescript-eslint/scope-manager@https://registry.npmjs.org/@typescript-eslint/scope-manager/-/scope-manager-8.67.0.tgz 0ms (cache hit)
3764 http cache @typescript-eslint/utils@https://registry.npmjs.org/@typescript-eslint/utils/-/utils-8.67.0.tgz 0ms (cache hit)
3765 http cache @typescript-eslint/typescript-estree@https://registry.npmjs.org/@typescript-eslint/typescript-estree/-/typescript-estree-8.67.0.tgz 1ms (cache hit)
3766 http cache @typescript-eslint/parser@https://registry.npmjs.org/@typescript-eslint/parser/-/parser-8.67.0.tgz 0ms (cache hit)
3767 http cache @typescript-eslint/eslint-plugin@https://registry.npmjs.org/@typescript-eslint/eslint-plugin/-/eslint-plugin-8.67.0.tgz 0ms (cache hit)
3768 http cache media-typer@https://registry.npmjs.org/media-typer/-/media-typer-1.1.1.tgz 0ms (cache hit)
3769 http cache enhanced-resolve@https://registry.npmjs.org/enhanced-resolve/-/enhanced-resolve-5.24.5.tgz 0ms (cache hit)
3770 http cache yn@https://registry.npmjs.org/yn/-/yn-3.1.1.tgz 0ms (cache hit)
3771 http cache v8-compile-cache-lib@https://registry.npmjs.org/v8-compile-cache-lib/-/v8-compile-cache-lib-3.0.1.tgz 0ms (cache hit)
3772 http cache diff@https://registry.npmjs.org/diff/-/diff-4.0.4.tgz 0ms (cache hit)
3773 http cache create-require@https://registry.npmjs.org/create-require/-/create-require-1.1.1.tgz 1ms (cache hit)
3774 http cache acorn-walk@https://registry.npmjs.org/acorn-walk/-/acorn-walk-8.3.5.tgz 0ms (cache hit)
3775 http cache @tsconfig/node16@https://registry.npmjs.org/@tsconfig/node16/-/node16-1.0.4.tgz 0ms (cache hit)
3776 http cache @tsconfig/node14@https://registry.npmjs.org/@tsconfig/node14/-/node14-1.0.3.tgz 0ms (cache hit)
3777 http cache @tsconfig/node12@https://registry.npmjs.org/@tsconfig/node12/-/node12-1.0.11.tgz 0ms (cache hit)
3778 http cache @tsconfig/node10@https://registry.npmjs.org/@tsconfig/node10/-/node10-1.0.12.tgz 0ms (cache hit)
3779 http cache @cspotcode/source-map-support@https://registry.npmjs.org/@cspotcode/source-map-support/-/source-map-support-0.8.1.tgz 0ms (cache hit)
3780 http cache wordwrap@https://registry.npmjs.org/wordwrap/-/wordwrap-1.0.0.tgz 0ms (cache hit)
3781 http cache uglify-js@https://registry.npmjs.org/uglify-js/-/uglify-js-3.19.3.tgz 0ms (cache hit)
3782 http cache neo-async@https://registry.npmjs.org/neo-async/-/neo-async-2.6.2.tgz 0ms (cache hit)
3783 http cache minimist@https://registry.npmjs.org/minimist/-/minimist-1.2.8.tgz 0ms (cache hit)
3784 http cache make-error@https://registry.npmjs.org/make-error/-/make-error-1.3.6.tgz 0ms (cache hit)
3785 http cache lodash.memoize@https://registry.npmjs.org/lodash.memoize/-/lodash.memoize-4.1.2.tgz 0ms (cache hit)
3786 http cache handlebars@https://registry.npmjs.org/handlebars/-/handlebars-4.7.9.tgz 0ms (cache hit)
3787 http cache bs-logger@https://registry.npmjs.org/bs-logger/-/bs-logger-0.2.6.tgz 0ms (cache hit)
3788 http cache @borewit/text-codec@https://registry.npmjs.org/@borewit/text-codec/-/text-codec-0.2.2.tgz 0ms (cache hit)
3789 http cache @pkgr/core@https://registry.npmjs.org/@pkgr/core/-/core-0.3.6.tgz 0ms (cache hit)
3790 http cache has-flag@https://registry.npmjs.org/has-flag/-/has-flag-4.0.0.tgz 0ms (cache hit)
3791 http cache asap@https://registry.npmjs.org/asap/-/asap-2.0.6.tgz 1ms (cache hit)
3792 http cache @noble/hashes@https://registry.npmjs.org/@noble/hashes/-/hashes-1.8.0.tgz 0ms (cache hit)
3793 http cache dezalgo@https://registry.npmjs.org/dezalgo/-/dezalgo-1.0.4.tgz 1ms (cache hit)
3794 http cache @paralleldrive/cuid2@https://registry.npmjs.org/@paralleldrive/cuid2/-/cuid2-2.3.1.tgz 0ms (cache hit)
3795 http cache mime@https://registry.npmjs.org/mime/-/mime-2.6.0.tgz 0ms (cache hit)
3796 http cache formidable@https://registry.npmjs.org/formidable/-/formidable-3.5.4.tgz 0ms (cache hit)
3797 http cache cookiejar@https://registry.npmjs.org/cookiejar/-/cookiejar-2.1.4.tgz 0ms (cache hit)
3798 http cache component-emitter@https://registry.npmjs.org/component-emitter/-/component-emitter-1.3.1.tgz 0ms (cache hit)
3799 http cache superagent@https://registry.npmjs.org/superagent/-/superagent-10.3.0.tgz 0ms (cache hit)
3800 http cache methods@https://registry.npmjs.org/methods/-/methods-1.1.2.tgz 0ms (cache hit)
3801 http cache @tokenizer/token@https://registry.npmjs.org/@tokenizer/token/-/token-0.3.0.tgz 0ms (cache hit)
3802 http cache ansi-regex@https://registry.npmjs.org/ansi-regex/-/ansi-regex-5.0.1.tgz 0ms (cache hit)
3803 http cache arg@https://registry.npmjs.org/arg/-/arg-4.1.3.tgz 0ms (cache hit)
3804 http cache is-fullwidth-code-point@https://registry.npmjs.org/is-fullwidth-code-point/-/is-fullwidth-code-point-3.0.0.tgz 0ms (cache hit)
3805 http cache emoji-regex@https://registry.npmjs.org/emoji-regex/-/emoji-regex-8.0.0.tgz 0ms (cache hit)
3806 http cache char-regex@https://registry.npmjs.org/char-regex/-/char-regex-1.0.2.tgz 0ms (cache hit)
3807 http cache safe-buffer@https://registry.npmjs.org/safe-buffer/-/safe-buffer-5.2.1.tgz 0ms (cache hit)
3808 http cache call-bound@https://registry.npmjs.org/call-bound/-/call-bound-1.0.4.tgz 0ms (cache hit)
3809 http cache side-channel-weakmap@https://registry.npmjs.org/side-channel-weakmap/-/side-channel-weakmap-1.0.2.tgz 0ms (cache hit)
3810 http cache side-channel-map@https://registry.npmjs.org/side-channel-map/-/side-channel-map-1.0.1.tgz 0ms (cache hit)
3811 http cache object-inspect@https://registry.npmjs.org/object-inspect/-/object-inspect-1.13.4.tgz 0ms (cache hit)
3812 http cache shebang-regex@https://registry.npmjs.org/shebang-regex/-/shebang-regex-3.0.0.tgz 0ms (cache hit)
3813 http cache ajv-keywords@https://registry.npmjs.org/ajv-keywords/-/ajv-keywords-3.5.2.tgz 0ms (cache hit)
3814 http cache is-promise@https://registry.npmjs.org/is-promise/-/is-promise-4.0.0.tgz 0ms (cache hit)
3815 http cache util-deprecate@https://registry.npmjs.org/util-deprecate/-/util-deprecate-1.0.2.tgz 0ms (cache hit)
3816 http cache string_decoder@https://registry.npmjs.org/string_decoder/-/string_decoder-1.3.0.tgz 0ms (cache hit)
3817 http cache unpipe@https://registry.npmjs.org/unpipe/-/unpipe-1.0.0.tgz 0ms (cache hit)
3818 http cache side-channel-list@https://registry.npmjs.org/side-channel-list/-/side-channel-list-1.0.1.tgz 0ms (cache hit)
3819 http cache side-channel@https://registry.npmjs.org/side-channel/-/side-channel-1.1.1.tgz 0ms (cache hit)
3820 http cache ipaddr.js@https://registry.npmjs.org/ipaddr.js/-/ipaddr.js-1.9.1.tgz 0ms (cache hit)
3821 http cache forwarded@https://registry.npmjs.org/forwarded/-/forwarded-0.2.0.tgz 0ms (cache hit)
3822 http cache react-is-19@https://registry.npmjs.org/react-is/-/react-is-19.2.8.tgz 0ms (cache hit)
3823 http cache react-is-18@https://registry.npmjs.org/react-is/-/react-is-18.3.1.tgz 0ms (cache hit)
3824 http cache fast-diff@https://registry.npmjs.org/fast-diff/-/fast-diff-1.3.0.tgz 0ms (cache hit)
3825 http cache is-arrayish@https://registry.npmjs.org/is-arrayish/-/is-arrayish-0.2.1.tgz 0ms (cache hit)
3826 http cache lines-and-columns@https://registry.npmjs.org/lines-and-columns/-/lines-and-columns-1.2.4.tgz 0ms (cache hit)
3827 http cache json-parse-even-better-errors@https://registry.npmjs.org/json-parse-even-better-errors/-/json-parse-even-better-errors-2.3.1.tgz 1ms (cache hit)
3828 http cache yocto-queue@https://registry.npmjs.org/yocto-queue/-/yocto-queue-0.1.0.tgz 0ms (cache hit)
3829 http cache error-ex@https://registry.npmjs.org/error-ex/-/error-ex-1.3.4.tgz 0ms (cache hit)
3830 http cache restore-cursor@https://registry.npmjs.org/restore-cursor/-/restore-cursor-3.1.0.tgz 0ms (cache hit)
3831 http cache ieee754@https://registry.npmjs.org/ieee754/-/ieee754-1.2.1.tgz 0ms (cache hit)
3832 http cache base64-js@https://registry.npmjs.org/base64-js/-/base64-js-1.5.1.tgz 0ms (cache hit)
3833 http cache buffer@https://registry.npmjs.org/buffer/-/buffer-5.7.1.tgz 0ms (cache hit)
3834 http cache wcwidth@https://registry.npmjs.org/wcwidth/-/wcwidth-1.0.1.tgz 0ms (cache hit)
3835 http cache log-symbols@https://registry.npmjs.org/log-symbols/-/log-symbols-4.1.0.tgz 0ms (cache hit)
3836 http cache strip-ansi@https://registry.npmjs.org/strip-ansi/-/strip-ansi-6.0.1.tgz 0ms (cache hit)
3837 http cache is-unicode-supported@https://registry.npmjs.org/is-unicode-supported/-/is-unicode-supported-0.1.0.tgz 0ms (cache hit)
3838 http cache is-interactive@https://registry.npmjs.org/is-interactive/-/is-interactive-1.0.0.tgz 0ms (cache hit)
3839 http cache cli-spinners@https://registry.npmjs.org/cli-spinners/-/cli-spinners-2.9.2.tgz 0ms (cache hit)
3840 http cache cli-cursor@https://registry.npmjs.org/cli-cursor/-/cli-cursor-3.1.0.tgz 0ms (cache hit)
3841 http cache bl@https://registry.npmjs.org/bl/-/bl-4.1.0.tgz 0ms (cache hit)
3842 http cache word-wrap@https://registry.npmjs.org/word-wrap/-/word-wrap-1.2.5.tgz 0ms (cache hit)
3843 http cache fast-levenshtein@https://registry.npmjs.org/fast-levenshtein/-/fast-levenshtein-2.0.6.tgz 0ms (cache hit)
3844 http cache deep-is@https://registry.npmjs.org/deep-is/-/deep-is-0.1.4.tgz 0ms (cache hit)
3845 http cache mimic-fn@https://registry.npmjs.org/mimic-fn/-/mimic-fn-2.1.0.tgz 0ms (cache hit)
3846 http cache wrappy@https://registry.npmjs.org/wrappy/-/wrappy-1.0.2.tgz 0ms (cache hit)
3847 http cache ee-first@https://registry.npmjs.org/ee-first/-/ee-first-1.1.1.tgz 0ms (cache hit)
3848 http cache lodash@https://registry.npmjs.org/lodash/-/lodash-4.18.1.tgz 0ms (cache hit)
3849 http cache typedarray@https://registry.npmjs.org/typedarray/-/typedarray-0.0.6.tgz 0ms (cache hit)
3850 http cache readable-stream@https://registry.npmjs.org/readable-stream/-/readable-stream-3.6.2.tgz 0ms (cache hit)
3851 http cache buffer-from@https://registry.npmjs.org/buffer-from/-/buffer-from-1.1.2.tgz 0ms (cache hit)
3852 http cache streamsearch@https://registry.npmjs.org/streamsearch/-/streamsearch-1.1.0.tgz 0ms (cache hit)
3853 http cache concat-stream@https://registry.npmjs.org/concat-stream/-/concat-stream-2.0.0.tgz 0ms (cache hit)
3854 http cache busboy@https://registry.npmjs.org/busboy/-/busboy-1.6.0.tgz 0ms (cache hit)
3855 http cache append-field@https://registry.npmjs.org/append-field/-/append-field-1.0.0.tgz 0ms (cache hit)
3856 http cache concat-map@https://registry.npmjs.org/concat-map/-/concat-map-0.0.1.tgz 0ms (cache hit)
3857 http cache balanced-match@https://registry.npmjs.org/balanced-match/-/balanced-match-1.0.2.tgz 1ms (cache hit)
3858 http cache mime-db@https://registry.npmjs.org/mime-db/-/mime-db-1.54.0.tgz 0ms (cache hit)
3859 http cache fs-monkey@https://registry.npmjs.org/fs-monkey/-/fs-monkey-1.1.0.tgz 0ms (cache hit)
3860 http cache yallist@https://registry.npmjs.org/yallist/-/yallist-3.1.1.tgz 0ms (cache hit)
3861 http cache p-locate@https://registry.npmjs.org/p-locate/-/p-locate-5.0.0.tgz 0ms (cache hit)
3862 http cache type-check@https://registry.npmjs.org/type-check/-/type-check-0.4.0.tgz 0ms (cache hit)
3863 http cache prelude-ls@https://registry.npmjs.org/prelude-ls/-/prelude-ls-1.2.1.tgz 0ms (cache hit)
3864 http cache json-buffer@https://registry.npmjs.org/json-buffer/-/json-buffer-3.0.1.tgz 0ms (cache hit)
3865 http cache argparse@https://registry.npmjs.org/argparse/-/argparse-2.0.1.tgz 0ms (cache hit)
3866 http cache @ungap/structured-clone@https://registry.npmjs.org/@ungap/structured-clone/-/structured-clone-1.3.3.tgz 0ms (cache hit)
3867 http cache brace-expansion@https://registry.npmjs.org/brace-expansion/-/brace-expansion-1.1.18.tgz 0ms (cache hit)
3868 http cache @jest/snapshot-utils@https://registry.npmjs.org/@jest/snapshot-utils/-/snapshot-utils-30.4.1.tgz 0ms (cache hit)
3869 http cache @babel/plugin-syntax-typescript@https://registry.npmjs.org/@babel/plugin-syntax-typescript/-/plugin-syntax-typescript-7.29.7.tgz 0ms (cache hit)
3870 http cache leven@https://registry.npmjs.org/leven/-/leven-3.1.0.tgz 0ms (cache hit)
3871 http cache @babel/plugin-syntax-jsx@https://registry.npmjs.org/@babel/plugin-syntax-jsx/-/plugin-syntax-jsx-7.29.7.tgz 0ms (cache hit)
3872 http cache callsites@https://registry.npmjs.org/callsites/-/callsites-3.1.0.tgz 0ms (cache hit)
3873 http cache strip-bom@https://registry.npmjs.org/strip-bom/-/strip-bom-4.0.0.tgz 0ms (cache hit)
3874 http cache cjs-module-lexer@https://registry.npmjs.org/cjs-module-lexer/-/cjs-module-lexer-2.2.0.tgz 0ms (cache hit)
3875 http cache @jest/source-map@https://registry.npmjs.org/@jest/source-map/-/source-map-30.0.1.tgz 0ms (cache hit)
3876 http cache jest-leak-detector@https://registry.npmjs.org/jest-leak-detector/-/jest-leak-detector-30.4.1.tgz 0ms (cache hit)
3877 http cache @jest/globals@https://registry.npmjs.org/@jest/globals/-/globals-30.4.1.tgz 0ms (cache hit)
3878 http cache emittery@https://registry.npmjs.org/emittery/-/emittery-0.13.1.tgz 0ms (cache hit)
3879 http cache jest-pnp-resolver@https://registry.npmjs.org/jest-pnp-resolver/-/jest-pnp-resolver-1.2.3.tgz 0ms (cache hit)
3880 http cache @types/stack-utils@https://registry.npmjs.org/@types/stack-utils/-/stack-utils-2.0.3.tgz 0ms (cache hit)
3881 http cache unrs-resolver@https://registry.npmjs.org/unrs-resolver/-/unrs-resolver-1.12.2.tgz 0ms (cache hit)
3882 http cache @jest/diff-sequences@https://registry.npmjs.org/@jest/diff-sequences/-/diff-sequences-30.4.0.tgz 0ms (cache hit)
3883 http cache jest-diff@https://registry.npmjs.org/jest-diff/-/jest-diff-30.4.1.tgz 0ms (cache hit)
3884 http cache node-int64@https://registry.npmjs.org/node-int64/-/node-int64-0.4.0.tgz 0ms (cache hit)
3885 http cache bser@https://registry.npmjs.org/bser/-/bser-2.1.1.tgz 0ms (cache hit)
3886 http cache normalize-path@https://registry.npmjs.org/normalize-path/-/normalize-path-3.0.0.tgz 0ms (cache hit)
3887 http cache walker@https://registry.npmjs.org/walker/-/walker-1.0.8.tgz 0ms (cache hit)
3888 http cache fb-watchman@https://registry.npmjs.org/fb-watchman/-/fb-watchman-2.0.2.tgz 0ms (cache hit)
3889 http cache anymatch@https://registry.npmjs.org/anymatch/-/anymatch-3.1.3.tgz 0ms (cache hit)
3890 http cache detect-newline@https://registry.npmjs.org/detect-newline/-/detect-newline-3.1.0.tgz 0ms (cache hit)
3891 http cache type-detect@https://registry.npmjs.org/type-detect/-/type-detect-4.0.8.tgz 0ms (cache hit)
3892 http cache @sinonjs/commons@https://registry.npmjs.org/@sinonjs/commons/-/commons-3.0.1.tgz 0ms (cache hit)
3893 http cache @sinonjs/fake-timers@https://registry.npmjs.org/@sinonjs/fake-timers/-/fake-timers-15.4.0.tgz 0ms (cache hit)
3894 http cache @jest/fake-timers@https://registry.npmjs.org/@jest/fake-timers/-/fake-timers-30.4.1.tgz 0ms (cache hit)
3895 http cache stack-utils@https://registry.npmjs.org/stack-utils/-/stack-utils-2.0.6.tgz 0ms (cache hit)
3896 http cache pure-rand@https://registry.npmjs.org/pure-rand/-/pure-rand-7.0.1.tgz 0ms (cache hit)
3897 http cache jest-each@https://registry.npmjs.org/jest-each/-/jest-each-30.4.1.tgz 0ms (cache hit)
3898 http cache is-generator-fn@https://registry.npmjs.org/is-generator-fn/-/is-generator-fn-2.1.0.tgz 0ms (cache hit)
3899 http cache dedent@https://registry.npmjs.org/dedent/-/dedent-1.7.2.tgz 0ms (cache hit)
3900 http cache co@https://registry.npmjs.org/co/-/co-4.6.0.tgz 0ms (cache hit)
3901 http cache @jest/expect@https://registry.npmjs.org/@jest/expect/-/expect-30.4.1.tgz 0ms (cache hit)
3902 http cache @jest/environment@https://registry.npmjs.org/@jest/environment/-/environment-30.4.1.tgz 0ms (cache hit)
3903 http cache @babel/plugin-syntax-top-level-await@https://registry.npmjs.org/@babel/plugin-syntax-top-level-await/-/plugin-syntax-top-level-await-7.14.5.tgz 0ms (cache hit)
3904 http cache @babel/plugin-syntax-private-property-in-object@https://registry.npmjs.org/@babel/plugin-syntax-private-property-in-object/-/plugin-syntax-private-property-in-object-7.14.5.tgz 0ms (cache hit)
3905 http cache @babel/plugin-syntax-optional-chaining@https://registry.npmjs.org/@babel/plugin-syntax-optional-chaining/-/plugin-syntax-optional-chaining-7.8.3.tgz 0ms (cache hit)
3906 http cache @babel/plugin-syntax-optional-catch-binding@https://registry.npmjs.org/@babel/plugin-syntax-optional-catch-binding/-/plugin-syntax-optional-catch-binding-7.8.3.tgz 0ms (cache hit)
3907 http cache @babel/plugin-syntax-object-rest-spread@https://registry.npmjs.org/@babel/plugin-syntax-object-rest-spread/-/plugin-syntax-object-rest-spread-7.8.3.tgz 0ms (cache hit)
3908 http cache @babel/plugin-syntax-numeric-separator@https://registry.npmjs.org/@babel/plugin-syntax-numeric-separator/-/plugin-syntax-numeric-separator-7.10.4.tgz 0ms (cache hit)
3909 http cache @babel/plugin-syntax-nullish-coalescing-operator@https://registry.npmjs.org/@babel/plugin-syntax-nullish-coalescing-operator/-/plugin-syntax-nullish-coalescing-operator-7.8.3.tgz 0ms (cache hit)
3910 http cache @babel/plugin-syntax-logical-assignment-operators@https://registry.npmjs.org/@babel/plugin-syntax-logical-assignment-operators/-/plugin-syntax-logical-assignment-operators-7.10.4.tgz 0ms (cache hit)
3911 http cache @babel/plugin-syntax-json-strings@https://registry.npmjs.org/@babel/plugin-syntax-json-strings/-/plugin-syntax-json-strings-7.8.3.tgz 0ms (cache hit)
3912 http cache @babel/plugin-syntax-import-meta@https://registry.npmjs.org/@babel/plugin-syntax-import-meta/-/plugin-syntax-import-meta-7.10.4.tgz 0ms (cache hit)
3913 http cache @babel/plugin-syntax-import-attributes@https://registry.npmjs.org/@babel/plugin-syntax-import-attributes/-/plugin-syntax-import-attributes-7.29.7.tgz 0ms (cache hit)
3914 http cache @babel/plugin-syntax-class-static-block@https://registry.npmjs.org/@babel/plugin-syntax-class-static-block/-/plugin-syntax-class-static-block-7.14.5.tgz 0ms (cache hit)
3915 http cache @babel/plugin-syntax-class-properties@https://registry.npmjs.org/@babel/plugin-syntax-class-properties/-/plugin-syntax-class-properties-7.12.13.tgz 0ms (cache hit)
3916 http cache @babel/plugin-syntax-bigint@https://registry.npmjs.org/@babel/plugin-syntax-bigint/-/plugin-syntax-bigint-7.8.3.tgz 0ms (cache hit)
3917 http cache @babel/plugin-syntax-async-generators@https://registry.npmjs.org/@babel/plugin-syntax-async-generators/-/plugin-syntax-async-generators-7.8.4.tgz 0ms (cache hit)
3918 http cache babel-preset-current-node-syntax@https://registry.npmjs.org/babel-preset-current-node-syntax/-/babel-preset-current-node-syntax-1.2.0.tgz 0ms (cache hit)
3919 http cache babel-plugin-jest-hoist@https://registry.npmjs.org/babel-plugin-jest-hoist/-/babel-plugin-jest-hoist-30.4.0.tgz 0ms (cache hit)
3920 http cache @types/babel__traverse@https://registry.npmjs.org/@types/babel__traverse/-/babel__traverse-7.28.0.tgz 0ms (cache hit)
3921 http cache @types/babel__template@https://registry.npmjs.org/@types/babel__template/-/babel__template-7.4.4.tgz 0ms (cache hit)
3922 http cache @types/babel__generator@https://registry.npmjs.org/@types/babel__generator/-/babel__generator-7.27.0.tgz 0ms (cache hit)
3923 http cache babel-preset-jest@https://registry.npmjs.org/babel-preset-jest/-/babel-preset-jest-30.4.0.tgz 0ms (cache hit)
3924 http cache @types/babel__core@https://registry.npmjs.org/@types/babel__core/-/babel__core-7.20.5.tgz 0ms (cache hit)
3925 http cache jest-environment-node@https://registry.npmjs.org/jest-environment-node/-/jest-environment-node-30.4.1.tgz 0ms (cache hit)
3926 http cache jest-docblock@https://registry.npmjs.org/jest-docblock/-/jest-docblock-30.4.0.tgz 0ms (cache hit)
3927 http cache jest-circus@https://registry.npmjs.org/jest-circus/-/jest-circus-30.4.2.tgz 0ms (cache hit)
3928 http cache babel-jest@https://registry.npmjs.org/babel-jest/-/babel-jest-30.4.1.tgz 0ms (cache hit)
3929 http cache @jest/test-sequencer@https://registry.npmjs.org/@jest/test-sequencer/-/test-sequencer-30.4.1.tgz 0ms (cache hit)
3930 http cache yargs@https://registry.npmjs.org/yargs/-/yargs-17.7.3.tgz 0ms (cache hit)
3931 http cache strip-final-newline@https://registry.npmjs.org/strip-final-newline/-/strip-final-newline-2.0.0.tgz 0ms (cache hit)
3932 http cache onetime@https://registry.npmjs.org/onetime/-/onetime-5.1.2.tgz 0ms (cache hit)
3933 http cache npm-run-path@https://registry.npmjs.org/npm-run-path/-/npm-run-path-4.0.1.tgz 0ms (cache hit)
3934 http cache is-stream@https://registry.npmjs.org/is-stream/-/is-stream-2.0.1.tgz 0ms (cache hit)
3935 http cache merge-stream@https://registry.npmjs.org/merge-stream/-/merge-stream-2.0.0.tgz 0ms (cache hit)
3936 http cache human-signals@https://registry.npmjs.org/human-signals/-/human-signals-2.1.0.tgz 0ms (cache hit)
3937 http cache get-stream@https://registry.npmjs.org/get-stream/-/get-stream-6.0.1.tgz 0ms (cache hit)
3938 http cache p-limit@https://registry.npmjs.org/p-limit/-/p-limit-3.1.0.tgz 0ms (cache hit)
3939 http cache execa@https://registry.npmjs.org/execa/-/execa-5.1.1.tgz 0ms (cache hit)
3940 http cache html-escaper@https://registry.npmjs.org/html-escaper/-/html-escaper-2.0.2.tgz 0ms (cache hit)
3941 http cache package-json-from-dist@https://registry.npmjs.org/package-json-from-dist/-/package-json-from-dist-1.0.1.tgz 0ms (cache hit)
3942 http cache resolve-cwd@https://registry.npmjs.org/resolve-cwd/-/resolve-cwd-3.0.0.tgz 0ms (cache hit)
3943 http cache pkg-dir@https://registry.npmjs.org/pkg-dir/-/pkg-dir-4.2.0.tgz 0ms (cache hit)
3944 http cache update-browserslist-db@https://registry.npmjs.org/update-browserslist-db/-/update-browserslist-db-1.3.1.tgz 0ms (cache hit)
3945 http cache node-releases@https://registry.npmjs.org/node-releases/-/node-releases-2.0.53.tgz 0ms (cache hit)
3946 http cache caniuse-lite@https://registry.npmjs.org/caniuse-lite/-/caniuse-lite-1.0.30001809.tgz 0ms (cache hit)
3947 http cache electron-to-chromium@https://registry.npmjs.org/electron-to-chromium/-/electron-to-chromium-1.5.405.tgz 0ms (cache hit)
3948 http cache get-package-type@https://registry.npmjs.org/get-package-type/-/get-package-type-0.1.0.tgz 0ms (cache hit)
3949 http cache baseline-browser-mapping@https://registry.npmjs.org/baseline-browser-mapping/-/baseline-browser-mapping-2.11.13.tgz 0ms (cache hit)
3950 http cache camelcase@https://registry.npmjs.org/camelcase/-/camelcase-5.3.1.tgz 0ms (cache hit)
3951 http cache test-exclude@https://registry.npmjs.org/test-exclude/-/test-exclude-6.0.0.tgz 0ms (cache hit)
3952 http cache @istanbuljs/schema@https://registry.npmjs.org/@istanbuljs/schema/-/schema-0.1.6.tgz 0ms (cache hit)
3953 http cache @istanbuljs/load-nyc-config@https://registry.npmjs.org/@istanbuljs/load-nyc-config/-/load-nyc-config-1.1.0.tgz 0ms (cache hit)
3954 http cache @babel/helper-plugin-utils@https://registry.npmjs.org/@babel/helper-plugin-utils/-/helper-plugin-utils-7.29.7.tgz 0ms (cache hit)
3955 http cache type-fest@https://registry.npmjs.org/type-fest/-/type-fest-0.21.3.tgz 0ms (cache hit)
3956 http cache @types/yargs-parser@https://registry.npmjs.org/@types/yargs-parser/-/yargs-parser-21.0.3.tgz 0ms (cache hit)
3957 http cache @types/istanbul-lib-report@https://registry.npmjs.org/@types/istanbul-lib-report/-/istanbul-lib-report-3.0.3.tgz 0ms (cache hit)
3958 http cache @jridgewell/resolve-uri@https://registry.npmjs.org/@jridgewell/resolve-uri/-/resolve-uri-3.1.2.tgz 0ms (cache hit)
3959 http cache @jridgewell/sourcemap-codec@https://registry.npmjs.org/@jridgewell/sourcemap-codec/-/sourcemap-codec-1.5.5.tgz 0ms (cache hit)
3960 http cache @sinclair/typebox@https://registry.npmjs.org/@sinclair/typebox/-/typebox-0.34.52.tgz 0ms (cache hit)
3961 http cache @types/yargs@https://registry.npmjs.org/@types/yargs/-/yargs-17.0.35.tgz 0ms (cache hit)
3962 http cache @jest/schemas@https://registry.npmjs.org/@jest/schemas/-/schemas-30.4.1.tgz 0ms (cache hit)
3963 http cache @types/istanbul-reports@https://registry.npmjs.org/@types/istanbul-reports/-/istanbul-reports-3.0.4.tgz 0ms (cache hit)
3964 http cache @babel/helper-string-parser@https://registry.npmjs.org/@babel/helper-string-parser/-/helper-string-parser-7.29.7.tgz 0ms (cache hit)
3965 http cache @babel/helper-globals@https://registry.npmjs.org/@babel/helper-globals/-/helper-globals-7.29.7.tgz 0ms (cache hit)
3966 http cache lru-cache@https://registry.npmjs.org/lru-cache/-/lru-cache-5.1.1.tgz 0ms (cache hit)
3967 http cache @babel/helper-module-imports@https://registry.npmjs.org/@babel/helper-module-imports/-/helper-module-imports-7.29.7.tgz 0ms (cache hit)
3968 http cache browserslist@https://registry.npmjs.org/browserslist/-/browserslist-4.28.8.tgz 0ms (cache hit)
3969 http cache @babel/helper-validator-option@https://registry.npmjs.org/@babel/helper-validator-option/-/helper-validator-option-7.29.7.tgz 0ms (cache hit)
3970 http cache @babel/compat-data@https://registry.npmjs.org/@babel/compat-data/-/compat-data-7.29.7.tgz 0ms (cache hit)
3971 http cache jsesc@https://registry.npmjs.org/jsesc/-/jsesc-3.1.0.tgz 0ms (cache hit)
3972 http cache @jridgewell/gen-mapping@https://registry.npmjs.org/@jridgewell/gen-mapping/-/gen-mapping-0.3.13.tgz 0ms (cache hit)
3973 http cache json5@https://registry.npmjs.org/json5/-/json5-2.2.3.tgz 0ms (cache hit)
3974 http cache gensync@https://registry.npmjs.org/gensync/-/gensync-1.0.0-beta.2.tgz 0ms (cache hit)
3975 http cache @jridgewell/remapping@https://registry.npmjs.org/@jridgewell/remapping/-/remapping-2.3.5.tgz 0ms (cache hit)
3976 http cache @babel/types@https://registry.npmjs.org/@babel/types/-/types-7.29.8.tgz 0ms (cache hit)
3977 http cache @babel/traverse@https://registry.npmjs.org/@babel/traverse/-/traverse-7.29.8.tgz 0ms (cache hit)
3978 http cache @babel/template@https://registry.npmjs.org/@babel/template/-/template-7.29.7.tgz 0ms (cache hit)
3979 http cache @babel/parser@https://registry.npmjs.org/@babel/parser/-/parser-7.29.8.tgz 0ms (cache hit)
3980 http cache @babel/helpers@https://registry.npmjs.org/@babel/helpers/-/helpers-7.29.7.tgz 0ms (cache hit)
3981 http cache @babel/helper-module-transforms@https://registry.npmjs.org/@babel/helper-module-transforms/-/helper-module-transforms-7.29.7.tgz 0ms (cache hit)
3982 http cache @babel/generator@https://registry.npmjs.org/@babel/generator/-/generator-7.29.8.tgz 0ms (cache hit)
3983 http cache @babel/helper-compilation-targets@https://registry.npmjs.org/@babel/helper-compilation-targets/-/helper-compilation-targets-7.29.7.tgz 0ms (cache hit)
3984 http cache write-file-atomic@https://registry.npmjs.org/write-file-atomic/-/write-file-atomic-5.0.1.tgz 0ms (cache hit)
3985 http cache pirates@https://registry.npmjs.org/pirates/-/pirates-4.0.7.tgz 0ms (cache hit)
3986 http cache convert-source-map@https://registry.npmjs.org/convert-source-map/-/convert-source-map-2.0.0.tgz 0ms (cache hit)
3987 http cache babel-plugin-istanbul@https://registry.npmjs.org/babel-plugin-istanbul/-/babel-plugin-istanbul-7.0.1.tgz 0ms (cache hit)
3988 http cache @babel/core@https://registry.npmjs.org/@babel/core/-/core-7.29.7.tgz 0ms (cache hit)
3989 http cache @types/istanbul-lib-coverage@https://registry.npmjs.org/@types/istanbul-lib-coverage/-/istanbul-lib-coverage-2.0.6.tgz 0ms (cache hit)
3990 http cache v8-to-istanbul@https://registry.npmjs.org/v8-to-istanbul/-/v8-to-istanbul-9.3.0.tgz 0ms (cache hit)
3991 http cache string-length@https://registry.npmjs.org/string-length/-/string-length-4.0.2.tgz 0ms (cache hit)
3992 http cache jest-worker@https://registry.npmjs.org/jest-worker/-/jest-worker-30.4.1.tgz 0ms (cache hit)
3993 http cache istanbul-reports@https://registry.npmjs.org/istanbul-reports/-/istanbul-reports-3.2.0.tgz 0ms (cache hit)
3994 http cache istanbul-lib-source-maps@https://registry.npmjs.org/istanbul-lib-source-maps/-/istanbul-lib-source-maps-5.0.6.tgz 0ms (cache hit)
3995 http cache istanbul-lib-report@https://registry.npmjs.org/istanbul-lib-report/-/istanbul-lib-report-3.0.1.tgz 0ms (cache hit)
3996 http cache istanbul-lib-instrument@https://registry.npmjs.org/istanbul-lib-instrument/-/istanbul-lib-instrument-6.0.3.tgz 0ms (cache hit)
3997 http cache istanbul-lib-coverage@https://registry.npmjs.org/istanbul-lib-coverage/-/istanbul-lib-coverage-3.2.2.tgz 0ms (cache hit)
3998 http cache collect-v8-coverage@https://registry.npmjs.org/collect-v8-coverage/-/collect-v8-coverage-1.0.3.tgz 0ms (cache hit)
3999 http cache @jridgewell/trace-mapping@https://registry.npmjs.org/@jridgewell/trace-mapping/-/trace-mapping-0.3.31.tgz 0ms (cache hit)
4000 http cache @bcoe/v8-coverage@https://registry.npmjs.org/@bcoe/v8-coverage/-/v8-coverage-0.2.3.tgz 0ms (cache hit)
4001 http cache slash@https://registry.npmjs.org/slash/-/slash-3.0.0.tgz 0ms (cache hit)
4002 http cache jest-watcher@https://registry.npmjs.org/jest-watcher/-/jest-watcher-30.4.1.tgz 0ms (cache hit)
4003 http cache jest-validate@https://registry.npmjs.org/jest-validate/-/jest-validate-30.4.1.tgz 0ms (cache hit)
4004 http cache jest-snapshot@https://registry.npmjs.org/jest-snapshot/-/jest-snapshot-30.4.1.tgz 0ms (cache hit)
4005 http cache jest-runtime@https://registry.npmjs.org/jest-runtime/-/jest-runtime-30.4.2.tgz 1ms (cache hit)
4006 http cache jest-runner@https://registry.npmjs.org/jest-runner/-/jest-runner-30.4.2.tgz 0ms (cache hit)
4007 http cache jest-resolve-dependencies@https://registry.npmjs.org/jest-resolve-dependencies/-/jest-resolve-dependencies-30.4.2.tgz 0ms (cache hit)
4008 http cache jest-resolve@https://registry.npmjs.org/jest-resolve/-/jest-resolve-30.4.1.tgz 0ms (cache hit)
4009 http cache jest-regex-util@https://registry.npmjs.org/jest-regex-util/-/jest-regex-util-30.4.0.tgz 0ms (cache hit)
4010 http cache jest-haste-map@https://registry.npmjs.org/jest-haste-map/-/jest-haste-map-30.4.1.tgz 0ms (cache hit)
4011 http cache jest-config@https://registry.npmjs.org/jest-config/-/jest-config-30.4.2.tgz 0ms (cache hit)
4012 http cache jest-changed-files@https://registry.npmjs.org/jest-changed-files/-/jest-changed-files-30.4.1.tgz 0ms (cache hit)
4013 http cache exit-x@https://registry.npmjs.org/exit-x/-/exit-x-0.2.2.tgz 0ms (cache hit)
4014 http cache ansi-escapes@https://registry.npmjs.org/ansi-escapes/-/ansi-escapes-4.3.2.tgz 0ms (cache hit)
4015 http cache ci-info@https://registry.npmjs.org/ci-info/-/ci-info-4.4.0.tgz 0ms (cache hit)
4016 http cache @jest/transform@https://registry.npmjs.org/@jest/transform/-/transform-30.4.1.tgz 0ms (cache hit)
4017 http cache @jest/test-result@https://registry.npmjs.org/@jest/test-result/-/test-result-30.4.1.tgz 0ms (cache hit)
4018 http cache @jest/reporters@https://registry.npmjs.org/@jest/reporters/-/reporters-30.4.1.tgz 0ms (cache hit)
4019 http cache @jest/pattern@https://registry.npmjs.org/@jest/pattern/-/pattern-30.4.0.tgz 0ms (cache hit)
4020 http cache @jest/console@https://registry.npmjs.org/@jest/console/-/console-30.4.1.tgz 0ms (cache hit)
4021 http cache import-local@https://registry.npmjs.org/import-local/-/import-local-3.2.0.tgz 0ms (cache hit)
4022 http cache jest-cli@https://registry.npmjs.org/jest-cli/-/jest-cli-30.4.2.tgz 0ms (cache hit)
4023 http cache @jest/core@https://registry.npmjs.org/@jest/core/-/core-30.4.2.tgz 0ms (cache hit)
4024 http cache is-extglob@https://registry.npmjs.org/is-extglob/-/is-extglob-2.1.1.tgz 0ms (cache hit)
4025 http cache @jest/types@https://registry.npmjs.org/@jest/types/-/types-30.4.1.tgz 0ms (cache hit)
4026 http cache resolve-from@https://registry.npmjs.org/resolve-from/-/resolve-from-4.0.0.tgz 0ms (cache hit)
4027 http cache safer-buffer@https://registry.npmjs.org/safer-buffer/-/safer-buffer-2.1.2.tgz 1ms (cache hit)
4028 http cache toidentifier@https://registry.npmjs.org/toidentifier/-/toidentifier-1.0.1.tgz 0ms (cache hit)
4029 http cache parent-module@https://registry.npmjs.org/parent-module/-/parent-module-1.0.1.tgz 0ms (cache hit)
4030 http cache setprototypeof@https://registry.npmjs.org/setprototypeof/-/setprototypeof-1.2.0.tgz 0ms (cache hit)
4031 http cache path-scurry@https://registry.npmjs.org/path-scurry/-/path-scurry-2.0.2.tgz 0ms (cache hit)
4032 http cache minipass@https://registry.npmjs.org/minipass/-/minipass-7.1.3.tgz 0ms (cache hit)
4033 http cache dunder-proto@https://registry.npmjs.org/dunder-proto/-/dunder-proto-1.0.1.tgz 0ms (cache hit)
4034 http cache math-intrinsics@https://registry.npmjs.org/math-intrinsics/-/math-intrinsics-1.1.0.tgz 0ms (cache hit)
4035 http cache has-symbols@https://registry.npmjs.org/has-symbols/-/has-symbols-1.1.0.tgz 0ms (cache hit)
4036 http cache gopd@https://registry.npmjs.org/gopd/-/gopd-1.2.0.tgz 0ms (cache hit)
4037 http cache get-proto@https://registry.npmjs.org/get-proto/-/get-proto-1.0.1.tgz 0ms (cache hit)
4038 http cache function-bind@https://registry.npmjs.org/function-bind/-/function-bind-1.1.2.tgz 0ms (cache hit)
4039 http cache es-object-atoms@https://registry.npmjs.org/es-object-atoms/-/es-object-atoms-1.1.2.tgz 0ms (cache hit)
4040 http cache es-define-property@https://registry.npmjs.org/es-define-property/-/es-define-property-1.0.1.tgz 0ms (cache hit)
4041 http cache call-bind-apply-helpers@https://registry.npmjs.org/call-bind-apply-helpers/-/call-bind-apply-helpers-1.0.2.tgz 0ms (cache hit)
4042 http cache universalify@https://registry.npmjs.org/universalify/-/universalify-2.0.1.tgz 0ms (cache hit)
4043 http cache jsonfile@https://registry.npmjs.org/jsonfile/-/jsonfile-6.2.1.tgz 0ms (cache hit)
4044 http cache graceful-fs@https://registry.npmjs.org/graceful-fs/-/graceful-fs-4.2.11.tgz 0ms (cache hit)
4045 http cache has-tostringtag@https://registry.npmjs.org/has-tostringtag/-/has-tostringtag-1.0.2.tgz 0ms (cache hit)
4046 http cache get-intrinsic@https://registry.npmjs.org/get-intrinsic/-/get-intrinsic-1.3.0.tgz 0ms (cache hit)
4047 http cache es-errors@https://registry.npmjs.org/es-errors/-/es-errors-1.3.0.tgz 0ms (cache hit)
4048 http cache delayed-stream@https://registry.npmjs.org/delayed-stream/-/delayed-stream-1.0.0.tgz 0ms (cache hit)
4049 http cache hasown@https://registry.npmjs.org/hasown/-/hasown-2.0.4.tgz 0ms (cache hit)
4050 http cache es-set-tostringtag@https://registry.npmjs.org/es-set-tostringtag/-/es-set-tostringtag-2.1.0.tgz 0ms (cache hit)
4051 http cache combined-stream@https://registry.npmjs.org/combined-stream/-/combined-stream-1.0.8.tgz 0ms (cache hit)
4052 http cache asynckit@https://registry.npmjs.org/asynckit/-/asynckit-0.4.0.tgz 0ms (cache hit)
4053 http cache path-type@https://registry.npmjs.org/path-type/-/path-type-4.0.0.tgz 0ms (cache hit)
4054 http cache parse-json@https://registry.npmjs.org/parse-json/-/parse-json-5.2.0.tgz 0ms (cache hit)
4055 http cache picocolors@https://registry.npmjs.org/picocolors/-/picocolors-1.1.1.tgz 0ms (cache hit)
4056 http cache js-tokens@https://registry.npmjs.org/js-tokens/-/js-tokens-4.0.0.tgz 0ms (cache hit)
4057 http cache @babel/helper-validator-identifier@https://registry.npmjs.org/@babel/helper-validator-identifier/-/helper-validator-identifier-7.29.7.tgz 0ms (cache hit)
4058 http cache tapable@https://registry.npmjs.org/tapable/-/tapable-2.3.3.tgz 0ms (cache hit)
4059 http cache inherits@https://registry.npmjs.org/inherits/-/inherits-2.0.4.tgz 0ms (cache hit)
4060 http cache schema-utils@https://registry.npmjs.org/schema-utils/-/schema-utils-3.3.0.tgz 0ms (cache hit)
4061 http cache node-abort-controller@https://registry.npmjs.org/node-abort-controller/-/node-abort-controller-3.1.1.tgz 0ms (cache hit)
4062 http cache memfs@https://registry.npmjs.org/memfs/-/memfs-3.5.3.tgz 0ms (cache hit)
4063 http cache fs-extra@https://registry.npmjs.org/fs-extra/-/fs-extra-10.1.0.tgz 0ms (cache hit)
4064 http cache deepmerge@https://registry.npmjs.org/deepmerge/-/deepmerge-4.3.1.tgz 0ms (cache hit)
4065 http cache @babel/code-frame@https://registry.npmjs.org/@babel/code-frame/-/code-frame-7.29.7.tgz 0ms (cache hit)
4066 http cache cosmiconfig@https://registry.npmjs.org/cosmiconfig/-/cosmiconfig-8.3.6.tgz 0ms (cache hit)
4067 http cache keyv@https://registry.npmjs.org/keyv/-/keyv-4.5.4.tgz 0ms (cache hit)
4068 http cache flatted@https://registry.npmjs.org/flatted/-/flatted-3.4.4.tgz 0ms (cache hit)
4069 http cache path-exists@https://registry.npmjs.org/path-exists/-/path-exists-4.0.0.tgz 0ms (cache hit)
4070 http cache locate-path@https://registry.npmjs.org/locate-path/-/locate-path-6.0.0.tgz 0ms (cache hit)
4071 http cache uint8array-extras@https://registry.npmjs.org/uint8array-extras/-/uint8array-extras-1.5.0.tgz 0ms (cache hit)
4072 http cache token-types@https://registry.npmjs.org/token-types/-/token-types-6.1.2.tgz 0ms (cache hit)
4073 http cache strtok3@https://registry.npmjs.org/strtok3/-/strtok3-10.3.5.tgz 0ms (cache hit)
4074 http cache @tokenizer/inflate@https://registry.npmjs.org/@tokenizer/inflate/-/inflate-0.4.1.tgz 0ms (cache hit)
4075 http cache flat-cache@https://registry.npmjs.org/flat-cache/-/flat-cache-4.0.1.tgz 0ms (cache hit)
4076 http cache raw-body@https://registry.npmjs.org/raw-body/-/raw-body-3.0.2.tgz 0ms (cache hit)
4077 http cache bytes@https://registry.npmjs.org/bytes/-/bytes-3.1.2.tgz 0ms (cache hit)
4078 http cache negotiator@https://registry.npmjs.org/negotiator/-/negotiator-1.0.0.tgz 0ms (cache hit)
4079 http cache type-is@https://registry.npmjs.org/type-is/-/type-is-2.1.0.tgz 0ms (cache hit)
4080 http cache statuses@https://registry.npmjs.org/statuses/-/statuses-2.0.2.tgz 0ms (cache hit)
4081 http cache serve-static@https://registry.npmjs.org/serve-static/-/serve-static-2.2.1.tgz 0ms (cache hit)
4082 http cache send@https://registry.npmjs.org/send/-/send-1.2.1.tgz 0ms (cache hit)
4083 http cache router@https://registry.npmjs.org/router/-/router-2.2.0.tgz 0ms (cache hit)
4084 http cache range-parser@https://registry.npmjs.org/range-parser/-/range-parser-1.3.0.tgz 0ms (cache hit)
4085 http cache qs@https://registry.npmjs.org/qs/-/qs-6.15.3.tgz 0ms (cache hit)
4086 http cache proxy-addr@https://registry.npmjs.org/proxy-addr/-/proxy-addr-2.0.7.tgz 0ms (cache hit)
4087 http cache parseurl@https://registry.npmjs.org/parseurl/-/parseurl-1.3.3.tgz 1ms (cache hit)
4088 http cache once@https://registry.npmjs.org/once/-/once-1.4.0.tgz 0ms (cache hit)
4089 http cache on-finished@https://registry.npmjs.org/on-finished/-/on-finished-2.4.1.tgz 0ms (cache hit)
4090 http cache mime-types@https://registry.npmjs.org/mime-types/-/mime-types-3.0.2.tgz 0ms (cache hit)
4091 http cache merge-descriptors@https://registry.npmjs.org/merge-descriptors/-/merge-descriptors-2.0.0.tgz 0ms (cache hit)
4092 http cache http-errors@https://registry.npmjs.org/http-errors/-/http-errors-2.0.1.tgz 0ms (cache hit)
4093 http cache fresh@https://registry.npmjs.org/fresh/-/fresh-2.0.0.tgz 0ms (cache hit)
4094 http cache finalhandler@https://registry.npmjs.org/finalhandler/-/finalhandler-2.1.1.tgz 1ms (cache hit)
4095 http cache etag@https://registry.npmjs.org/etag/-/etag-1.8.1.tgz 0ms (cache hit)
4096 http cache escape-html@https://registry.npmjs.org/escape-html/-/escape-html-1.0.3.tgz 0ms (cache hit)
4097 http cache encodeurl@https://registry.npmjs.org/encodeurl/-/encodeurl-2.0.0.tgz 0ms (cache hit)
4098 http cache depd@https://registry.npmjs.org/depd/-/depd-2.0.0.tgz 0ms (cache hit)
4099 http cache cookie-signature@https://registry.npmjs.org/cookie-signature/-/cookie-signature-1.2.2.tgz 0ms (cache hit)
4100 http cache cookie@https://registry.npmjs.org/cookie/-/cookie-0.7.2.tgz 0ms (cache hit)
4101 http cache content-type@https://registry.npmjs.org/content-type/-/content-type-1.0.5.tgz 1ms (cache hit)
4102 http cache content-disposition@https://registry.npmjs.org/content-disposition/-/content-disposition-1.1.0.tgz 0ms (cache hit)
4103 http cache body-parser@https://registry.npmjs.org/body-parser/-/body-parser-2.3.0.tgz 0ms (cache hit)
4104 http cache accepts@https://registry.npmjs.org/accepts/-/accepts-2.0.0.tgz 0ms (cache hit)
4105 http cache jest-util@https://registry.npmjs.org/jest-util/-/jest-util-30.4.1.tgz 0ms (cache hit)
4106 http cache jest-mock@https://registry.npmjs.org/jest-mock/-/jest-mock-30.4.1.tgz 0ms (cache hit)
4107 http cache jest-message-util@https://registry.npmjs.org/jest-message-util/-/jest-message-util-30.4.1.tgz 0ms (cache hit)
4108 http cache @jest/get-type@https://registry.npmjs.org/@jest/get-type/-/get-type-30.1.0.tgz 0ms (cache hit)
4109 http cache jest-matcher-utils@https://registry.npmjs.org/jest-matcher-utils/-/jest-matcher-utils-30.4.1.tgz 0ms (cache hit)
4110 http cache @jest/expect-utils@https://registry.npmjs.org/@jest/expect-utils/-/expect-utils-30.4.1.tgz 0ms (cache hit)
4111 http cache acorn-jsx@https://registry.npmjs.org/acorn-jsx/-/acorn-jsx-5.3.2.tgz 0ms (cache hit)
4112 http cache acorn@https://registry.npmjs.org/acorn/-/acorn-8.18.0.tgz 0ms (cache hit)
4113 http cache estraverse@https://registry.npmjs.org/estraverse/-/estraverse-5.3.0.tgz 0ms (cache hit)
4114 http cache esrecurse@https://registry.npmjs.org/esrecurse/-/esrecurse-4.3.0.tgz 0ms (cache hit)
4115 http cache synckit@https://registry.npmjs.org/synckit/-/synckit-0.11.13.tgz 0ms (cache hit)
4116 http cache prettier-linter-helpers@https://registry.npmjs.org/prettier-linter-helpers/-/prettier-linter-helpers-1.0.1.tgz 0ms (cache hit)
4117 http cache which@https://registry.npmjs.org/which/-/which-2.0.2.tgz 0ms (cache hit)
4118 http cache shebang-command@https://registry.npmjs.org/shebang-command/-/shebang-command-2.0.0.tgz 0ms (cache hit)
4119 http cache path-key@https://registry.npmjs.org/path-key/-/path-key-3.1.1.tgz 0ms (cache hit)
4120 http cache color-name@https://registry.npmjs.org/color-name/-/color-name-1.1.4.tgz 0ms (cache hit)
4121 http cache color-convert@https://registry.npmjs.org/color-convert/-/color-convert-2.0.1.tgz 0ms (cache hit)
4122 http cache supports-color@https://registry.npmjs.org/supports-color/-/supports-color-7.2.0.tgz 0ms (cache hit)
4123 http cache ansi-styles@https://registry.npmjs.org/ansi-styles/-/ansi-styles-4.3.0.tgz 0ms (cache hit)
4124 http cache @humanfs/types@https://registry.npmjs.org/@humanfs/types/-/types-0.15.0.tgz 0ms (cache hit)
4125 http cache @humanfs/core@https://registry.npmjs.org/@humanfs/core/-/core-0.19.2.tgz 0ms (cache hit)
4126 http cache levn@https://registry.npmjs.org/levn/-/levn-0.4.1.tgz 0ms (cache hit)
4127 http cache @types/json-schema@https://registry.npmjs.org/@types/json-schema/-/json-schema-7.0.15.tgz 0ms (cache hit)
4128 http cache @eslint/object-schema@https://registry.npmjs.org/@eslint/object-schema/-/object-schema-2.1.7.tgz 0ms (cache hit)
4129 http cache optionator@https://registry.npmjs.org/optionator/-/optionator-0.9.4.tgz 0ms (cache hit)
4130 http cache natural-compare@https://registry.npmjs.org/natural-compare/-/natural-compare-1.4.0.tgz 0ms (cache hit)
4131 http cache lodash.merge@https://registry.npmjs.org/lodash.merge/-/lodash.merge-4.6.2.tgz 0ms (cache hit)
4132 http cache json-stable-stringify-without-jsonify@https://registry.npmjs.org/json-stable-stringify-without-jsonify/-/json-stable-stringify-without-jsonify-1.0.1.tgz 0ms (cache hit)
4133 http cache is-glob@https://registry.npmjs.org/is-glob/-/is-glob-4.0.3.tgz 0ms (cache hit)
4134 http cache imurmurhash@https://registry.npmjs.org/imurmurhash/-/imurmurhash-0.1.4.tgz 0ms (cache hit)
4135 http cache glob-parent@https://registry.npmjs.org/glob-parent/-/glob-parent-6.0.2.tgz 0ms (cache hit)
4136 http cache find-up@https://registry.npmjs.org/find-up/-/find-up-5.0.0.tgz 0ms (cache hit)
4137 http cache file-entry-cache@https://registry.npmjs.org/file-entry-cache/-/file-entry-cache-8.0.0.tgz 0ms (cache hit)
4138 http cache esutils@https://registry.npmjs.org/esutils/-/esutils-2.0.3.tgz 0ms (cache hit)
4139 http cache esquery@https://registry.npmjs.org/esquery/-/esquery-1.7.0.tgz 0ms (cache hit)
4140 http cache eslint-visitor-keys@https://registry.npmjs.org/eslint-visitor-keys/-/eslint-visitor-keys-4.2.1.tgz 0ms (cache hit)
4141 http cache eslint-scope@https://registry.npmjs.org/eslint-scope/-/eslint-scope-8.4.0.tgz 0ms (cache hit)
4142 http cache escape-string-regexp@https://registry.npmjs.org/escape-string-regexp/-/escape-string-regexp-4.0.0.tgz 0ms (cache hit)
4143 http cache cross-spawn@https://registry.npmjs.org/cross-spawn/-/cross-spawn-7.0.6.tgz 0ms (cache hit)
4144 http cache chalk@https://registry.npmjs.org/chalk/-/chalk-4.1.2.tgz 0ms (cache hit)
4145 http cache @types/estree@https://registry.npmjs.org/@types/estree/-/estree-1.0.9.tgz 0ms (cache hit)
4146 http cache @humanwhocodes/retry@https://registry.npmjs.org/@humanwhocodes/retry/-/retry-0.4.3.tgz 0ms (cache hit)
4147 http cache @humanwhocodes/module-importer@https://registry.npmjs.org/@humanwhocodes/module-importer/-/module-importer-1.0.1.tgz 0ms (cache hit)
4148 http cache @humanfs/node@https://registry.npmjs.org/@humanfs/node/-/node-0.16.8.tgz 0ms (cache hit)
4149 http cache @eslint/plugin-kit@https://registry.npmjs.org/@eslint/plugin-kit/-/plugin-kit-0.4.1.tgz 0ms (cache hit)
4150 http cache @eslint/core@https://registry.npmjs.org/@eslint/core/-/core-0.17.0.tgz 0ms (cache hit)
4151 http cache @eslint/config-helpers@https://registry.npmjs.org/@eslint/config-helpers/-/config-helpers-0.4.2.tgz 0ms (cache hit)
4152 http cache @eslint/config-array@https://registry.npmjs.org/@eslint/config-array/-/config-array-0.21.2.tgz 0ms (cache hit)
4153 http cache @eslint-community/regexpp@https://registry.npmjs.org/@eslint-community/regexpp/-/regexpp-4.12.2.tgz 0ms (cache hit)
4154 http cache @eslint-community/eslint-utils@https://registry.npmjs.org/@eslint-community/eslint-utils/-/eslint-utils-4.10.1.tgz 0ms (cache hit)
4155 http cache ms@https://registry.npmjs.org/ms/-/ms-2.1.3.tgz 0ms (cache hit)
4156 http cache vary@https://registry.npmjs.org/vary/-/vary-1.1.2.tgz 0ms (cache hit)
4157 http cache object-assign@https://registry.npmjs.org/object-assign/-/object-assign-4.1.1.tgz 0ms (cache hit)
4158 http cache esprima@https://registry.npmjs.org/esprima/-/esprima-4.0.1.tgz 0ms (cache hit)
4159 http cache array-timsort@https://registry.npmjs.org/array-timsort/-/array-timsort-1.0.3.tgz 0ms (cache hit)
4160 http cache string-width@https://registry.npmjs.org/string-width/-/string-width-4.2.3.tgz 0ms (cache hit)
4161 http cache @colors/colors@https://registry.npmjs.org/@colors/colors/-/colors-1.5.0.tgz 0ms (cache hit)
4162 http cache readdirp@https://registry.npmjs.org/readdirp/-/readdirp-4.1.2.tgz 0ms (cache hit)
4163 http cache uri-js@https://registry.npmjs.org/uri-js/-/uri-js-4.4.1.tgz 0ms (cache hit)
4164 http cache json-schema-traverse@https://registry.npmjs.org/json-schema-traverse/-/json-schema-traverse-0.4.1.tgz 0ms (cache hit)
4165 http cache fast-json-stable-stringify@https://registry.npmjs.org/fast-json-stable-stringify/-/fast-json-stable-stringify-2.1.0.tgz 0ms (cache hit)
4166 http cache fast-deep-equal@https://registry.npmjs.org/fast-deep-equal/-/fast-deep-equal-3.1.3.tgz 0ms (cache hit)
4167 http cache form-data@https://registry.npmjs.org/form-data/-/form-data-4.0.6.tgz 0ms (cache hit)
4168 http cache @types/cookiejar@https://registry.npmjs.org/@types/cookiejar/-/cookiejar-2.1.5.tgz 0ms (cache hit)
4169 http cache @types/superagent@https://registry.npmjs.org/@types/superagent/-/superagent-8.1.11.tgz 0ms (cache hit)
4170 http cache @types/methods@https://registry.npmjs.org/@types/methods/-/methods-1.1.4.tgz 0ms (cache hit)
4171 http cache @types/http-errors@https://registry.npmjs.org/@types/http-errors/-/http-errors-2.0.5.tgz 0ms (cache hit)
4172 http cache undici-types@https://registry.npmjs.org/undici-types/-/undici-types-7.18.2.tgz 0ms (cache hit)
4173 http cache pretty-format@https://registry.npmjs.org/pretty-format/-/pretty-format-30.4.1.tgz 0ms (cache hit)
4174 http cache expect@https://registry.npmjs.org/expect/-/expect-30.4.1.tgz 0ms (cache hit)
4175 http cache @types/send@https://registry.npmjs.org/@types/send/-/send-1.2.1.tgz 0ms (cache hit)
4176 http cache @types/range-parser@https://registry.npmjs.org/@types/range-parser/-/range-parser-1.2.7.tgz 0ms (cache hit)
4177 http cache @types/qs@https://registry.npmjs.org/@types/qs/-/qs-6.15.1.tgz 0ms (cache hit)
4178 http cache @types/connect@https://registry.npmjs.org/@types/connect/-/connect-3.4.38.tgz 0ms (cache hit)
4179 http cache @types/serve-static@https://registry.npmjs.org/@types/serve-static/-/serve-static-2.2.0.tgz 0ms (cache hit)
4180 http cache @types/express-serve-static-core@https://registry.npmjs.org/@types/express-serve-static-core/-/express-serve-static-core-5.1.3.tgz 0ms (cache hit)
4181 http cache @types/body-parser@https://registry.npmjs.org/@types/body-parser/-/body-parser-1.19.6.tgz 0ms (cache hit)
4182 http cache pluralize@https://registry.npmjs.org/pluralize/-/pluralize-8.0.0.tgz 0ms (cache hit)
4183 http cache comment-json@https://registry.npmjs.org/comment-json/-/comment-json-5.0.0.tgz 0ms (cache hit)
4184 http cache multer@https://registry.npmjs.org/multer/-/multer-2.2.0.tgz 0ms (cache hit)
4185 http cache make-dir@https://registry.npmjs.org/make-dir/-/make-dir-4.0.0.tgz 0ms (cache hit)
4186 http cache cors@https://registry.npmjs.org/cors/-/cors-2.8.6.tgz 0ms (cache hit)
4187 http cache path-to-regexp@https://registry.npmjs.org/path-to-regexp/-/path-to-regexp-8.4.2.tgz 0ms (cache hit)
4188 http cache fast-safe-stringify@https://registry.npmjs.org/fast-safe-stringify/-/fast-safe-stringify-2.1.1.tgz 0ms (cache hit)
4189 http cache uid@https://registry.npmjs.org/uid/-/uid-2.0.2.tgz 0ms (cache hit)
4190 http cache tslib@https://registry.npmjs.org/tslib/-/tslib-2.8.1.tgz 0ms (cache hit)
4191 http cache load-esm@https://registry.npmjs.org/load-esm/-/load-esm-1.0.3.tgz 0ms (cache hit)
4192 http cache iterare@https://registry.npmjs.org/iterare/-/iterare-1.2.1.tgz 0ms (cache hit)
4193 http cache file-type@https://registry.npmjs.org/file-type/-/file-type-21.3.4.tgz 0ms (cache hit)
4194 http cache iconv-lite@https://registry.npmjs.org/iconv-lite/-/iconv-lite-0.7.3.tgz 0ms (cache hit)
4195 http cache chardet@https://registry.npmjs.org/chardet/-/chardet-2.2.0.tgz 0ms (cache hit)
4196 http cache @inquirer/external-editor@https://registry.npmjs.org/@inquirer/external-editor/-/external-editor-1.0.3.tgz 0ms (cache hit)
4197 http cache wrap-ansi@https://registry.npmjs.org/wrap-ansi/-/wrap-ansi-6.2.0.tgz 0ms (cache hit)
4198 http cache signal-exit@https://registry.npmjs.org/signal-exit/-/signal-exit-4.1.0.tgz 0ms (cache hit)
4199 http cache mute-stream@https://registry.npmjs.org/mute-stream/-/mute-stream-2.0.0.tgz 0ms (cache hit)
4200 http cache cli-width@https://registry.npmjs.org/cli-width/-/cli-width-4.1.0.tgz 0ms (cache hit)
4201 http cache yoctocolors-cjs@https://registry.npmjs.org/yoctocolors-cjs/-/yoctocolors-cjs-2.1.3.tgz 0ms (cache hit)
4202 http cache @inquirer/type@https://registry.npmjs.org/@inquirer/type/-/type-3.0.10.tgz 0ms (cache hit)
4203 http cache @inquirer/figures@https://registry.npmjs.org/@inquirer/figures/-/figures-1.0.15.tgz 0ms (cache hit)
4204 http cache @inquirer/core@https://registry.npmjs.org/@inquirer/core/-/core-10.3.2.tgz 0ms (cache hit)
4205 http cache @inquirer/ansi@https://registry.npmjs.org/@inquirer/ansi/-/ansi-1.0.2.tgz 0ms (cache hit)
4206 http cache @inquirer/select@https://registry.npmjs.org/@inquirer/select/-/select-4.4.2.tgz 0ms (cache hit)
4207 http cache @inquirer/search@https://registry.npmjs.org/@inquirer/search/-/search-3.2.2.tgz 0ms (cache hit)
4208 http cache @inquirer/rawlist@https://registry.npmjs.org/@inquirer/rawlist/-/rawlist-4.1.11.tgz 0ms (cache hit)
4209 http cache @inquirer/password@https://registry.npmjs.org/@inquirer/password/-/password-4.0.23.tgz 0ms (cache hit)
4210 http cache @inquirer/number@https://registry.npmjs.org/@inquirer/number/-/number-3.0.23.tgz 0ms (cache hit)
4211 http cache @inquirer/input@https://registry.npmjs.org/@inquirer/input/-/input-4.3.1.tgz 0ms (cache hit)
4212 http cache @inquirer/expand@https://registry.npmjs.org/@inquirer/expand/-/expand-4.0.23.tgz 0ms (cache hit)
4213 http cache @inquirer/editor@https://registry.npmjs.org/@inquirer/editor/-/editor-4.2.23.tgz 0ms (cache hit)
4214 http cache @inquirer/confirm@https://registry.npmjs.org/@inquirer/confirm/-/confirm-5.1.21.tgz 0ms (cache hit)
4215 http cache @inquirer/checkbox@https://registry.npmjs.org/@inquirer/checkbox/-/checkbox-4.3.2.tgz 0ms (cache hit)
4216 http cache yargs-parser@https://registry.npmjs.org/yargs-parser/-/yargs-parser-21.1.1.tgz 0ms (cache hit)
4217 http cache symbol-observable@https://registry.npmjs.org/symbol-observable/-/symbol-observable-4.0.0.tgz 0ms (cache hit)
4218 http cache ansi-colors@https://registry.npmjs.org/ansi-colors/-/ansi-colors-4.1.3.tgz 0ms (cache hit)
4219 http cache magic-string@https://registry.npmjs.org/magic-string/-/magic-string-0.30.17.tgz 0ms (cache hit)
4220 http cache source-map@https://registry.npmjs.org/source-map/-/source-map-0.7.4.tgz 0ms (cache hit)
4221 http cache picomatch@https://registry.npmjs.org/picomatch/-/picomatch-4.0.4.tgz 0ms (cache hit)
4222 http cache jsonc-parser@https://registry.npmjs.org/jsonc-parser/-/jsonc-parser-3.3.1.tgz 0ms (cache hit)
4223 http cache ajv-formats@https://registry.npmjs.org/ajv-formats/-/ajv-formats-3.0.1.tgz 0ms (cache hit)
4224 http cache webpack-node-externals@https://registry.npmjs.org/webpack-node-externals/-/webpack-node-externals-3.0.0.tgz 0ms (cache hit)
4225 http cache tsconfig-paths-webpack-plugin@https://registry.npmjs.org/tsconfig-paths-webpack-plugin/-/tsconfig-paths-webpack-plugin-4.2.0.tgz 0ms (cache hit)
4226 http cache ora@https://registry.npmjs.org/ora/-/ora-5.4.1.tgz 0ms (cache hit)
4227 http cache node-emoji@https://registry.npmjs.org/node-emoji/-/node-emoji-1.11.0.tgz 0ms (cache hit)
4228 http cache glob@https://registry.npmjs.org/glob/-/glob-13.0.6.tgz 0ms (cache hit)
4229 http cache fork-ts-checker-webpack-plugin@https://registry.npmjs.org/fork-ts-checker-webpack-plugin/-/fork-ts-checker-webpack-plugin-9.1.0.tgz 0ms (cache hit)
4230 http cache commander@https://registry.npmjs.org/commander/-/commander-4.1.1.tgz 0ms (cache hit)
4231 http cache cli-table3@https://registry.npmjs.org/cli-table3/-/cli-table3-0.6.5.tgz 0ms (cache hit)
4232 http cache ansis@https://registry.npmjs.org/ansis/-/ansis-4.2.0.tgz 0ms (cache hit)
4233 http cache chokidar@https://registry.npmjs.org/chokidar/-/chokidar-4.0.3.tgz 0ms (cache hit)
4234 http cache @inquirer/prompts@https://registry.npmjs.org/@inquirer/prompts/-/prompts-7.10.1.tgz 0ms (cache hit)
4235 http cache @angular-devkit/schematics-cli@https://registry.npmjs.org/@angular-devkit/schematics-cli/-/schematics-cli-19.2.27.tgz 0ms (cache hit)
4236 http cache @angular-devkit/schematics@https://registry.npmjs.org/@angular-devkit/schematics/-/schematics-19.2.27.tgz 0ms (cache hit)
4237 http cache @angular-devkit/core@https://registry.npmjs.org/@angular-devkit/core/-/core-19.2.27.tgz 0ms (cache hit)
4238 http cache strip-json-comments@https://registry.npmjs.org/strip-json-comments/-/strip-json-comments-3.1.1.tgz 0ms (cache hit)
4239 http cache minimatch@https://registry.npmjs.org/minimatch/-/minimatch-3.1.5.tgz 0ms (cache hit)
4240 http cache js-yaml@https://registry.npmjs.org/js-yaml/-/js-yaml-4.3.1.tgz 0ms (cache hit)
4241 http cache import-fresh@https://registry.npmjs.org/import-fresh/-/import-fresh-3.3.1.tgz 0ms (cache hit)
4242 http cache ignore@https://registry.npmjs.org/ignore/-/ignore-5.3.2.tgz 0ms (cache hit)
4243 http cache @typescript-eslint/tsconfig-utils@https://registry.npmjs.org/@typescript-eslint/tsconfig-utils/-/tsconfig-utils-8.67.0.tgz 0ms (cache hit)
4244 http cache debug@https://registry.npmjs.org/debug/-/debug-4.4.3.tgz 0ms (cache hit)
4245 http cache ajv@https://registry.npmjs.org/ajv/-/ajv-6.15.0.tgz 0ms (cache hit)
4246 http cache typescript-eslint@https://registry.npmjs.org/typescript-eslint/-/typescript-eslint-8.67.0.tgz 0ms (cache hit)
4247 http cache ts-node@https://registry.npmjs.org/ts-node/-/ts-node-10.9.2.tgz 0ms (cache hit)
4248 http cache tsconfig-paths@https://registry.npmjs.org/tsconfig-paths/-/tsconfig-paths-4.2.0.tgz 0ms (cache hit)
4249 http cache webpack@https://registry.npmjs.org/webpack/-/webpack-5.109.2.tgz 0ms (cache hit)
4250 http cache ts-loader@https://registry.npmjs.org/ts-loader/-/ts-loader-9.6.2.tgz 0ms (cache hit)
4251 http cache ts-jest@https://registry.npmjs.org/ts-jest/-/ts-jest-29.4.12.tgz 0ms (cache hit)
4252 http cache supertest@https://registry.npmjs.org/supertest/-/supertest-7.2.2.tgz 0ms (cache hit)
4253 http cache source-map-support@https://registry.npmjs.org/source-map-support/-/source-map-support-0.5.21.tgz 0ms (cache hit)
4254 http cache jest@https://registry.npmjs.org/jest/-/jest-30.4.2.tgz 0ms (cache hit)
4255 http cache globals@https://registry.npmjs.org/globals/-/globals-17.11.0.tgz 0ms (cache hit)
4256 http cache prettier@https://registry.npmjs.org/prettier/-/prettier-3.9.6.tgz 0ms (cache hit)
4257 http cache eslint-plugin-prettier@https://registry.npmjs.org/eslint-plugin-prettier/-/eslint-plugin-prettier-5.5.6.tgz 0ms (cache hit)
4258 http cache eslint-config-prettier@https://registry.npmjs.org/eslint-config-prettier/-/eslint-config-prettier-10.1.8.tgz 0ms (cache hit)
4259 http cache eslint@https://registry.npmjs.org/eslint/-/eslint-9.39.5.tgz 0ms (cache hit)
4260 http cache @types/supertest@https://registry.npmjs.org/@types/supertest/-/supertest-7.2.1.tgz 0ms (cache hit)
4261 http cache @types/node@https://registry.npmjs.org/@types/node/-/node-24.13.3.tgz 0ms (cache hit)
4262 http cache @types/jest@https://registry.npmjs.org/@types/jest/-/jest-30.0.0.tgz 0ms (cache hit)
4263 http cache @types/express@https://registry.npmjs.org/@types/express/-/express-5.0.6.tgz 0ms (cache hit)
4264 http cache @nestjs/testing@https://registry.npmjs.org/@nestjs/testing/-/testing-11.1.29.tgz 0ms (cache hit)
4265 http cache typescript@https://registry.npmjs.org/typescript/-/typescript-5.9.3.tgz 0ms (cache hit)
4266 http cache @nestjs/schematics@https://registry.npmjs.org/@nestjs/schematics/-/schematics-11.1.0.tgz 0ms (cache hit)
4267 http cache @nestjs/platform-express@https://registry.npmjs.org/@nestjs/platform-express/-/platform-express-11.1.29.tgz 0ms (cache hit)
4268 http cache @nestjs/core@https://registry.npmjs.org/@nestjs/core/-/core-11.1.29.tgz 0ms (cache hit)
4269 http cache reflect-metadata@https://registry.npmjs.org/reflect-metadata/-/reflect-metadata-0.2.2.tgz 0ms (cache hit)
4270 http cache rxjs@https://registry.npmjs.org/rxjs/-/rxjs-7.8.2.tgz 0ms (cache hit)
4271 http cache @nestjs/common@https://registry.npmjs.org/@nestjs/common/-/common-11.1.29.tgz 0ms (cache hit)
4272 http cache semver@https://registry.npmjs.org/semver/-/semver-7.8.5.tgz 0ms (cache hit)
4273 http cache @nestjs/cli@https://registry.npmjs.org/@nestjs/cli/-/cli-11.0.24.tgz 1ms (cache hit)
4274 http cache @eslint/eslintrc@https://registry.npmjs.org/@eslint/eslintrc/-/eslintrc-3.3.6.tgz 0ms (cache hit)
4275 http cache @eslint/js@https://registry.npmjs.org/@eslint/js/-/js-9.39.5.tgz 0ms (cache hit)
4276 http cache json-schema-traverse@https://registry.npmjs.org/json-schema-traverse/-/json-schema-traverse-1.0.0.tgz 0ms (cache hit)
4277 http cache ajv-formats@https://registry.npmjs.org/ajv-formats/-/ajv-formats-2.1.1.tgz 0ms (cache hit)
4278 http cache ajv@https://registry.npmjs.org/ajv/-/ajv-8.20.0.tgz 0ms (cache hit)
4279 http cache supports-color@https://registry.npmjs.org/supports-color/-/supports-color-8.1.1.tgz 0ms (cache hit)
4280 http cache ajv-keywords@https://registry.npmjs.org/ajv-keywords/-/ajv-keywords-5.1.0.tgz 0ms (cache hit)
4281 http cache schema-utils@https://registry.npmjs.org/schema-utils/-/schema-utils-4.3.3.tgz 0ms (cache hit)
4282 http cache jest-worker@https://registry.npmjs.org/jest-worker/-/jest-worker-27.5.1.tgz 0ms (cache hit)
4283 http cache ansi-styles@https://registry.npmjs.org/ansi-styles/-/ansi-styles-6.2.3.tgz 0ms (cache hit)
4284 http cache ansi-regex@https://registry.npmjs.org/ansi-regex/-/ansi-regex-6.3.0.tgz 0ms (cache hit)
4285 http cache emoji-regex@https://registry.npmjs.org/emoji-regex/-/emoji-regex-9.2.2.tgz 0ms (cache hit)
4286 http cache strip-ansi@https://registry.npmjs.org/strip-ansi/-/strip-ansi-7.2.0.tgz 0ms (cache hit)
4287 http cache wrap-ansi@https://registry.npmjs.org/wrap-ansi/-/wrap-ansi-8.1.0.tgz 0ms (cache hit)
4288 http cache string-width@https://registry.npmjs.org/string-width/-/string-width-5.1.2.tgz 0ms (cache hit)
4289 http cache wrap-ansi@https://registry.npmjs.org/wrap-ansi/-/wrap-ansi-7.0.0.tgz 0ms (cache hit)
4290 http cache commander@https://registry.npmjs.org/commander/-/commander-2.20.3.tgz 0ms (cache hit)
4291 http cache ajv-keywords@https://registry.npmjs.org/ajv-keywords/-/ajv-keywords-5.1.0.tgz 0ms (cache hit)
4292 http cache json-schema-traverse@https://registry.npmjs.org/json-schema-traverse/-/json-schema-traverse-1.0.0.tgz 0ms (cache hit)
4293 http cache ajv-formats@https://registry.npmjs.org/ajv-formats/-/ajv-formats-2.1.1.tgz 0ms (cache hit)
4294 http cache ajv@https://registry.npmjs.org/ajv/-/ajv-8.20.0.tgz 0ms (cache hit)
4295 http cache supports-color@https://registry.npmjs.org/supports-color/-/supports-color-8.1.1.tgz 0ms (cache hit)
4296 http cache jest-worker@https://registry.npmjs.org/jest-worker/-/jest-worker-27.5.1.tgz 0ms (cache hit)
4297 http cache schema-utils@https://registry.npmjs.org/schema-utils/-/schema-utils-4.3.3.tgz 0ms (cache hit)
4298 http cache eslint-visitor-keys@https://registry.npmjs.org/eslint-visitor-keys/-/eslint-visitor-keys-5.0.1.tgz 0ms (cache hit)
4299 http cache balanced-match@https://registry.npmjs.org/balanced-match/-/balanced-match-4.0.4.tgz 0ms (cache hit)
4300 http cache ignore@https://registry.npmjs.org/ignore/-/ignore-7.0.6.tgz 0ms (cache hit)
4301 http cache minimatch@https://registry.npmjs.org/minimatch/-/minimatch-10.2.6.tgz 0ms (cache hit)
4302 http cache source-map@https://registry.npmjs.org/source-map/-/source-map-0.6.1.tgz 0ms (cache hit)
4303 http cache brace-expansion@https://registry.npmjs.org/brace-expansion/-/brace-expansion-5.0.9.tgz 0ms (cache hit)
4304 http cache @jridgewell/trace-mapping@https://registry.npmjs.org/@jridgewell/trace-mapping/-/trace-mapping-0.3.9.tgz 0ms (cache hit)
4305 http cache picomatch@https://registry.npmjs.org/picomatch/-/picomatch-2.3.2.tgz 0ms (cache hit)
4306 http cache signal-exit@https://registry.npmjs.org/signal-exit/-/signal-exit-3.0.7.tgz 0ms (cache hit)
4307 http cache resolve-from@https://registry.npmjs.org/resolve-from/-/resolve-from-5.0.0.tgz 0ms (cache hit)
4308 http cache escape-string-regexp@https://registry.npmjs.org/escape-string-regexp/-/escape-string-regexp-2.0.0.tgz 0ms (cache hit)
4309 http cache signal-exit@https://registry.npmjs.org/signal-exit/-/signal-exit-3.0.7.tgz 0ms (cache hit)
4310 http cache p-limit@https://registry.npmjs.org/p-limit/-/p-limit-2.3.0.tgz 0ms (cache hit)
4311 http cache p-locate@https://registry.npmjs.org/p-locate/-/p-locate-4.1.0.tgz 0ms (cache hit)
4312 http cache locate-path@https://registry.npmjs.org/locate-path/-/locate-path-5.0.0.tgz 0ms (cache hit)
4313 http cache glob@https://registry.npmjs.org/glob/-/glob-7.2.3.tgz 0ms (cache hit)
4314 http cache p-limit@https://registry.npmjs.org/p-limit/-/p-limit-2.3.0.tgz 0ms (cache hit)
4315 http cache find-up@https://registry.npmjs.org/find-up/-/find-up-4.1.0.tgz 0ms (cache hit)
4316 http cache p-locate@https://registry.npmjs.org/p-locate/-/p-locate-4.1.0.tgz 0ms (cache hit)
4317 http cache argparse@https://registry.npmjs.org/argparse/-/argparse-1.0.10.tgz 0ms (cache hit)
4318 http cache locate-path@https://registry.npmjs.org/locate-path/-/locate-path-5.0.0.tgz 0ms (cache hit)
4319 http cache find-up@https://registry.npmjs.org/find-up/-/find-up-4.1.0.tgz 0ms (cache hit)
4320 http cache resolve-from@https://registry.npmjs.org/resolve-from/-/resolve-from-5.0.0.tgz 0ms (cache hit)
4321 http cache semver@https://registry.npmjs.org/semver/-/semver-6.3.1.tgz 0ms (cache hit)
4322 http cache semver@https://registry.npmjs.org/semver/-/semver-6.3.1.tgz 0ms (cache hit)
4323 http cache js-yaml@https://registry.npmjs.org/js-yaml/-/js-yaml-3.15.1.tgz 0ms (cache hit)
4324 http cache supports-color@https://registry.npmjs.org/supports-color/-/supports-color-8.1.1.tgz 0ms (cache hit)
4325 http cache path-scurry@https://registry.npmjs.org/path-scurry/-/path-scurry-1.11.1.tgz 0ms (cache hit)
4326 http cache camelcase@https://registry.npmjs.org/camelcase/-/camelcase-6.3.0.tgz 0ms (cache hit)
4327 http cache brace-expansion@https://registry.npmjs.org/brace-expansion/-/brace-expansion-2.1.4.tgz 1ms (cache hit)
4328 http cache minimatch@https://registry.npmjs.org/minimatch/-/minimatch-9.0.9.tgz 0ms (cache hit)
4329 http cache source-map@https://registry.npmjs.org/source-map/-/source-map-0.6.1.tgz 0ms (cache hit)
4330 http cache glob@https://registry.npmjs.org/glob/-/glob-10.5.0.tgz 0ms (cache hit)
4331 http cache source-map-support@https://registry.npmjs.org/source-map-support/-/source-map-support-0.5.13.tgz 0ms (cache hit)
4332 http cache brace-expansion@https://registry.npmjs.org/brace-expansion/-/brace-expansion-2.1.4.tgz 0ms (cache hit)
4333 http cache lru-cache@https://registry.npmjs.org/lru-cache/-/lru-cache-10.4.3.tgz 0ms (cache hit)
4334 http cache minimatch@https://registry.npmjs.org/minimatch/-/minimatch-9.0.9.tgz 0ms (cache hit)
4335 http cache path-scurry@https://registry.npmjs.org/path-scurry/-/path-scurry-1.11.1.tgz 0ms (cache hit)
4336 http cache glob@https://registry.npmjs.org/glob/-/glob-10.5.0.tgz 0ms (cache hit)
4337 http cache lru-cache@https://registry.npmjs.org/lru-cache/-/lru-cache-10.4.3.tgz 0ms (cache hit)
4338 http cache brace-expansion@https://registry.npmjs.org/brace-expansion/-/brace-expansion-2.1.4.tgz 0ms (cache hit)
4339 http cache path-scurry@https://registry.npmjs.org/path-scurry/-/path-scurry-1.11.1.tgz 0ms (cache hit)
4340 http cache minimatch@https://registry.npmjs.org/minimatch/-/minimatch-9.0.9.tgz 0ms (cache hit)
4341 http cache express@https://registry.npmjs.org/express/-/express-5.2.1.tgz 0ms (cache hit)
4342 http cache glob@https://registry.npmjs.org/glob/-/glob-10.5.0.tgz 0ms (cache hit)
4343 http cache lru-cache@https://registry.npmjs.org/lru-cache/-/lru-cache-11.5.2.tgz 0ms (cache hit)
4344 http cache content-type@https://registry.npmjs.org/content-type/-/content-type-2.0.0.tgz 0ms (cache hit)
4345 http cache content-type@https://registry.npmjs.org/content-type/-/content-type-2.0.0.tgz 0ms (cache hit)
4346 http cache eslint-visitor-keys@https://registry.npmjs.org/eslint-visitor-keys/-/eslint-visitor-keys-3.4.3.tgz 0ms (cache hit)
4347 http cache mime-types@https://registry.npmjs.org/mime-types/-/mime-types-2.1.35.tgz 0ms (cache hit)
4348 http cache ansi-styles@https://registry.npmjs.org/ansi-styles/-/ansi-styles-5.2.0.tgz 0ms (cache hit)
4349 http cache mime-db@https://registry.npmjs.org/mime-db/-/mime-db-1.52.0.tgz 0ms (cache hit)
4350 http cache mime-types@https://registry.npmjs.org/mime-types/-/mime-types-2.1.35.tgz 0ms (cache hit)
4351 http cache mime-db@https://registry.npmjs.org/mime-db/-/mime-db-1.52.0.tgz 0ms (cache hit)
4352 http cache media-typer@https://registry.npmjs.org/media-typer/-/media-typer-0.3.0.tgz 0ms (cache hit)
4353 http cache json-schema-traverse@https://registry.npmjs.org/json-schema-traverse/-/json-schema-traverse-1.0.0.tgz 0ms (cache hit)
4354 http cache type-is@https://registry.npmjs.org/type-is/-/type-is-1.6.18.tgz 0ms (cache hit)
4355 http cache ajv@https://registry.npmjs.org/ajv/-/ajv-8.20.0.tgz 0ms (cache hit)
4356 http cache balanced-match@https://registry.npmjs.org/balanced-match/-/balanced-match-4.0.4.tgz 0ms (cache hit)
4357 http cache brace-expansion@https://registry.npmjs.org/brace-expansion/-/brace-expansion-5.0.9.tgz 0ms (cache hit)
4358 http cache minimatch@https://registry.npmjs.org/minimatch/-/minimatch-10.2.6.tgz 0ms (cache hit)
4359 http cache @inquirer/prompts@https://registry.npmjs.org/@inquirer/prompts/-/prompts-7.3.2.tgz 0ms (cache hit)
4360 http cache rxjs@https://registry.npmjs.org/rxjs/-/rxjs-7.8.1.tgz 0ms (cache hit)
4361 http cache json-schema-traverse@https://registry.npmjs.org/json-schema-traverse/-/json-schema-traverse-1.0.0.tgz 0ms (cache hit)
4362 http cache rxjs@https://registry.npmjs.org/rxjs/-/rxjs-7.8.1.tgz 0ms (cache hit)
4363 http cache strip-bom@https://registry.npmjs.org/strip-bom/-/strip-bom-3.0.0.tgz 0ms (cache hit)
4364 http cache ajv@https://registry.npmjs.org/ajv/-/ajv-8.18.0.tgz 0ms (cache hit)
4365 http cache json-schema-traverse@https://registry.npmjs.org/json-schema-traverse/-/json-schema-traverse-1.0.0.tgz 0ms (cache hit)
4366 http cache ajv-keywords@https://registry.npmjs.org/ajv-keywords/-/ajv-keywords-5.1.0.tgz 0ms (cache hit)
4367 http cache ajv-formats@https://registry.npmjs.org/ajv-formats/-/ajv-formats-2.1.1.tgz 0ms (cache hit)
4368 http cache estraverse@https://registry.npmjs.org/estraverse/-/estraverse-4.3.0.tgz 0ms (cache hit)
4369 http cache ajv@https://registry.npmjs.org/ajv/-/ajv-8.20.0.tgz 0ms (cache hit)
4370 http cache schema-utils@https://registry.npmjs.org/schema-utils/-/schema-utils-4.3.3.tgz 0ms (cache hit)
4371 http cache type-fest@https://registry.npmjs.org/type-fest/-/type-fest-4.41.0.tgz 0ms (cache hit)
4372 http cache source-map@https://registry.npmjs.org/source-map/-/source-map-0.6.1.tgz 0ms (cache hit)
4373 http cache eslint-scope@https://registry.npmjs.org/eslint-scope/-/eslint-scope-5.1.1.tgz 0ms (cache hit)
4374 http cache json-schema-traverse@https://registry.npmjs.org/json-schema-traverse/-/json-schema-traverse-1.0.0.tgz 0ms (cache hit)
4375 http cache ajv@https://registry.npmjs.org/ajv/-/ajv-8.18.0.tgz 0ms (cache hit)
4376 http cache rxjs@https://registry.npmjs.org/rxjs/-/rxjs-7.8.1.tgz 0ms (cache hit)
4377 http cache @angular-devkit/core@https://registry.npmjs.org/@angular-devkit/core/-/core-19.2.24.tgz 0ms (cache hit)
4378 http cache @angular-devkit/schematics@https://registry.npmjs.org/@angular-devkit/schematics/-/schematics-19.2.24.tgz 0ms (cache hit)
4379 http cache json-schema-traverse@https://registry.npmjs.org/json-schema-traverse/-/json-schema-traverse-1.0.0.tgz 1ms (cache hit)
4380 http cache ajv-keywords@https://registry.npmjs.org/ajv-keywords/-/ajv-keywords-5.1.0.tgz 0ms (cache hit)
4381 http cache ajv-formats@https://registry.npmjs.org/ajv-formats/-/ajv-formats-2.1.1.tgz 1ms (cache hit)
4382 http cache ajv@https://registry.npmjs.org/ajv/-/ajv-8.20.0.tgz 0ms (cache hit)
4383 http cache estraverse@https://registry.npmjs.org/estraverse/-/estraverse-4.3.0.tgz 0ms (cache hit)
4384 http cache schema-utils@https://registry.npmjs.org/schema-utils/-/schema-utils-4.3.3.tgz 0ms (cache hit)
4385 http cache eslint-scope@https://registry.npmjs.org/eslint-scope/-/eslint-scope-5.1.1.tgz 0ms (cache hit)
4386 http cache webpack@https://registry.npmjs.org/webpack/-/webpack-5.106.2.tgz 0ms (cache hit)
4387 http cache globals@https://registry.npmjs.org/globals/-/globals-14.0.0.tgz 0ms (cache hit)
4388 silly tarball no local data for fs.realpath@https://registry.npmjs.org/fs.realpath/-/fs.realpath-1.0.0.tgz. Extracting by manifest.
4389 silly tarball no local data for inflight@https://registry.npmjs.org/inflight/-/inflight-1.0.6.tgz. Extracting by manifest.
4390 silly tarball no local data for path-is-absolute@https://registry.npmjs.org/path-is-absolute/-/path-is-absolute-1.0.1.tgz. Extracting by manifest.
4391 silly tarball no local data for eastasianwidth@https://registry.npmjs.org/eastasianwidth/-/eastasianwidth-0.2.0.tgz. Extracting by manifest.
4392 silly tarball no local data for wrap-ansi-cjs@https://registry.npmjs.org/wrap-ansi/-/wrap-ansi-7.0.0.tgz. Extracting by manifest.
4393 silly tarball no local data for @isaacs/cliui@https://registry.npmjs.org/@isaacs/cliui/-/cliui-8.0.2.tgz. Extracting by manifest.
4394 silly tarball no local data for @pkgjs/parseargs@https://registry.npmjs.org/@pkgjs/parseargs/-/parseargs-0.11.0.tgz. Extracting by manifest.
4395 silly tarball no local data for foreground-child@https://registry.npmjs.org/foreground-child/-/foreground-child-3.3.1.tgz. Extracting by manifest.
4396 silly tarball no local data for jackspeak@https://registry.npmjs.org/jackspeak/-/jackspeak-3.4.3.tgz. Extracting by manifest.
4397 silly tarball no local data for sprintf-js@https://registry.npmjs.org/sprintf-js/-/sprintf-js-1.0.3.tgz. Extracting by manifest.
4398 http cache espree@https://registry.npmjs.org/espree/-/espree-10.4.0.tgz 0ms (cache hit)
4399 silly tarball no local data for y18n@https://registry.npmjs.org/y18n/-/y18n-5.0.8.tgz. Extracting by manifest.
4400 silly tarball no local data for require-directory@https://registry.npmjs.org/require-directory/-/require-directory-2.1.1.tgz. Extracting by manifest.
4401 silly tarball no local data for cliui@https://registry.npmjs.org/cliui/-/cliui-8.0.1.tgz. Extracting by manifest.
4402 silly tarball no local data for get-caller-file@https://registry.npmjs.org/get-caller-file/-/get-caller-file-2.0.5.tgz. Extracting by manifest.
4403 http cache lru-cache@https://registry.npmjs.org/lru-cache/-/lru-cache-10.4.3.tgz 2ms (cache hit)
4404 silly tarball no local data for minimizer-webpack-plugin@https://registry.npmjs.org/minimizer-webpack-plugin/-/minimizer-webpack-plugin-5.6.1.tgz. Extracting by manifest.
4405 silly tarball no local data for tmpl@https://registry.npmjs.org/tmpl/-/tmpl-1.0.5.tgz. Extracting by manifest.
4406 silly tarball no local data for makeerror@https://registry.npmjs.org/makeerror/-/makeerror-1.0.12.tgz. Extracting by manifest.
4407 silly tarball no local data for @unrs/resolver-binding-win32-x64-msvc@https://registry.npmjs.org/@unrs/resolver-binding-win32-x64-msvc/-/resolver-binding-win32-x64-msvc-1.12.2.tgz. Extracting by manifest.
4408 silly tarball no local data for napi-postinstall@https://registry.npmjs.org/napi-postinstall/-/napi-postinstall-0.3.4.tgz. Extracting by manifest.
4409 silly tarball no local data for @lukeed/csprng@https://registry.npmjs.org/@lukeed/csprng/-/csprng-1.1.0.tgz. Extracting by manifest.
4410 silly tarball no local data for @typescript-eslint/project-service@https://registry.npmjs.org/@typescript-eslint/project-service/-/project-service-8.67.0.tgz. Extracting by manifest.
4411 silly tarball no local data for @typescript-eslint/types@https://registry.npmjs.org/@typescript-eslint/types/-/types-8.67.0.tgz. Extracting by manifest.
4412 silly tarball no local data for ts-api-utils@https://registry.npmjs.org/ts-api-utils/-/ts-api-utils-2.5.0.tgz. Extracting by manifest.
4413 silly tarball no local data for @typescript-eslint/visitor-keys@https://registry.npmjs.org/@typescript-eslint/visitor-keys/-/visitor-keys-8.67.0.tgz. Extracting by manifest.
4414 silly tarball no local data for @typescript-eslint/type-utils@https://registry.npmjs.org/@typescript-eslint/type-utils/-/type-utils-8.67.0.tgz. Extracting by manifest.
4415 silly tarball no local data for @typescript-eslint/scope-manager@https://registry.npmjs.org/@typescript-eslint/scope-manager/-/scope-manager-8.67.0.tgz. Extracting by manifest.
4416 silly tarball no local data for @typescript-eslint/utils@https://registry.npmjs.org/@typescript-eslint/utils/-/utils-8.67.0.tgz. Extracting by manifest.
4417 silly tarball no local data for @typescript-eslint/typescript-estree@https://registry.npmjs.org/@typescript-eslint/typescript-estree/-/typescript-estree-8.67.0.tgz. Extracting by manifest.
4418 silly tarball no local data for @typescript-eslint/parser@https://registry.npmjs.org/@typescript-eslint/parser/-/parser-8.67.0.tgz. Extracting by manifest.
4419 silly tarball no local data for @typescript-eslint/eslint-plugin@https://registry.npmjs.org/@typescript-eslint/eslint-plugin/-/eslint-plugin-8.67.0.tgz. Extracting by manifest.
4420 silly tarball no local data for yn@https://registry.npmjs.org/yn/-/yn-3.1.1.tgz. Extracting by manifest.
4421 silly tarball no local data for v8-compile-cache-lib@https://registry.npmjs.org/v8-compile-cache-lib/-/v8-compile-cache-lib-3.0.1.tgz. Extracting by manifest.
4422 silly tarball no local data for diff@https://registry.npmjs.org/diff/-/diff-4.0.4.tgz. Extracting by manifest.
4423 silly tarball no local data for create-require@https://registry.npmjs.org/create-require/-/create-require-1.1.1.tgz. Extracting by manifest.
4424 silly tarball no local data for acorn-walk@https://registry.npmjs.org/acorn-walk/-/acorn-walk-8.3.5.tgz. Extracting by manifest.
4425 silly tarball no local data for @tsconfig/node16@https://registry.npmjs.org/@tsconfig/node16/-/node16-1.0.4.tgz. Extracting by manifest.
4426 silly tarball no local data for @tsconfig/node14@https://registry.npmjs.org/@tsconfig/node14/-/node14-1.0.3.tgz. Extracting by manifest.
4427 silly tarball no local data for @tsconfig/node12@https://registry.npmjs.org/@tsconfig/node12/-/node12-1.0.11.tgz. Extracting by manifest.
4428 silly tarball no local data for @tsconfig/node10@https://registry.npmjs.org/@tsconfig/node10/-/node10-1.0.12.tgz. Extracting by manifest.
4429 silly tarball no local data for @cspotcode/source-map-support@https://registry.npmjs.org/@cspotcode/source-map-support/-/source-map-support-0.8.1.tgz. Extracting by manifest.
4430 silly tarball no local data for wordwrap@https://registry.npmjs.org/wordwrap/-/wordwrap-1.0.0.tgz. Extracting by manifest.
4431 silly tarball no local data for uglify-js@https://registry.npmjs.org/uglify-js/-/uglify-js-3.19.3.tgz. Extracting by manifest.
4432 silly tarball no local data for make-error@https://registry.npmjs.org/make-error/-/make-error-1.3.6.tgz. Extracting by manifest.
4433 silly tarball no local data for lodash.memoize@https://registry.npmjs.org/lodash.memoize/-/lodash.memoize-4.1.2.tgz. Extracting by manifest.
4434 silly tarball no local data for handlebars@https://registry.npmjs.org/handlebars/-/handlebars-4.7.9.tgz. Extracting by manifest.
4435 silly tarball no local data for bs-logger@https://registry.npmjs.org/bs-logger/-/bs-logger-0.2.6.tgz. Extracting by manifest.
4436 silly tarball no local data for @borewit/text-codec@https://registry.npmjs.org/@borewit/text-codec/-/text-codec-0.2.2.tgz. Extracting by manifest.
4437 silly tarball no local data for @pkgr/core@https://registry.npmjs.org/@pkgr/core/-/core-0.3.6.tgz. Extracting by manifest.
4438 silly tarball no local data for asap@https://registry.npmjs.org/asap/-/asap-2.0.6.tgz. Extracting by manifest.
4439 silly tarball no local data for @noble/hashes@https://registry.npmjs.org/@noble/hashes/-/hashes-1.8.0.tgz. Extracting by manifest.
4440 silly tarball no local data for dezalgo@https://registry.npmjs.org/dezalgo/-/dezalgo-1.0.4.tgz. Extracting by manifest.
4441 silly tarball no local data for @paralleldrive/cuid2@https://registry.npmjs.org/@paralleldrive/cuid2/-/cuid2-2.3.1.tgz. Extracting by manifest.
4442 silly tarball no local data for mime@https://registry.npmjs.org/mime/-/mime-2.6.0.tgz. Extracting by manifest.
4443 silly tarball no local data for formidable@https://registry.npmjs.org/formidable/-/formidable-3.5.4.tgz. Extracting by manifest.
4444 silly tarball no local data for cookiejar@https://registry.npmjs.org/cookiejar/-/cookiejar-2.1.4.tgz. Extracting by manifest.
4445 silly tarball no local data for component-emitter@https://registry.npmjs.org/component-emitter/-/component-emitter-1.3.1.tgz. Extracting by manifest.
4446 silly tarball no local data for superagent@https://registry.npmjs.org/superagent/-/superagent-10.3.0.tgz. Extracting by manifest.
4447 silly tarball no local data for methods@https://registry.npmjs.org/methods/-/methods-1.1.2.tgz. Extracting by manifest.
4448 silly tarball no local data for @tokenizer/token@https://registry.npmjs.org/@tokenizer/token/-/token-0.3.0.tgz. Extracting by manifest.
4449 silly tarball no local data for arg@https://registry.npmjs.org/arg/-/arg-4.1.3.tgz. Extracting by manifest.
4450 silly tarball no local data for char-regex@https://registry.npmjs.org/char-regex/-/char-regex-1.0.2.tgz. Extracting by manifest.
4451 silly tarball no local data for react-is-19@https://registry.npmjs.org/react-is/-/react-is-19.2.8.tgz. Extracting by manifest.
4452 silly tarball no local data for react-is-18@https://registry.npmjs.org/react-is/-/react-is-18.3.1.tgz. Extracting by manifest.
4453 silly tarball no local data for fast-diff@https://registry.npmjs.org/fast-diff/-/fast-diff-1.3.0.tgz. Extracting by manifest.
4454 silly tarball no local data for yocto-queue@https://registry.npmjs.org/yocto-queue/-/yocto-queue-0.1.0.tgz. Extracting by manifest.
4455 silly tarball no local data for word-wrap@https://registry.npmjs.org/word-wrap/-/word-wrap-1.2.5.tgz. Extracting by manifest.
4456 silly tarball no local data for fast-levenshtein@https://registry.npmjs.org/fast-levenshtein/-/fast-levenshtein-2.0.6.tgz. Extracting by manifest.
4457 silly tarball no local data for deep-is@https://registry.npmjs.org/deep-is/-/deep-is-0.1.4.tgz. Extracting by manifest.
4458 silly tarball no local data for typedarray@https://registry.npmjs.org/typedarray/-/typedarray-0.0.6.tgz. Extracting by manifest.
4459 silly tarball no local data for streamsearch@https://registry.npmjs.org/streamsearch/-/streamsearch-1.1.0.tgz. Extracting by manifest.
4460 silly tarball no local data for concat-stream@https://registry.npmjs.org/concat-stream/-/concat-stream-2.0.0.tgz. Extracting by manifest.
4461 silly tarball no local data for busboy@https://registry.npmjs.org/busboy/-/busboy-1.6.0.tgz. Extracting by manifest.
4462 silly tarball no local data for append-field@https://registry.npmjs.org/append-field/-/append-field-1.0.0.tgz. Extracting by manifest.
4463 silly tarball no local data for p-locate@https://registry.npmjs.org/p-locate/-/p-locate-5.0.0.tgz. Extracting by manifest.
4464 silly tarball no local data for type-check@https://registry.npmjs.org/type-check/-/type-check-0.4.0.tgz. Extracting by manifest.
4465 silly tarball no local data for prelude-ls@https://registry.npmjs.org/prelude-ls/-/prelude-ls-1.2.1.tgz. Extracting by manifest.
4466 silly tarball no local data for json-buffer@https://registry.npmjs.org/json-buffer/-/json-buffer-3.0.1.tgz. Extracting by manifest.
4467 silly tarball no local data for @ungap/structured-clone@https://registry.npmjs.org/@ungap/structured-clone/-/structured-clone-1.3.3.tgz. Extracting by manifest.
4468 silly tarball no local data for @jest/snapshot-utils@https://registry.npmjs.org/@jest/snapshot-utils/-/snapshot-utils-30.4.1.tgz. Extracting by manifest.
4469 silly tarball no local data for leven@https://registry.npmjs.org/leven/-/leven-3.1.0.tgz. Extracting by manifest.
4470 silly tarball no local data for strip-bom@https://registry.npmjs.org/strip-bom/-/strip-bom-4.0.0.tgz. Extracting by manifest.
4471 silly tarball no local data for cjs-module-lexer@https://registry.npmjs.org/cjs-module-lexer/-/cjs-module-lexer-2.2.0.tgz. Extracting by manifest.
4472 silly tarball no local data for @jest/source-map@https://registry.npmjs.org/@jest/source-map/-/source-map-30.0.1.tgz. Extracting by manifest.
4473 silly tarball no local data for jest-leak-detector@https://registry.npmjs.org/jest-leak-detector/-/jest-leak-detector-30.4.1.tgz. Extracting by manifest.
4474 silly tarball no local data for @jest/globals@https://registry.npmjs.org/@jest/globals/-/globals-30.4.1.tgz. Extracting by manifest.
4475 silly tarball no local data for emittery@https://registry.npmjs.org/emittery/-/emittery-0.13.1.tgz. Extracting by manifest.
4476 silly tarball no local data for jest-pnp-resolver@https://registry.npmjs.org/jest-pnp-resolver/-/jest-pnp-resolver-1.2.3.tgz. Extracting by manifest.
4477 silly tarball no local data for @types/stack-utils@https://registry.npmjs.org/@types/stack-utils/-/stack-utils-2.0.3.tgz. Extracting by manifest.
4478 silly tarball no local data for unrs-resolver@https://registry.npmjs.org/unrs-resolver/-/unrs-resolver-1.12.2.tgz. Extracting by manifest.
4479 silly tarball no local data for @jest/diff-sequences@https://registry.npmjs.org/@jest/diff-sequences/-/diff-sequences-30.4.0.tgz. Extracting by manifest.
4480 silly tarball no local data for jest-diff@https://registry.npmjs.org/jest-diff/-/jest-diff-30.4.1.tgz. Extracting by manifest.
4481 silly tarball no local data for node-int64@https://registry.npmjs.org/node-int64/-/node-int64-0.4.0.tgz. Extracting by manifest.
4482 silly tarball no local data for bser@https://registry.npmjs.org/bser/-/bser-2.1.1.tgz. Extracting by manifest.
4483 silly tarball no local data for normalize-path@https://registry.npmjs.org/normalize-path/-/normalize-path-3.0.0.tgz. Extracting by manifest.
4484 silly tarball no local data for walker@https://registry.npmjs.org/walker/-/walker-1.0.8.tgz. Extracting by manifest.
4485 silly tarball no local data for fb-watchman@https://registry.npmjs.org/fb-watchman/-/fb-watchman-2.0.2.tgz. Extracting by manifest.
4486 silly tarball no local data for anymatch@https://registry.npmjs.org/anymatch/-/anymatch-3.1.3.tgz. Extracting by manifest.
4487 silly tarball no local data for detect-newline@https://registry.npmjs.org/detect-newline/-/detect-newline-3.1.0.tgz. Extracting by manifest.
4488 silly tarball no local data for type-detect@https://registry.npmjs.org/type-detect/-/type-detect-4.0.8.tgz. Extracting by manifest.
4489 silly tarball no local data for @sinonjs/commons@https://registry.npmjs.org/@sinonjs/commons/-/commons-3.0.1.tgz. Extracting by manifest.
4490 silly tarball no local data for @sinonjs/fake-timers@https://registry.npmjs.org/@sinonjs/fake-timers/-/fake-timers-15.4.0.tgz. Extracting by manifest.
4491 silly tarball no local data for @jest/fake-timers@https://registry.npmjs.org/@jest/fake-timers/-/fake-timers-30.4.1.tgz. Extracting by manifest.
4492 silly tarball no local data for stack-utils@https://registry.npmjs.org/stack-utils/-/stack-utils-2.0.6.tgz. Extracting by manifest.
4493 silly tarball no local data for pure-rand@https://registry.npmjs.org/pure-rand/-/pure-rand-7.0.1.tgz. Extracting by manifest.
4494 silly tarball no local data for jest-each@https://registry.npmjs.org/jest-each/-/jest-each-30.4.1.tgz. Extracting by manifest.
4495 silly tarball no local data for is-generator-fn@https://registry.npmjs.org/is-generator-fn/-/is-generator-fn-2.1.0.tgz. Extracting by manifest.
4496 silly tarball no local data for co@https://registry.npmjs.org/co/-/co-4.6.0.tgz. Extracting by manifest.
4497 silly tarball no local data for @jest/expect@https://registry.npmjs.org/@jest/expect/-/expect-30.4.1.tgz. Extracting by manifest.
4498 silly tarball no local data for @jest/environment@https://registry.npmjs.org/@jest/environment/-/environment-30.4.1.tgz. Extracting by manifest.
4499 silly tarball no local data for @babel/plugin-syntax-top-level-await@https://registry.npmjs.org/@babel/plugin-syntax-top-level-await/-/plugin-syntax-top-level-await-7.14.5.tgz. Extracting by manifest.
4500 silly tarball no local data for @babel/plugin-syntax-private-property-in-object@https://registry.npmjs.org/@babel/plugin-syntax-private-property-in-object/-/plugin-syntax-private-property-in-object-7.14.5.tgz. Extracting by manifest.
4501 silly tarball no local data for @babel/plugin-syntax-optional-chaining@https://registry.npmjs.org/@babel/plugin-syntax-optional-chaining/-/plugin-syntax-optional-chaining-7.8.3.tgz. Extracting by manifest.
4502 silly tarball no local data for @babel/plugin-syntax-optional-catch-binding@https://registry.npmjs.org/@babel/plugin-syntax-optional-catch-binding/-/plugin-syntax-optional-catch-binding-7.8.3.tgz. Extracting by manifest.
4503 silly tarball no local data for @babel/plugin-syntax-object-rest-spread@https://registry.npmjs.org/@babel/plugin-syntax-object-rest-spread/-/plugin-syntax-object-rest-spread-7.8.3.tgz. Extracting by manifest.
4504 silly tarball no local data for @babel/plugin-syntax-numeric-separator@https://registry.npmjs.org/@babel/plugin-syntax-numeric-separator/-/plugin-syntax-numeric-separator-7.10.4.tgz. Extracting by manifest.
4505 silly tarball no local data for @babel/plugin-syntax-nullish-coalescing-operator@https://registry.npmjs.org/@babel/plugin-syntax-nullish-coalescing-operator/-/plugin-syntax-nullish-coalescing-operator-7.8.3.tgz. Extracting by manifest.
4506 silly tarball no local data for @babel/plugin-syntax-logical-assignment-operators@https://registry.npmjs.org/@babel/plugin-syntax-logical-assignment-operators/-/plugin-syntax-logical-assignment-operators-7.10.4.tgz. Extracting by manifest.
4507 silly tarball no local data for @babel/plugin-syntax-json-strings@https://registry.npmjs.org/@babel/plugin-syntax-json-strings/-/plugin-syntax-json-strings-7.8.3.tgz. Extracting by manifest.
4508 silly tarball no local data for @babel/plugin-syntax-import-meta@https://registry.npmjs.org/@babel/plugin-syntax-import-meta/-/plugin-syntax-import-meta-7.10.4.tgz. Extracting by manifest.
4509 silly tarball no local data for @babel/plugin-syntax-import-attributes@https://registry.npmjs.org/@babel/plugin-syntax-import-attributes/-/plugin-syntax-import-attributes-7.29.7.tgz. Extracting by manifest.
4510 silly tarball no local data for @babel/plugin-syntax-class-static-block@https://registry.npmjs.org/@babel/plugin-syntax-class-static-block/-/plugin-syntax-class-static-block-7.14.5.tgz. Extracting by manifest.
4511 silly tarball no local data for @babel/plugin-syntax-class-properties@https://registry.npmjs.org/@babel/plugin-syntax-class-properties/-/plugin-syntax-class-properties-7.12.13.tgz. Extracting by manifest.
4512 silly tarball no local data for @babel/plugin-syntax-bigint@https://registry.npmjs.org/@babel/plugin-syntax-bigint/-/plugin-syntax-bigint-7.8.3.tgz. Extracting by manifest.
4513 silly tarball no local data for @babel/plugin-syntax-async-generators@https://registry.npmjs.org/@babel/plugin-syntax-async-generators/-/plugin-syntax-async-generators-7.8.4.tgz. Extracting by manifest.
4514 silly tarball no local data for babel-preset-current-node-syntax@https://registry.npmjs.org/babel-preset-current-node-syntax/-/babel-preset-current-node-syntax-1.2.0.tgz. Extracting by manifest.
4515 silly tarball no local data for babel-plugin-jest-hoist@https://registry.npmjs.org/babel-plugin-jest-hoist/-/babel-plugin-jest-hoist-30.4.0.tgz. Extracting by manifest.
4516 silly tarball no local data for @types/babel__traverse@https://registry.npmjs.org/@types/babel__traverse/-/babel__traverse-7.28.0.tgz. Extracting by manifest.
4517 silly tarball no local data for @types/babel__template@https://registry.npmjs.org/@types/babel__template/-/babel__template-7.4.4.tgz. Extracting by manifest.
4518 silly tarball no local data for @types/babel__generator@https://registry.npmjs.org/@types/babel__generator/-/babel__generator-7.27.0.tgz. Extracting by manifest.
4519 silly tarball no local data for babel-preset-jest@https://registry.npmjs.org/babel-preset-jest/-/babel-preset-jest-30.4.0.tgz. Extracting by manifest.
4520 silly tarball no local data for @types/babel__core@https://registry.npmjs.org/@types/babel__core/-/babel__core-7.20.5.tgz. Extracting by manifest.
4521 silly tarball no local data for jest-environment-node@https://registry.npmjs.org/jest-environment-node/-/jest-environment-node-30.4.1.tgz. Extracting by manifest.
4522 silly tarball no local data for jest-docblock@https://registry.npmjs.org/jest-docblock/-/jest-docblock-30.4.0.tgz. Extracting by manifest.
4523 silly tarball no local data for jest-circus@https://registry.npmjs.org/jest-circus/-/jest-circus-30.4.2.tgz. Extracting by manifest.
4524 silly tarball no local data for babel-jest@https://registry.npmjs.org/babel-jest/-/babel-jest-30.4.1.tgz. Extracting by manifest.
4525 silly tarball no local data for @jest/test-sequencer@https://registry.npmjs.org/@jest/test-sequencer/-/test-sequencer-30.4.1.tgz. Extracting by manifest.
4526 silly tarball no local data for yargs@https://registry.npmjs.org/yargs/-/yargs-17.7.3.tgz. Extracting by manifest.
4527 silly tarball no local data for p-limit@https://registry.npmjs.org/p-limit/-/p-limit-3.1.0.tgz. Extracting by manifest.
4528 silly tarball no local data for html-escaper@https://registry.npmjs.org/html-escaper/-/html-escaper-2.0.2.tgz. Extracting by manifest.
4529 silly tarball no local data for package-json-from-dist@https://registry.npmjs.org/package-json-from-dist/-/package-json-from-dist-1.0.1.tgz. Extracting by manifest.
4530 silly tarball no local data for resolve-cwd@https://registry.npmjs.org/resolve-cwd/-/resolve-cwd-3.0.0.tgz. Extracting by manifest.
4531 silly tarball no local data for pkg-dir@https://registry.npmjs.org/pkg-dir/-/pkg-dir-4.2.0.tgz. Extracting by manifest.
4532 silly tarball no local data for get-package-type@https://registry.npmjs.org/get-package-type/-/get-package-type-0.1.0.tgz. Extracting by manifest.
4533 silly tarball no local data for camelcase@https://registry.npmjs.org/camelcase/-/camelcase-5.3.1.tgz. Extracting by manifest.
4534 silly tarball no local data for test-exclude@https://registry.npmjs.org/test-exclude/-/test-exclude-6.0.0.tgz. Extracting by manifest.
4535 silly tarball no local data for @istanbuljs/schema@https://registry.npmjs.org/@istanbuljs/schema/-/schema-0.1.6.tgz. Extracting by manifest.
4536 silly tarball no local data for @istanbuljs/load-nyc-config@https://registry.npmjs.org/@istanbuljs/load-nyc-config/-/load-nyc-config-1.1.0.tgz. Extracting by manifest.
4537 silly tarball no local data for type-fest@https://registry.npmjs.org/type-fest/-/type-fest-0.21.3.tgz. Extracting by manifest.
4538 silly tarball no local data for @types/yargs-parser@https://registry.npmjs.org/@types/yargs-parser/-/yargs-parser-21.0.3.tgz. Extracting by manifest.
4539 silly tarball no local data for @types/istanbul-lib-report@https://registry.npmjs.org/@types/istanbul-lib-report/-/istanbul-lib-report-3.0.3.tgz. Extracting by manifest.
4540 silly tarball no local data for @sinclair/typebox@https://registry.npmjs.org/@sinclair/typebox/-/typebox-0.34.52.tgz. Extracting by manifest.
4541 silly tarball no local data for @types/yargs@https://registry.npmjs.org/@types/yargs/-/yargs-17.0.35.tgz. Extracting by manifest.
4542 silly tarball no local data for @jest/schemas@https://registry.npmjs.org/@jest/schemas/-/schemas-30.4.1.tgz. Extracting by manifest.
4543 silly tarball no local data for @types/istanbul-reports@https://registry.npmjs.org/@types/istanbul-reports/-/istanbul-reports-3.0.4.tgz. Extracting by manifest.
4544 silly tarball no local data for write-file-atomic@https://registry.npmjs.org/write-file-atomic/-/write-file-atomic-5.0.1.tgz. Extracting by manifest.
4545 silly tarball no local data for pirates@https://registry.npmjs.org/pirates/-/pirates-4.0.7.tgz. Extracting by manifest.
4546 silly tarball no local data for babel-plugin-istanbul@https://registry.npmjs.org/babel-plugin-istanbul/-/babel-plugin-istanbul-7.0.1.tgz. Extracting by manifest.
4547 silly tarball no local data for @types/istanbul-lib-coverage@https://registry.npmjs.org/@types/istanbul-lib-coverage/-/istanbul-lib-coverage-2.0.6.tgz. Extracting by manifest.
4548 silly tarball no local data for v8-to-istanbul@https://registry.npmjs.org/v8-to-istanbul/-/v8-to-istanbul-9.3.0.tgz. Extracting by manifest.
4549 silly tarball no local data for string-length@https://registry.npmjs.org/string-length/-/string-length-4.0.2.tgz. Extracting by manifest.
4550 silly tarball no local data for jest-worker@https://registry.npmjs.org/jest-worker/-/jest-worker-30.4.1.tgz. Extracting by manifest.
4551 silly tarball no local data for istanbul-reports@https://registry.npmjs.org/istanbul-reports/-/istanbul-reports-3.2.0.tgz. Extracting by manifest.
4552 silly tarball no local data for istanbul-lib-source-maps@https://registry.npmjs.org/istanbul-lib-source-maps/-/istanbul-lib-source-maps-5.0.6.tgz. Extracting by manifest.
4553 silly tarball no local data for istanbul-lib-report@https://registry.npmjs.org/istanbul-lib-report/-/istanbul-lib-report-3.0.1.tgz. Extracting by manifest.
4554 silly tarball no local data for istanbul-lib-instrument@https://registry.npmjs.org/istanbul-lib-instrument/-/istanbul-lib-instrument-6.0.3.tgz. Extracting by manifest.
4555 silly tarball no local data for istanbul-lib-coverage@https://registry.npmjs.org/istanbul-lib-coverage/-/istanbul-lib-coverage-3.2.2.tgz. Extracting by manifest.
4556 silly tarball no local data for collect-v8-coverage@https://registry.npmjs.org/collect-v8-coverage/-/collect-v8-coverage-1.0.3.tgz. Extracting by manifest.
4557 silly tarball no local data for @bcoe/v8-coverage@https://registry.npmjs.org/@bcoe/v8-coverage/-/v8-coverage-0.2.3.tgz. Extracting by manifest.
4558 silly tarball no local data for slash@https://registry.npmjs.org/slash/-/slash-3.0.0.tgz. Extracting by manifest.
4559 silly tarball no local data for jest-watcher@https://registry.npmjs.org/jest-watcher/-/jest-watcher-30.4.1.tgz. Extracting by manifest.
4560 silly tarball no local data for jest-validate@https://registry.npmjs.org/jest-validate/-/jest-validate-30.4.1.tgz. Extracting by manifest.
4561 silly tarball no local data for jest-snapshot@https://registry.npmjs.org/jest-snapshot/-/jest-snapshot-30.4.1.tgz. Extracting by manifest.
4562 silly tarball no local data for jest-runtime@https://registry.npmjs.org/jest-runtime/-/jest-runtime-30.4.2.tgz. Extracting by manifest.
4563 silly tarball no local data for jest-runner@https://registry.npmjs.org/jest-runner/-/jest-runner-30.4.2.tgz. Extracting by manifest.
4564 silly tarball no local data for jest-resolve-dependencies@https://registry.npmjs.org/jest-resolve-dependencies/-/jest-resolve-dependencies-30.4.2.tgz. Extracting by manifest.
4565 silly tarball no local data for jest-resolve@https://registry.npmjs.org/jest-resolve/-/jest-resolve-30.4.1.tgz. Extracting by manifest.
4566 silly tarball no local data for jest-regex-util@https://registry.npmjs.org/jest-regex-util/-/jest-regex-util-30.4.0.tgz. Extracting by manifest.
4567 silly tarball no local data for jest-haste-map@https://registry.npmjs.org/jest-haste-map/-/jest-haste-map-30.4.1.tgz. Extracting by manifest.
4568 silly tarball no local data for jest-config@https://registry.npmjs.org/jest-config/-/jest-config-30.4.2.tgz. Extracting by manifest.
4569 silly tarball no local data for jest-changed-files@https://registry.npmjs.org/jest-changed-files/-/jest-changed-files-30.4.1.tgz. Extracting by manifest.
4570 silly tarball no local data for exit-x@https://registry.npmjs.org/exit-x/-/exit-x-0.2.2.tgz. Extracting by manifest.
4571 silly tarball no local data for ansi-escapes@https://registry.npmjs.org/ansi-escapes/-/ansi-escapes-4.3.2.tgz. Extracting by manifest.
4572 silly tarball no local data for ci-info@https://registry.npmjs.org/ci-info/-/ci-info-4.4.0.tgz. Extracting by manifest.
4573 silly tarball no local data for @jest/transform@https://registry.npmjs.org/@jest/transform/-/transform-30.4.1.tgz. Extracting by manifest.
4574 silly tarball no local data for @jest/test-result@https://registry.npmjs.org/@jest/test-result/-/test-result-30.4.1.tgz. Extracting by manifest.
4575 silly tarball no local data for @jest/reporters@https://registry.npmjs.org/@jest/reporters/-/reporters-30.4.1.tgz. Extracting by manifest.
4576 silly tarball no local data for @jest/pattern@https://registry.npmjs.org/@jest/pattern/-/pattern-30.4.0.tgz. Extracting by manifest.
4577 silly tarball no local data for @jest/console@https://registry.npmjs.org/@jest/console/-/console-30.4.1.tgz. Extracting by manifest.
4578 silly tarball no local data for import-local@https://registry.npmjs.org/import-local/-/import-local-3.2.0.tgz. Extracting by manifest.
4579 silly tarball no local data for jest-cli@https://registry.npmjs.org/jest-cli/-/jest-cli-30.4.2.tgz. Extracting by manifest.
4580 silly tarball no local data for @jest/core@https://registry.npmjs.org/@jest/core/-/core-30.4.2.tgz. Extracting by manifest.
4581 silly tarball no local data for @jest/types@https://registry.npmjs.org/@jest/types/-/types-30.4.1.tgz. Extracting by manifest.
4582 silly tarball no local data for has-tostringtag@https://registry.npmjs.org/has-tostringtag/-/has-tostringtag-1.0.2.tgz. Extracting by manifest.
4583 silly tarball no local data for delayed-stream@https://registry.npmjs.org/delayed-stream/-/delayed-stream-1.0.0.tgz. Extracting by manifest.
4584 silly tarball no local data for es-set-tostringtag@https://registry.npmjs.org/es-set-tostringtag/-/es-set-tostringtag-2.1.0.tgz. Extracting by manifest.
4585 silly tarball no local data for combined-stream@https://registry.npmjs.org/combined-stream/-/combined-stream-1.0.8.tgz. Extracting by manifest.
4586 silly tarball no local data for asynckit@https://registry.npmjs.org/asynckit/-/asynckit-0.4.0.tgz. Extracting by manifest.
4587 silly tarball no local data for keyv@https://registry.npmjs.org/keyv/-/keyv-4.5.4.tgz. Extracting by manifest.
4588 silly tarball no local data for flatted@https://registry.npmjs.org/flatted/-/flatted-3.4.4.tgz. Extracting by manifest.
4589 silly tarball no local data for path-exists@https://registry.npmjs.org/path-exists/-/path-exists-4.0.0.tgz. Extracting by manifest.
4590 silly tarball no local data for locate-path@https://registry.npmjs.org/locate-path/-/locate-path-6.0.0.tgz. Extracting by manifest.
4591 silly tarball no local data for uint8array-extras@https://registry.npmjs.org/uint8array-extras/-/uint8array-extras-1.5.0.tgz. Extracting by manifest.
4592 silly tarball no local data for token-types@https://registry.npmjs.org/token-types/-/token-types-6.1.2.tgz. Extracting by manifest.
4593 silly tarball no local data for strtok3@https://registry.npmjs.org/strtok3/-/strtok3-10.3.5.tgz. Extracting by manifest.
4594 silly tarball no local data for @tokenizer/inflate@https://registry.npmjs.org/@tokenizer/inflate/-/inflate-0.4.1.tgz. Extracting by manifest.
4595 silly tarball no local data for flat-cache@https://registry.npmjs.org/flat-cache/-/flat-cache-4.0.1.tgz. Extracting by manifest.
4596 silly tarball no local data for jest-util@https://registry.npmjs.org/jest-util/-/jest-util-30.4.1.tgz. Extracting by manifest.
4597 silly tarball no local data for jest-mock@https://registry.npmjs.org/jest-mock/-/jest-mock-30.4.1.tgz. Extracting by manifest.
4598 silly tarball no local data for jest-message-util@https://registry.npmjs.org/jest-message-util/-/jest-message-util-30.4.1.tgz. Extracting by manifest.
4599 silly tarball no local data for @jest/get-type@https://registry.npmjs.org/@jest/get-type/-/get-type-30.1.0.tgz. Extracting by manifest.
4600 silly tarball no local data for jest-matcher-utils@https://registry.npmjs.org/jest-matcher-utils/-/jest-matcher-utils-30.4.1.tgz. Extracting by manifest.
4601 silly tarball no local data for @jest/expect-utils@https://registry.npmjs.org/@jest/expect-utils/-/expect-utils-30.4.1.tgz. Extracting by manifest.
4602 silly tarball no local data for acorn-jsx@https://registry.npmjs.org/acorn-jsx/-/acorn-jsx-5.3.2.tgz. Extracting by manifest.
4603 silly tarball no local data for synckit@https://registry.npmjs.org/synckit/-/synckit-0.11.13.tgz. Extracting by manifest.
4604 silly tarball no local data for prettier-linter-helpers@https://registry.npmjs.org/prettier-linter-helpers/-/prettier-linter-helpers-1.0.1.tgz. Extracting by manifest.
4605 silly tarball no local data for @humanfs/types@https://registry.npmjs.org/@humanfs/types/-/types-0.15.0.tgz. Extracting by manifest.
4606 silly tarball no local data for @humanfs/core@https://registry.npmjs.org/@humanfs/core/-/core-0.19.2.tgz. Extracting by manifest.
4607 silly tarball no local data for levn@https://registry.npmjs.org/levn/-/levn-0.4.1.tgz. Extracting by manifest.
4608 silly tarball no local data for @eslint/object-schema@https://registry.npmjs.org/@eslint/object-schema/-/object-schema-2.1.7.tgz. Extracting by manifest.
4609 silly tarball no local data for optionator@https://registry.npmjs.org/optionator/-/optionator-0.9.4.tgz. Extracting by manifest.
4610 silly tarball no local data for natural-compare@https://registry.npmjs.org/natural-compare/-/natural-compare-1.4.0.tgz. Extracting by manifest.
4611 silly tarball no local data for lodash.merge@https://registry.npmjs.org/lodash.merge/-/lodash.merge-4.6.2.tgz. Extracting by manifest.
4612 silly tarball no local data for json-stable-stringify-without-jsonify@https://registry.npmjs.org/json-stable-stringify-without-jsonify/-/json-stable-stringify-without-jsonify-1.0.1.tgz. Extracting by manifest.
4613 silly tarball no local data for imurmurhash@https://registry.npmjs.org/imurmurhash/-/imurmurhash-0.1.4.tgz. Extracting by manifest.
4614 silly tarball no local data for glob-parent@https://registry.npmjs.org/glob-parent/-/glob-parent-6.0.2.tgz. Extracting by manifest.
4615 silly tarball no local data for find-up@https://registry.npmjs.org/find-up/-/find-up-5.0.0.tgz. Extracting by manifest.
4616 silly tarball no local data for file-entry-cache@https://registry.npmjs.org/file-entry-cache/-/file-entry-cache-8.0.0.tgz. Extracting by manifest.
4617 silly tarball no local data for esutils@https://registry.npmjs.org/esutils/-/esutils-2.0.3.tgz. Extracting by manifest.
4618 silly tarball no local data for esquery@https://registry.npmjs.org/esquery/-/esquery-1.7.0.tgz. Extracting by manifest.
4619 silly tarball no local data for eslint-visitor-keys@https://registry.npmjs.org/eslint-visitor-keys/-/eslint-visitor-keys-4.2.1.tgz. Extracting by manifest.
4620 silly tarball no local data for eslint-scope@https://registry.npmjs.org/eslint-scope/-/eslint-scope-8.4.0.tgz. Extracting by manifest.
4621 silly tarball no local data for escape-string-regexp@https://registry.npmjs.org/escape-string-regexp/-/escape-string-regexp-4.0.0.tgz. Extracting by manifest.
4622 silly tarball no local data for @humanwhocodes/retry@https://registry.npmjs.org/@humanwhocodes/retry/-/retry-0.4.3.tgz. Extracting by manifest.
4623 silly tarball no local data for @humanwhocodes/module-importer@https://registry.npmjs.org/@humanwhocodes/module-importer/-/module-importer-1.0.1.tgz. Extracting by manifest.
4624 silly tarball no local data for @humanfs/node@https://registry.npmjs.org/@humanfs/node/-/node-0.16.8.tgz. Extracting by manifest.
4625 silly tarball no local data for @eslint/plugin-kit@https://registry.npmjs.org/@eslint/plugin-kit/-/plugin-kit-0.4.1.tgz. Extracting by manifest.
4626 silly tarball no local data for @eslint/core@https://registry.npmjs.org/@eslint/core/-/core-0.17.0.tgz. Extracting by manifest.
4627 silly tarball no local data for @eslint/config-helpers@https://registry.npmjs.org/@eslint/config-helpers/-/config-helpers-0.4.2.tgz. Extracting by manifest.
4628 silly tarball no local data for @eslint/config-array@https://registry.npmjs.org/@eslint/config-array/-/config-array-0.21.2.tgz. Extracting by manifest.
4629 silly tarball no local data for @eslint-community/regexpp@https://registry.npmjs.org/@eslint-community/regexpp/-/regexpp-4.12.2.tgz. Extracting by manifest.
4630 silly tarball no local data for @eslint-community/eslint-utils@https://registry.npmjs.org/@eslint-community/eslint-utils/-/eslint-utils-4.10.1.tgz. Extracting by manifest.
4631 silly tarball no local data for form-data@https://registry.npmjs.org/form-data/-/form-data-4.0.6.tgz. Extracting by manifest.
4632 silly tarball no local data for @types/cookiejar@https://registry.npmjs.org/@types/cookiejar/-/cookiejar-2.1.5.tgz. Extracting by manifest.
4633 silly tarball no local data for @types/superagent@https://registry.npmjs.org/@types/superagent/-/superagent-8.1.11.tgz. Extracting by manifest.
4634 silly tarball no local data for @types/methods@https://registry.npmjs.org/@types/methods/-/methods-1.1.4.tgz. Extracting by manifest.
4635 silly tarball no local data for @types/http-errors@https://registry.npmjs.org/@types/http-errors/-/http-errors-2.0.5.tgz. Extracting by manifest.
4636 silly tarball no local data for pretty-format@https://registry.npmjs.org/pretty-format/-/pretty-format-30.4.1.tgz. Extracting by manifest.
4637 silly tarball no local data for expect@https://registry.npmjs.org/expect/-/expect-30.4.1.tgz. Extracting by manifest.
4638 silly tarball no local data for @types/send@https://registry.npmjs.org/@types/send/-/send-1.2.1.tgz. Extracting by manifest.
4639 silly tarball no local data for @types/range-parser@https://registry.npmjs.org/@types/range-parser/-/range-parser-1.2.7.tgz. Extracting by manifest.
4640 silly tarball no local data for @types/qs@https://registry.npmjs.org/@types/qs/-/qs-6.15.1.tgz. Extracting by manifest.
4641 silly tarball no local data for @types/connect@https://registry.npmjs.org/@types/connect/-/connect-3.4.38.tgz. Extracting by manifest.
4642 silly tarball no local data for @types/serve-static@https://registry.npmjs.org/@types/serve-static/-/serve-static-2.2.0.tgz. Extracting by manifest.
4643 silly tarball no local data for @types/express-serve-static-core@https://registry.npmjs.org/@types/express-serve-static-core/-/express-serve-static-core-5.1.3.tgz. Extracting by manifest.
4644 silly tarball no local data for @types/body-parser@https://registry.npmjs.org/@types/body-parser/-/body-parser-1.19.6.tgz. Extracting by manifest.
4645 silly tarball no local data for multer@https://registry.npmjs.org/multer/-/multer-2.2.0.tgz. Extracting by manifest.
4646 silly tarball no local data for make-dir@https://registry.npmjs.org/make-dir/-/make-dir-4.0.0.tgz. Extracting by manifest.
4647 silly tarball no local data for fast-safe-stringify@https://registry.npmjs.org/fast-safe-stringify/-/fast-safe-stringify-2.1.1.tgz. Extracting by manifest.
4648 silly tarball no local data for uid@https://registry.npmjs.org/uid/-/uid-2.0.2.tgz. Extracting by manifest.
4649 silly tarball no local data for load-esm@https://registry.npmjs.org/load-esm/-/load-esm-1.0.3.tgz. Extracting by manifest.
4650 silly tarball no local data for iterare@https://registry.npmjs.org/iterare/-/iterare-1.2.1.tgz. Extracting by manifest.
4651 silly tarball no local data for file-type@https://registry.npmjs.org/file-type/-/file-type-21.3.4.tgz. Extracting by manifest.
4652 silly tarball no local data for strip-json-comments@https://registry.npmjs.org/strip-json-comments/-/strip-json-comments-3.1.1.tgz. Extracting by manifest.
4653 silly tarball no local data for @typescript-eslint/tsconfig-utils@https://registry.npmjs.org/@typescript-eslint/tsconfig-utils/-/tsconfig-utils-8.67.0.tgz. Extracting by manifest.
4654 silly tarball no local data for typescript-eslint@https://registry.npmjs.org/typescript-eslint/-/typescript-eslint-8.67.0.tgz. Extracting by manifest.
4655 silly tarball no local data for ts-node@https://registry.npmjs.org/ts-node/-/ts-node-10.9.2.tgz. Extracting by manifest.
4656 silly tarball no local data for webpack@https://registry.npmjs.org/webpack/-/webpack-5.109.2.tgz. Extracting by manifest.
4657 silly tarball no local data for ts-loader@https://registry.npmjs.org/ts-loader/-/ts-loader-9.6.2.tgz. Extracting by manifest.
4658 silly tarball no local data for ts-jest@https://registry.npmjs.org/ts-jest/-/ts-jest-29.4.12.tgz. Extracting by manifest.
4659 silly tarball no local data for supertest@https://registry.npmjs.org/supertest/-/supertest-7.2.2.tgz. Extracting by manifest.
4660 silly tarball no local data for jest@https://registry.npmjs.org/jest/-/jest-30.4.2.tgz. Extracting by manifest.
4661 silly tarball no local data for globals@https://registry.npmjs.org/globals/-/globals-17.11.0.tgz. Extracting by manifest.
4662 silly tarball no local data for prettier@https://registry.npmjs.org/prettier/-/prettier-3.9.6.tgz. Extracting by manifest.
4663 silly tarball no local data for eslint-plugin-prettier@https://registry.npmjs.org/eslint-plugin-prettier/-/eslint-plugin-prettier-5.5.6.tgz. Extracting by manifest.
4664 silly tarball no local data for eslint-config-prettier@https://registry.npmjs.org/eslint-config-prettier/-/eslint-config-prettier-10.1.8.tgz. Extracting by manifest.
4665 silly tarball no local data for eslint@https://registry.npmjs.org/eslint/-/eslint-9.39.5.tgz. Extracting by manifest.
4666 silly tarball no local data for @types/supertest@https://registry.npmjs.org/@types/supertest/-/supertest-7.2.1.tgz. Extracting by manifest.
4667 silly tarball no local data for @types/jest@https://registry.npmjs.org/@types/jest/-/jest-30.0.0.tgz. Extracting by manifest.
4668 silly tarball no local data for @types/express@https://registry.npmjs.org/@types/express/-/express-5.0.6.tgz. Extracting by manifest.
4669 silly tarball no local data for @nestjs/testing@https://registry.npmjs.org/@nestjs/testing/-/testing-11.1.29.tgz. Extracting by manifest.
4670 silly tarball no local data for @nestjs/platform-express@https://registry.npmjs.org/@nestjs/platform-express/-/platform-express-11.1.29.tgz. Extracting by manifest.
4671 silly tarball no local data for @nestjs/core@https://registry.npmjs.org/@nestjs/core/-/core-11.1.29.tgz. Extracting by manifest.
4672 silly tarball no local data for reflect-metadata@https://registry.npmjs.org/reflect-metadata/-/reflect-metadata-0.2.2.tgz. Extracting by manifest.
4673 silly tarball no local data for rxjs@https://registry.npmjs.org/rxjs/-/rxjs-7.8.2.tgz. Extracting by manifest.
4674 silly tarball no local data for @nestjs/common@https://registry.npmjs.org/@nestjs/common/-/common-11.1.29.tgz. Extracting by manifest.
4675 http fetch POST 200 https://registry.npmjs.org/-/npm/v1/security/advisories/bulk 1515ms
4676 silly audit report {}
4677 silly tarball no local data for @eslint/eslintrc@https://registry.npmjs.org/@eslint/eslintrc/-/eslintrc-3.3.6.tgz. Extracting by manifest.
4678 silly tarball no local data for @eslint/js@https://registry.npmjs.org/@eslint/js/-/js-9.39.5.tgz. Extracting by manifest.
4679 silly tarball no local data for ansi-styles@https://registry.npmjs.org/ansi-styles/-/ansi-styles-6.2.3.tgz. Extracting by manifest.
4680 silly tarball no local data for emoji-regex@https://registry.npmjs.org/emoji-regex/-/emoji-regex-9.2.2.tgz. Extracting by manifest.
4681 silly tarball no local data for wrap-ansi@https://registry.npmjs.org/wrap-ansi/-/wrap-ansi-8.1.0.tgz. Extracting by manifest.
4682 silly tarball no local data for string-width@https://registry.npmjs.org/string-width/-/string-width-5.1.2.tgz. Extracting by manifest.
4683 silly tarball no local data for wrap-ansi@https://registry.npmjs.org/wrap-ansi/-/wrap-ansi-7.0.0.tgz. Extracting by manifest.
4684 silly tarball no local data for eslint-visitor-keys@https://registry.npmjs.org/eslint-visitor-keys/-/eslint-visitor-keys-5.0.1.tgz. Extracting by manifest.
4685 silly tarball no local data for ignore@https://registry.npmjs.org/ignore/-/ignore-7.0.6.tgz. Extracting by manifest.
4686 silly tarball no local data for @jridgewell/trace-mapping@https://registry.npmjs.org/@jridgewell/trace-mapping/-/trace-mapping-0.3.9.tgz. Extracting by manifest.
4687 silly tarball no local data for resolve-from@https://registry.npmjs.org/resolve-from/-/resolve-from-5.0.0.tgz. Extracting by manifest.
4688 silly tarball no local data for escape-string-regexp@https://registry.npmjs.org/escape-string-regexp/-/escape-string-regexp-2.0.0.tgz. Extracting by manifest.
4689 silly tarball no local data for p-locate@https://registry.npmjs.org/p-locate/-/p-locate-4.1.0.tgz. Extracting by manifest.
4690 silly tarball no local data for locate-path@https://registry.npmjs.org/locate-path/-/locate-path-5.0.0.tgz. Extracting by manifest.
4691 silly tarball no local data for glob@https://registry.npmjs.org/glob/-/glob-7.2.3.tgz. Extracting by manifest.
4692 silly tarball no local data for find-up@https://registry.npmjs.org/find-up/-/find-up-4.1.0.tgz. Extracting by manifest.
4693 silly tarball no local data for p-locate@https://registry.npmjs.org/p-locate/-/p-locate-4.1.0.tgz. Extracting by manifest.
4694 silly tarball no local data for argparse@https://registry.npmjs.org/argparse/-/argparse-1.0.10.tgz. Extracting by manifest.
4695 silly tarball no local data for locate-path@https://registry.npmjs.org/locate-path/-/locate-path-5.0.0.tgz. Extracting by manifest.
4696 silly tarball no local data for find-up@https://registry.npmjs.org/find-up/-/find-up-4.1.0.tgz. Extracting by manifest.
4697 silly tarball no local data for resolve-from@https://registry.npmjs.org/resolve-from/-/resolve-from-5.0.0.tgz. Extracting by manifest.
4698 silly tarball no local data for js-yaml@https://registry.npmjs.org/js-yaml/-/js-yaml-3.15.1.tgz. Extracting by manifest.
4699 silly tarball no local data for path-scurry@https://registry.npmjs.org/path-scurry/-/path-scurry-1.11.1.tgz. Extracting by manifest.
4700 silly tarball no local data for camelcase@https://registry.npmjs.org/camelcase/-/camelcase-6.3.0.tgz. Extracting by manifest.
4701 silly tarball no local data for brace-expansion@https://registry.npmjs.org/brace-expansion/-/brace-expansion-2.1.4.tgz. Extracting by manifest.
4702 silly tarball no local data for minimatch@https://registry.npmjs.org/minimatch/-/minimatch-9.0.9.tgz. Extracting by manifest.
4703 silly tarball no local data for glob@https://registry.npmjs.org/glob/-/glob-10.5.0.tgz. Extracting by manifest.
4704 silly tarball no local data for source-map-support@https://registry.npmjs.org/source-map-support/-/source-map-support-0.5.13.tgz. Extracting by manifest.
4705 silly tarball no local data for brace-expansion@https://registry.npmjs.org/brace-expansion/-/brace-expansion-2.1.4.tgz. Extracting by manifest.
4706 silly tarball no local data for lru-cache@https://registry.npmjs.org/lru-cache/-/lru-cache-10.4.3.tgz. Extracting by manifest.
4707 silly tarball no local data for minimatch@https://registry.npmjs.org/minimatch/-/minimatch-9.0.9.tgz. Extracting by manifest.
4708 silly tarball no local data for path-scurry@https://registry.npmjs.org/path-scurry/-/path-scurry-1.11.1.tgz. Extracting by manifest.
4709 silly tarball no local data for glob@https://registry.npmjs.org/glob/-/glob-10.5.0.tgz. Extracting by manifest.
4710 silly tarball no local data for lru-cache@https://registry.npmjs.org/lru-cache/-/lru-cache-10.4.3.tgz. Extracting by manifest.
4711 silly tarball no local data for brace-expansion@https://registry.npmjs.org/brace-expansion/-/brace-expansion-2.1.4.tgz. Extracting by manifest.
4712 silly tarball no local data for path-scurry@https://registry.npmjs.org/path-scurry/-/path-scurry-1.11.1.tgz. Extracting by manifest.
4713 silly tarball no local data for minimatch@https://registry.npmjs.org/minimatch/-/minimatch-9.0.9.tgz. Extracting by manifest.
4714 silly tarball no local data for glob@https://registry.npmjs.org/glob/-/glob-10.5.0.tgz. Extracting by manifest.
4715 silly tarball no local data for eslint-visitor-keys@https://registry.npmjs.org/eslint-visitor-keys/-/eslint-visitor-keys-3.4.3.tgz. Extracting by manifest.
4716 silly tarball no local data for mime-types@https://registry.npmjs.org/mime-types/-/mime-types-2.1.35.tgz. Extracting by manifest.
4717 silly tarball no local data for ansi-styles@https://registry.npmjs.org/ansi-styles/-/ansi-styles-5.2.0.tgz. Extracting by manifest.
4718 silly tarball no local data for mime-db@https://registry.npmjs.org/mime-db/-/mime-db-1.52.0.tgz. Extracting by manifest.
4719 silly tarball no local data for mime-types@https://registry.npmjs.org/mime-types/-/mime-types-2.1.35.tgz. Extracting by manifest.
4720 silly tarball no local data for mime-db@https://registry.npmjs.org/mime-db/-/mime-db-1.52.0.tgz. Extracting by manifest.
4721 silly tarball no local data for media-typer@https://registry.npmjs.org/media-typer/-/media-typer-0.3.0.tgz. Extracting by manifest.
4722 silly tarball no local data for type-is@https://registry.npmjs.org/type-is/-/type-is-1.6.18.tgz. Extracting by manifest.
4723 silly tarball no local data for type-fest@https://registry.npmjs.org/type-fest/-/type-fest-4.41.0.tgz. Extracting by manifest.
4724 silly tarball no local data for globals@https://registry.npmjs.org/globals/-/globals-14.0.0.tgz. Extracting by manifest.
4725 silly tarball no local data for espree@https://registry.npmjs.org/espree/-/espree-10.4.0.tgz. Extracting by manifest.
4726 silly tarball no local data for lru-cache@https://registry.npmjs.org/lru-cache/-/lru-cache-10.4.3.tgz. Extracting by manifest.
4727 http fetch GET 200 https://registry.npmjs.org/path-is-absolute/-/path-is-absolute-1.0.1.tgz 5084ms (cache miss)
4728 http fetch GET 200 https://registry.npmjs.org/inflight/-/inflight-1.0.6.tgz 5088ms (cache miss)
4729 http fetch GET 200 https://registry.npmjs.org/tmpl/-/tmpl-1.0.5.tgz 5255ms (cache miss)
4730 http fetch GET 200 https://registry.npmjs.org/fs.realpath/-/fs.realpath-1.0.0.tgz 5305ms (cache miss)
4731 warn deprecated inflight@1.0.6: This module is not supported, and leaks memory. Do not use it. Check out lru-cache if you want a good and tested way to coalesce async requests by a key value, which is much more comprehensive and powerful.
4732 http fetch GET 200 https://registry.npmjs.org/makeerror/-/makeerror-1.0.12.tgz 5628ms (cache miss)
4733 http fetch GET 200 https://registry.npmjs.org/@lukeed/csprng/-/csprng-1.1.0.tgz 5895ms (cache miss)
4734 http fetch GET 200 https://registry.npmjs.org/@typescript-eslint/visitor-keys/-/visitor-keys-8.67.0.tgz 6092ms (cache miss)
4735 http fetch GET 200 https://registry.npmjs.org/create-require/-/create-require-1.1.1.tgz 6558ms (cache miss)
4736 http fetch GET 200 https://registry.npmjs.org/@tsconfig/node10/-/node10-1.0.12.tgz 6599ms (cache miss)
4737 http fetch GET 200 https://registry.npmjs.org/eastasianwidth/-/eastasianwidth-0.2.0.tgz 6678ms (cache miss)
4738 http fetch GET 200 https://registry.npmjs.org/dezalgo/-/dezalgo-1.0.4.tgz 6625ms (cache miss)
4739 http fetch GET 200 https://registry.npmjs.org/@pkgr/core/-/core-0.3.6.tgz 6817ms (cache miss)
4740 http fetch GET 200 https://registry.npmjs.org/component-emitter/-/component-emitter-1.3.1.tgz 6813ms (cache miss)
4741 http fetch GET 200 https://registry.npmjs.org/react-is/-/react-is-18.3.1.tgz 6809ms (cache miss)
4742 http fetch GET 200 https://registry.npmjs.org/@tsconfig/node14/-/node14-1.0.3.tgz 6929ms (cache miss)
4743 http fetch GET 200 https://registry.npmjs.org/@tsconfig/node12/-/node12-1.0.11.tgz 6929ms (cache miss)
4744 http fetch GET 200 https://registry.npmjs.org/lodash.memoize/-/lodash.memoize-4.1.2.tgz 6955ms (cache miss)
4745 http fetch GET 200 https://registry.npmjs.org/methods/-/methods-1.1.2.tgz 7106ms (cache miss)
4746 http fetch GET 200 https://registry.npmjs.org/@tokenizer/token/-/token-0.3.0.tgz 7110ms (cache miss)
4747 http fetch GET 200 https://registry.npmjs.org/react-is/-/react-is-19.2.8.tgz 7107ms (cache miss)
4748 http fetch GET 200 https://registry.npmjs.org/concat-stream/-/concat-stream-2.0.0.tgz 7438ms (cache miss)
4749 http fetch GET 200 https://registry.npmjs.org/@tsconfig/node16/-/node16-1.0.4.tgz 7555ms (cache miss)
4750 http fetch GET 200 https://registry.npmjs.org/cookiejar/-/cookiejar-2.1.4.tgz 7803ms (cache miss)
4751 http fetch GET 200 https://registry.npmjs.org/append-field/-/append-field-1.0.0.tgz 7760ms (cache miss)
4752 http fetch GET 200 https://registry.npmjs.org/p-locate/-/p-locate-5.0.0.tgz 7754ms (cache miss)
4753 http fetch GET 200 https://registry.npmjs.org/@jest/snapshot-utils/-/snapshot-utils-30.4.1.tgz 7749ms (cache miss)
4754 http fetch GET 200 https://registry.npmjs.org/leven/-/leven-3.1.0.tgz 7837ms (cache miss)
4755 http fetch GET 200 https://registry.npmjs.org/@jest/globals/-/globals-30.4.1.tgz 7831ms (cache miss)
4756 http fetch GET 200 https://registry.npmjs.org/jest-leak-detector/-/jest-leak-detector-30.4.1.tgz 7834ms (cache miss)
4757 http fetch GET 200 https://registry.npmjs.org/emittery/-/emittery-0.13.1.tgz 7831ms (cache miss)
4758 http fetch GET 200 https://registry.npmjs.org/@types/stack-utils/-/stack-utils-2.0.3.tgz 7831ms (cache miss)
4759 http fetch GET 200 https://registry.npmjs.org/@jest/diff-sequences/-/diff-sequences-30.4.0.tgz 7830ms (cache miss)
4760 http fetch GET 200 https://registry.npmjs.org/node-int64/-/node-int64-0.4.0.tgz 7829ms (cache miss)
4761 http fetch GET 200 https://registry.npmjs.org/jest-pnp-resolver/-/jest-pnp-resolver-1.2.3.tgz 7834ms (cache miss)
4762 http fetch GET 200 https://registry.npmjs.org/@jest/source-map/-/source-map-30.0.1.tgz 7872ms (cache miss)
4763 http fetch GET 200 https://registry.npmjs.org/char-regex/-/char-regex-1.0.2.tgz 7981ms (cache miss)
4764 http fetch GET 200 https://registry.npmjs.org/yocto-queue/-/yocto-queue-0.1.0.tgz 7966ms (cache miss)
4765 http fetch GET 200 https://registry.npmjs.org/json-buffer/-/json-buffer-3.0.1.tgz 7934ms (cache miss)
4766 http fetch GET 200 https://registry.npmjs.org/walker/-/walker-1.0.8.tgz 7950ms (cache miss)
4767 http fetch GET 200 https://registry.npmjs.org/fb-watchman/-/fb-watchman-2.0.2.tgz 7951ms (cache miss)
4768 http fetch GET 200 https://registry.npmjs.org/@sinonjs/commons/-/commons-3.0.1.tgz 7946ms (cache miss)
4769 http fetch GET 200 https://registry.npmjs.org/normalize-path/-/normalize-path-3.0.0.tgz 7957ms (cache miss)
4770 http fetch GET 200 https://registry.npmjs.org/fast-levenshtein/-/fast-levenshtein-2.0.6.tgz 8158ms (cache miss)
4771 http fetch GET 200 https://registry.npmjs.org/wrap-ansi/-/wrap-ansi-7.0.0.tgz 8335ms (cache miss)
4772 http fetch GET 200 https://registry.npmjs.org/stack-utils/-/stack-utils-2.0.6.tgz 8176ms (cache miss)
4773 http fetch GET 200 https://registry.npmjs.org/@babel/plugin-syntax-top-level-await/-/plugin-syntax-top-level-await-7.14.5.tgz 8362ms (cache miss)
4774 http fetch GET 200 https://registry.npmjs.org/@babel/plugin-syntax-private-property-in-object/-/plugin-syntax-private-property-in-object-7.14.5.tgz 8360ms (cache miss)
4775 http fetch GET 200 https://registry.npmjs.org/jest-each/-/jest-each-30.4.1.tgz 8370ms (cache miss)
4776 http fetch GET 200 https://registry.npmjs.org/@jest/environment/-/environment-30.4.1.tgz 8367ms (cache miss)
4777 http fetch GET 200 https://registry.npmjs.org/@babel/plugin-syntax-numeric-separator/-/plugin-syntax-numeric-separator-7.10.4.tgz 8359ms (cache miss)
4778 http fetch GET 200 https://registry.npmjs.org/@babel/plugin-syntax-optional-chaining/-/plugin-syntax-optional-chaining-7.8.3.tgz 8365ms (cache miss)
4779 http fetch GET 200 https://registry.npmjs.org/@babel/plugin-syntax-object-rest-spread/-/plugin-syntax-object-rest-spread-7.8.3.tgz 8362ms (cache miss)
4780 http fetch GET 200 https://registry.npmjs.org/@babel/plugin-syntax-nullish-coalescing-operator/-/plugin-syntax-nullish-coalescing-operator-7.8.3.tgz 8361ms (cache miss)
4781 http fetch GET 200 https://registry.npmjs.org/arg/-/arg-4.1.3.tgz 8548ms (cache miss)
4782 http fetch GET 200 https://registry.npmjs.org/word-wrap/-/word-wrap-1.2.5.tgz 8528ms (cache miss)
4783 http fetch GET 200 https://registry.npmjs.org/is-generator-fn/-/is-generator-fn-2.1.0.tgz 8590ms (cache miss)
4784 http fetch GET 200 https://registry.npmjs.org/@babel/plugin-syntax-optional-catch-binding/-/plugin-syntax-optional-catch-binding-7.8.3.tgz 8581ms (cache miss)
4785 http fetch GET 200 https://registry.npmjs.org/@babel/plugin-syntax-logical-assignment-operators/-/plugin-syntax-logical-assignment-operators-7.10.4.tgz 8578ms (cache miss)
4786 http fetch GET 200 https://registry.npmjs.org/@borewit/text-codec/-/text-codec-0.2.2.tgz 8725ms (cache miss)
4787 http fetch GET 200 https://registry.npmjs.org/@babel/plugin-syntax-import-attributes/-/plugin-syntax-import-attributes-7.29.7.tgz 8607ms (cache miss)
4788 http fetch GET 200 https://registry.npmjs.org/@babel/plugin-syntax-json-strings/-/plugin-syntax-json-strings-7.8.3.tgz 8612ms (cache miss)
4789 http fetch GET 200 https://registry.npmjs.org/get-caller-file/-/get-caller-file-2.0.5.tgz 8835ms (cache miss)
4790 http fetch GET 200 https://registry.npmjs.org/yn/-/yn-3.1.1.tgz 8801ms (cache miss)
4791 http fetch GET 200 https://registry.npmjs.org/v8-compile-cache-lib/-/v8-compile-cache-lib-3.0.1.tgz 8846ms (cache miss)
4792 http fetch GET 200 https://registry.npmjs.org/fast-diff/-/fast-diff-1.3.0.tgz 8828ms (cache miss)
4793 http fetch GET 200 https://registry.npmjs.org/make-error/-/make-error-1.3.6.tgz 8886ms (cache miss)
4794 http fetch GET 200 https://registry.npmjs.org/babel-preset-current-node-syntax/-/babel-preset-current-node-syntax-1.2.0.tgz 8886ms (cache miss)
4795 http fetch GET 200 https://registry.npmjs.org/@babel/plugin-syntax-bigint/-/plugin-syntax-bigint-7.8.3.tgz 8893ms (cache miss)
4796 http fetch GET 200 https://registry.npmjs.org/@babel/plugin-syntax-async-generators/-/plugin-syntax-async-generators-7.8.4.tgz 8894ms (cache miss)
4797 http fetch GET 200 https://registry.npmjs.org/@babel/plugin-syntax-class-properties/-/plugin-syntax-class-properties-7.12.13.tgz 8899ms (cache miss)
4798 http fetch GET 200 https://registry.npmjs.org/@babel/plugin-syntax-class-static-block/-/plugin-syntax-class-static-block-7.14.5.tgz 8901ms (cache miss)
4799 http fetch GET 200 https://registry.npmjs.org/@babel/plugin-syntax-import-meta/-/plugin-syntax-import-meta-7.10.4.tgz 8904ms (cache miss)
4800 http fetch GET 200 https://registry.npmjs.org/babel-plugin-jest-hoist/-/babel-plugin-jest-hoist-30.4.0.tgz 8897ms (cache miss)
4801 http fetch GET 200 https://registry.npmjs.org/babel-preset-jest/-/babel-preset-jest-30.4.0.tgz 8895ms (cache miss)
4802 http fetch GET 200 https://registry.npmjs.org/@types/babel__core/-/babel__core-7.20.5.tgz 8931ms (cache miss)
4803 http fetch GET 200 https://registry.npmjs.org/bser/-/bser-2.1.1.tgz 9022ms (cache miss)
4804 http fetch GET 200 https://registry.npmjs.org/anymatch/-/anymatch-3.1.3.tgz 9040ms (cache miss)
4805 http fetch GET 200 https://registry.npmjs.org/p-limit/-/p-limit-3.1.0.tgz 9084ms (cache miss)
4806 http fetch GET 200 https://registry.npmjs.org/resolve-cwd/-/resolve-cwd-3.0.0.tgz 9081ms (cache miss)
4807 http fetch GET 200 https://registry.npmjs.org/pkg-dir/-/pkg-dir-4.2.0.tgz 9081ms (cache miss)
4808 http fetch GET 200 https://registry.npmjs.org/html-escaper/-/html-escaper-2.0.2.tgz 9085ms (cache miss)
4809 http fetch GET 200 https://registry.npmjs.org/package-json-from-dist/-/package-json-from-dist-1.0.1.tgz 9086ms (cache miss)
4810 http fetch GET 200 https://registry.npmjs.org/@types/babel__template/-/babel__template-7.4.4.tgz 9116ms (cache miss)
4811 http fetch GET 200 https://registry.npmjs.org/strip-bom/-/strip-bom-4.0.0.tgz 9368ms (cache miss)
4812 http fetch GET 200 https://registry.npmjs.org/co/-/co-4.6.0.tgz 9480ms (cache miss)
4813 http fetch GET 200 https://registry.npmjs.org/jest-environment-node/-/jest-environment-node-30.4.1.tgz 9465ms (cache miss)
4814 http fetch GET 200 https://registry.npmjs.org/camelcase/-/camelcase-5.3.1.tgz 9465ms (cache miss)
4815 http fetch GET 200 https://registry.npmjs.org/detect-newline/-/detect-newline-3.1.0.tgz 9746ms (cache miss)
4816 http fetch GET 200 https://registry.npmjs.org/@types/babel__generator/-/babel__generator-7.27.0.tgz 9714ms (cache miss)
4817 http fetch GET 200 https://registry.npmjs.org/@types/istanbul-reports/-/istanbul-reports-3.0.4.tgz 9684ms (cache miss)
4818 http fetch GET 200 https://registry.npmjs.org/@types/yargs-parser/-/yargs-parser-21.0.3.tgz 9704ms (cache miss)
4819 http fetch GET 200 https://registry.npmjs.org/babel-plugin-istanbul/-/babel-plugin-istanbul-7.0.1.tgz 9692ms (cache miss)
4820 http fetch GET 200 https://registry.npmjs.org/@types/istanbul-lib-coverage/-/istanbul-lib-coverage-2.0.6.tgz 9692ms (cache miss)
4821 http fetch GET 200 https://registry.npmjs.org/get-package-type/-/get-package-type-0.1.0.tgz 9755ms (cache miss)
4822 http fetch GET 200 https://registry.npmjs.org/@types/babel__traverse/-/babel__traverse-7.28.0.tgz 10061ms (cache miss)
4823 http fetch GET 200 https://registry.npmjs.org/write-file-atomic/-/write-file-atomic-5.0.1.tgz 10025ms (cache miss)
4824 http fetch GET 200 https://registry.npmjs.org/pirates/-/pirates-4.0.7.tgz 10029ms (cache miss)
4825 http fetch GET 200 https://registry.npmjs.org/string-length/-/string-length-4.0.2.tgz 10026ms (cache miss)
4826 http fetch GET 200 https://registry.npmjs.org/@types/istanbul-lib-report/-/istanbul-lib-report-3.0.3.tgz 10042ms (cache miss)
4827 http fetch GET 200 https://registry.npmjs.org/collect-v8-coverage/-/collect-v8-coverage-1.0.3.tgz 10007ms (cache miss)
4828 http fetch GET 200 https://registry.npmjs.org/type-detect/-/type-detect-4.0.8.tgz 10416ms (cache miss)
4829 http fetch GET 200 https://registry.npmjs.org/jest-runner/-/jest-runner-30.4.2.tgz 10376ms (cache miss)
4830 http fetch GET 200 https://registry.npmjs.org/jest-resolve-dependencies/-/jest-resolve-dependencies-30.4.2.tgz 10376ms (cache miss)
4831 http fetch GET 200 https://registry.npmjs.org/jest-regex-util/-/jest-regex-util-30.4.0.tgz 10377ms (cache miss)
4832 http fetch GET 200 https://registry.npmjs.org/slash/-/slash-3.0.0.tgz 10393ms (cache miss)
4833 http fetch GET 200 https://registry.npmjs.org/require-directory/-/require-directory-2.1.1.tgz 10694ms (cache miss)
4834 http fetch GET 200 https://registry.npmjs.org/@jest/fake-timers/-/fake-timers-30.4.1.tgz 10652ms (cache miss)
4835 http fetch GET 200 https://registry.npmjs.org/ansi-escapes/-/ansi-escapes-4.3.2.tgz 10567ms (cache miss)
4836 http fetch GET 200 https://registry.npmjs.org/ci-info/-/ci-info-4.4.0.tgz 10568ms (cache miss)
4837 http fetch GET 200 https://registry.npmjs.org/@jest/test-result/-/test-result-30.4.1.tgz 10572ms (cache miss)
4838 http fetch GET 200 https://registry.npmjs.org/import-local/-/import-local-3.2.0.tgz 10572ms (cache miss)
4839 http fetch GET 200 https://registry.npmjs.org/unrs-resolver/-/unrs-resolver-1.12.2.tgz 10810ms (cache miss)
4840 http fetch GET 200 https://registry.npmjs.org/jest-changed-files/-/jest-changed-files-30.4.1.tgz 10691ms (cache miss)
4841 http fetch GET 200 https://registry.npmjs.org/delayed-stream/-/delayed-stream-1.0.0.tgz 10676ms (cache miss)
4842 http fetch GET 200 https://registry.npmjs.org/@jest/console/-/console-30.4.1.tgz 10685ms (cache miss)
4843 http fetch GET 200 https://registry.npmjs.org/@jest/types/-/types-30.4.1.tgz 10683ms (cache miss)
4844 http fetch GET 200 https://registry.npmjs.org/es-set-tostringtag/-/es-set-tostringtag-2.1.0.tgz 10678ms (cache miss)
4845 http fetch GET 200 https://registry.npmjs.org/asynckit/-/asynckit-0.4.0.tgz 10678ms (cache miss)
4846 http fetch GET 200 https://registry.npmjs.org/path-exists/-/path-exists-4.0.0.tgz 10925ms (cache miss)
4847 http fetch GET 200 https://registry.npmjs.org/token-types/-/token-types-6.1.2.tgz 10937ms (cache miss)
4848 http fetch GET 200 https://registry.npmjs.org/jest-message-util/-/jest-message-util-30.4.1.tgz 10928ms (cache miss)
4849 http fetch GET 200 https://registry.npmjs.org/locate-path/-/locate-path-6.0.0.tgz 11181ms (cache miss)
4850 http fetch GET 200 https://registry.npmjs.org/jest-cli/-/jest-cli-30.4.2.tgz 11789ms (cache miss)
4851 http fetch GET 200 https://registry.npmjs.org/acorn-jsx/-/acorn-jsx-5.3.2.tgz 11818ms (cache miss)
4852 http fetch GET 200 https://registry.npmjs.org/@humanfs/types/-/types-0.15.0.tgz 11815ms (cache miss)
4853 http fetch GET 200 https://registry.npmjs.org/@jest/expect-utils/-/expect-utils-30.4.1.tgz 11823ms (cache miss)
4854 http fetch GET 200 https://registry.npmjs.org/levn/-/levn-0.4.1.tgz 11816ms (cache miss)
4855 http fetch GET 200 https://registry.npmjs.org/@tokenizer/inflate/-/inflate-0.4.1.tgz 12080ms (cache miss)
4856 http fetch GET 200 https://registry.npmjs.org/prettier-linter-helpers/-/prettier-linter-helpers-1.0.1.tgz 12170ms (cache miss)
4857 http fetch GET 200 https://registry.npmjs.org/@isaacs/cliui/-/cliui-8.0.2.tgz 12741ms (cache miss)
4858 http fetch GET 200 https://registry.npmjs.org/@jest/expect/-/expect-30.4.1.tgz 13224ms (cache miss)
4859 http fetch GET 200 https://registry.npmjs.org/@istanbuljs/load-nyc-config/-/load-nyc-config-1.1.0.tgz 13176ms (cache miss)
4860 http fetch GET 200 https://registry.npmjs.org/@jest/test-sequencer/-/test-sequencer-30.4.1.tgz 13317ms (cache miss)
4861 http fetch GET 200 https://registry.npmjs.org/@humanfs/core/-/core-0.19.2.tgz 13205ms (cache miss)
4862 http fetch GET 200 https://registry.npmjs.org/natural-compare/-/natural-compare-1.4.0.tgz 13199ms (cache miss)
4863 http fetch GET 200 https://registry.npmjs.org/@jest/get-type/-/get-type-30.1.0.tgz 13217ms (cache miss)
4864 http fetch GET 200 https://registry.npmjs.org/glob-parent/-/glob-parent-6.0.2.tgz 13215ms (cache miss)
4865 http fetch GET 200 https://registry.npmjs.org/find-up/-/find-up-5.0.0.tgz 13258ms (cache miss)
4866 http fetch GET 200 https://registry.npmjs.org/@typescript-eslint/parser/-/parser-8.67.0.tgz 13562ms (cache miss)
4867 http fetch GET 200 https://registry.npmjs.org/@paralleldrive/cuid2/-/cuid2-2.3.1.tgz 13628ms (cache miss)
4868 http fetch GET 200 https://registry.npmjs.org/imurmurhash/-/imurmurhash-0.1.4.tgz 14191ms (cache miss)
4869 http fetch GET 200 https://registry.npmjs.org/file-entry-cache/-/file-entry-cache-8.0.0.tgz 14192ms (cache miss)
4870 http fetch GET 200 https://registry.npmjs.org/escape-string-regexp/-/escape-string-regexp-4.0.0.tgz 14187ms (cache miss)
4871 http fetch GET 200 https://registry.npmjs.org/eslint-visitor-keys/-/eslint-visitor-keys-4.2.1.tgz 14265ms (cache miss)
4872 http fetch GET 200 https://registry.npmjs.org/@sinonjs/fake-timers/-/fake-timers-15.4.0.tgz 14524ms (cache miss)
4873 http fetch GET 200 https://registry.npmjs.org/pretty-format/-/pretty-format-30.4.1.tgz 14331ms (cache miss)
4874 http fetch GET 200 https://registry.npmjs.org/@types/http-errors/-/http-errors-2.0.5.tgz 14333ms (cache miss)
4875 http fetch GET 200 https://registry.npmjs.org/@types/methods/-/methods-1.1.4.tgz 14336ms (cache miss)
4876 http fetch GET 200 https://registry.npmjs.org/@types/send/-/send-1.2.1.tgz 14332ms (cache miss)
4877 http fetch GET 200 https://registry.npmjs.org/@types/qs/-/qs-6.15.1.tgz 14331ms (cache miss)
4878 http fetch GET 200 https://registry.npmjs.org/keyv/-/keyv-4.5.4.tgz 14399ms (cache miss)
4879 http fetch GET 200 https://registry.npmjs.org/@types/cookiejar/-/cookiejar-2.1.5.tgz 14347ms (cache miss)
4880 http fetch GET 200 https://registry.npmjs.org/@types/connect/-/connect-3.4.38.tgz 14396ms (cache miss)
4881 http fetch GET 200 https://registry.npmjs.org/@types/body-parser/-/body-parser-1.19.6.tgz 14395ms (cache miss)
4882 http fetch GET 200 https://registry.npmjs.org/iterare/-/iterare-1.2.1.tgz 14387ms (cache miss)
4883 http fetch GET 200 https://registry.npmjs.org/load-esm/-/load-esm-1.0.3.tgz 14392ms (cache miss)
4884 http fetch GET 200 https://registry.npmjs.org/strip-json-comments/-/strip-json-comments-3.1.1.tgz 14393ms (cache miss)
4885 http fetch GET 200 https://registry.npmjs.org/@types/serve-static/-/serve-static-2.2.0.tgz 14425ms (cache miss)
4886 http fetch GET 200 https://registry.npmjs.org/@typescript-eslint/tsconfig-utils/-/tsconfig-utils-8.67.0.tgz 14412ms (cache miss)
4887 http fetch GET 200 https://registry.npmjs.org/babel-jest/-/babel-jest-30.4.1.tgz 14614ms (cache miss)
4888 http fetch GET 200 https://registry.npmjs.org/combined-stream/-/combined-stream-1.0.8.tgz 14532ms (cache miss)
4889 http fetch GET 200 https://registry.npmjs.org/lodash.merge/-/lodash.merge-4.6.2.tgz 14501ms (cache miss)
4890 http fetch GET 200 https://registry.npmjs.org/uint8array-extras/-/uint8array-extras-1.5.0.tgz 14551ms (cache miss)
4891 http fetch GET 200 https://registry.npmjs.org/uid/-/uid-2.0.2.tgz 14564ms (cache miss)
4892 http fetch GET 200 https://registry.npmjs.org/@types/range-parser/-/range-parser-1.2.7.tgz 14587ms (cache miss)
4893 http fetch GET 200 https://registry.npmjs.org/jest-docblock/-/jest-docblock-30.4.0.tgz 14753ms (cache miss)
4894 http fetch GET 200 https://registry.npmjs.org/jest-watcher/-/jest-watcher-30.4.1.tgz 14692ms (cache miss)
4895 http fetch GET 200 https://registry.npmjs.org/@istanbuljs/schema/-/schema-0.1.6.tgz 14739ms (cache miss)
4896 http fetch GET 200 https://registry.npmjs.org/jest/-/jest-30.4.2.tgz 14666ms (cache miss)
4897 http fetch GET 200 https://registry.npmjs.org/@types/express/-/express-5.0.6.tgz 14659ms (cache miss)
4898 http fetch GET 200 https://registry.npmjs.org/@types/express-serve-static-core/-/express-serve-static-core-5.1.3.tgz 14692ms (cache miss)
4899 http fetch GET 200 https://registry.npmjs.org/@types/supertest/-/supertest-7.2.1.tgz 14973ms (cache miss)
4900 http fetch GET 200 https://registry.npmjs.org/typedarray/-/typedarray-0.0.6.tgz 15306ms (cache miss)
4901 http fetch GET 200 https://registry.npmjs.org/@eslint/js/-/js-9.39.5.tgz 15020ms (cache miss)
4902 http fetch GET 200 https://registry.npmjs.org/emoji-regex/-/emoji-regex-9.2.2.tgz 15016ms (cache miss)
4903 http fetch GET 200 https://registry.npmjs.org/wrap-ansi/-/wrap-ansi-8.1.0.tgz 15016ms (cache miss)
4904 http fetch GET 200 https://registry.npmjs.org/string-width/-/string-width-5.1.2.tgz 15016ms (cache miss)
4905 http fetch GET 200 https://registry.npmjs.org/make-dir/-/make-dir-4.0.0.tgz 15077ms (cache miss)
4906 http fetch GET 200 https://registry.npmjs.org/asap/-/asap-2.0.6.tgz 15442ms (cache miss)
4907 http fetch GET 200 https://registry.npmjs.org/@nestjs/testing/-/testing-11.1.29.tgz 15123ms (cache miss)
4908 http fetch GET 200 https://registry.npmjs.org/wrap-ansi/-/wrap-ansi-7.0.0.tgz 15112ms (cache miss)
4909 http fetch GET 200 https://registry.npmjs.org/escape-string-regexp/-/escape-string-regexp-2.0.0.tgz 15108ms (cache miss)
4910 http fetch GET 200 https://registry.npmjs.org/p-locate/-/p-locate-4.1.0.tgz 15111ms (cache miss)
4911 http fetch GET 200 https://registry.npmjs.org/resolve-from/-/resolve-from-5.0.0.tgz 15117ms (cache miss)
4912 http fetch GET 200 https://registry.npmjs.org/jest-diff/-/jest-diff-30.4.1.tgz 15389ms (cache miss)
4913 http fetch GET 200 https://registry.npmjs.org/@jest/schemas/-/schemas-30.4.1.tgz 15312ms (cache miss)
4914 http fetch GET 200 https://registry.npmjs.org/jest-validate/-/jest-validate-30.4.1.tgz 15278ms (cache miss)
4915 http fetch GET 200 https://registry.npmjs.org/streamsearch/-/streamsearch-1.1.0.tgz 15450ms (cache miss)
4916 http fetch GET 200 https://registry.npmjs.org/find-up/-/find-up-4.1.0.tgz 15189ms (cache miss)
4917 http fetch GET 200 https://registry.npmjs.org/locate-path/-/locate-path-5.0.0.tgz 15200ms (cache miss)
4918 http fetch GET 200 https://registry.npmjs.org/brace-expansion/-/brace-expansion-2.1.4.tgz 15191ms (cache miss)
4919 http fetch GET 200 https://registry.npmjs.org/camelcase/-/camelcase-6.3.0.tgz 15211ms (cache miss)
4920 http fetch GET 200 https://registry.npmjs.org/@jest/transform/-/transform-30.4.1.tgz 15380ms (cache miss)
4921 http fetch GET 200 https://registry.npmjs.org/jest-resolve/-/jest-resolve-30.4.1.tgz 15394ms (cache miss)
4922 http fetch GET 200 https://registry.npmjs.org/acorn-walk/-/acorn-walk-8.3.5.tgz 15619ms (cache miss)
4923 http fetch GET 200 https://registry.npmjs.org/@typescript-eslint/project-service/-/project-service-8.67.0.tgz 15636ms (cache miss)
4924 http fetch GET 200 https://registry.npmjs.org/ansi-styles/-/ansi-styles-6.2.3.tgz 15265ms (cache miss)
4925 http fetch GET 200 https://registry.npmjs.org/@types/jest/-/jest-30.0.0.tgz 15324ms (cache miss)
4926 http fetch GET 200 https://registry.npmjs.org/jest-config/-/jest-config-30.4.2.tgz 15473ms (cache miss)
4927 http fetch GET 200 https://registry.npmjs.org/wordwrap/-/wordwrap-1.0.0.tgz 15708ms (cache miss)
4928 http fetch GET 200 https://registry.npmjs.org/deep-is/-/deep-is-0.1.4.tgz 15658ms (cache miss)
4929 http fetch GET 200 https://registry.npmjs.org/mime-types/-/mime-types-2.1.35.tgz 15334ms (cache miss)
4930 http fetch GET 200 https://registry.npmjs.org/ansi-styles/-/ansi-styles-5.2.0.tgz 15334ms (cache miss)
4931 http fetch GET 200 https://registry.npmjs.org/type-is/-/type-is-1.6.18.tgz 15333ms (cache miss)
4932 http fetch GET 200 https://registry.npmjs.org/media-typer/-/media-typer-0.3.0.tgz 15440ms (cache miss)
4933 http fetch GET 200 https://registry.npmjs.org/type-check/-/type-check-0.4.0.tgz 15822ms (cache miss)
4934 http fetch GET 200 https://registry.npmjs.org/p-locate/-/p-locate-4.1.0.tgz 15568ms (cache miss)
4935 http fetch GET 200 https://registry.npmjs.org/resolve-from/-/resolve-from-5.0.0.tgz 15567ms (cache miss)
4936 http fetch GET 200 https://registry.npmjs.org/find-up/-/find-up-4.1.0.tgz 15666ms (cache miss)
4937 http fetch GET 200 https://registry.npmjs.org/locate-path/-/locate-path-5.0.0.tgz 15669ms (cache miss)
4938 http fetch GET 200 https://registry.npmjs.org/brace-expansion/-/brace-expansion-2.1.4.tgz 15663ms (cache miss)
4939 http fetch GET 200 https://registry.npmjs.org/brace-expansion/-/brace-expansion-2.1.4.tgz 15670ms (cache miss)
4940 http fetch GET 200 https://registry.npmjs.org/jest-runtime/-/jest-runtime-30.4.2.tgz 15868ms (cache miss)
4941 http fetch GET 200 https://registry.npmjs.org/@types/yargs/-/yargs-17.0.35.tgz 15909ms (cache miss)
4942 http fetch GET 200 https://registry.npmjs.org/jest-matcher-utils/-/jest-matcher-utils-30.4.1.tgz 15829ms (cache miss)
4943 http fetch GET 200 https://registry.npmjs.org/test-exclude/-/test-exclude-6.0.0.tgz 16019ms (cache miss)
4944 http fetch GET 200 https://registry.npmjs.org/jest-util/-/jest-util-30.4.1.tgz 15936ms (cache miss)
4945 http fetch GET 200 https://registry.npmjs.org/cliui/-/cliui-8.0.1.tgz 16254ms (cache miss)
4946 http fetch GET 200 https://registry.npmjs.org/mime-types/-/mime-types-2.1.35.tgz 15881ms (cache miss)
4947 http fetch GET 200 https://registry.npmjs.org/flat-cache/-/flat-cache-4.0.1.tgz 16038ms (cache miss)
4948 http fetch GET 200 https://registry.npmjs.org/jest-mock/-/jest-mock-30.4.1.tgz 16045ms (cache miss)
4949 http fetch GET 200 https://registry.npmjs.org/@eslint/core/-/core-0.17.0.tgz 16077ms (cache miss)
4950 http fetch GET 200 https://registry.npmjs.org/jest-snapshot/-/jest-snapshot-30.4.1.tgz 16176ms (cache miss)
4951 http fetch GET 200 https://registry.npmjs.org/cjs-module-lexer/-/cjs-module-lexer-2.2.0.tgz 16416ms (cache miss)
4952 http fetch GET 200 https://registry.npmjs.org/@jest/core/-/core-30.4.2.tgz 16291ms (cache miss)
4953 http fetch GET 200 https://registry.npmjs.org/ignore/-/ignore-7.0.6.tgz 16171ms (cache miss)
4954 http fetch GET 200 https://registry.npmjs.org/glob/-/glob-7.2.3.tgz 16167ms (cache miss)
4955 http fetch GET 200 https://registry.npmjs.org/y18n/-/y18n-5.0.8.tgz 16590ms (cache miss)
4956 http fetch GET 200 https://registry.npmjs.org/optionator/-/optionator-0.9.4.tgz 16355ms (cache miss)
4957 warn deprecated glob@7.2.3: Old versions of glob are not supported, and contain widely publicized security vulnerabilities, which have been fixed in the current version. Please update. Support for old versions may be purchased (at exorbitant rates) by contacting i@izs.me
4958 http fetch GET 200 https://registry.npmjs.org/jest-haste-map/-/jest-haste-map-30.4.1.tgz 16430ms (cache miss)
4959 http fetch GET 200 https://registry.npmjs.org/esutils/-/esutils-2.0.3.tgz 16365ms (cache miss)
4960 http fetch GET 200 https://registry.npmjs.org/ts-api-utils/-/ts-api-utils-2.5.0.tgz 16666ms (cache miss)
4961 http fetch GET 200 https://registry.npmjs.org/prelude-ls/-/prelude-ls-1.2.1.tgz 16575ms (cache miss)
4962 http fetch GET 200 https://registry.npmjs.org/source-map-support/-/source-map-support-0.5.13.tgz 16340ms (cache miss)
4963 http fetch GET 200 https://registry.npmjs.org/eslint-plugin-prettier/-/eslint-plugin-prettier-5.5.6.tgz 16381ms (cache miss)
4964 http fetch GET 200 https://registry.npmjs.org/expect/-/expect-30.4.1.tgz 16461ms (cache miss)
4965 http fetch GET 200 https://registry.npmjs.org/@cspotcode/source-map-support/-/source-map-support-0.8.1.tgz 16905ms (cache miss)
4966 http fetch GET 200 https://registry.npmjs.org/jest-circus/-/jest-circus-30.4.2.tgz 16800ms (cache miss)
4967 http fetch GET 200 https://registry.npmjs.org/globals/-/globals-14.0.0.tgz 16598ms (cache miss)
4968 http fetch GET 200 https://registry.npmjs.org/@jest/reporters/-/reporters-30.4.1.tgz 16780ms (cache miss)
4969 http fetch GET 200 https://registry.npmjs.org/@humanfs/node/-/node-0.16.8.tgz 16715ms (cache miss)
4970 http fetch GET 200 https://registry.npmjs.org/istanbul-lib-coverage/-/istanbul-lib-coverage-3.2.2.tgz 16910ms (cache miss)
4971 http fetch GET 200 https://registry.npmjs.org/fast-safe-stringify/-/fast-safe-stringify-2.1.1.tgz 16856ms (cache miss)
4972 http fetch GET 200 https://registry.npmjs.org/file-type/-/file-type-21.3.4.tgz 16934ms (cache miss)
4973 http fetch GET 200 https://registry.npmjs.org/mime-db/-/mime-db-1.52.0.tgz 16866ms (cache miss)
4974 http fetch GET 200 https://registry.npmjs.org/jest-worker/-/jest-worker-30.4.1.tgz 17077ms (cache miss)
4975 http fetch GET 200 https://registry.npmjs.org/mime-db/-/mime-db-1.52.0.tgz 16878ms (cache miss)
4976 http fetch GET 200 https://registry.npmjs.org/mime/-/mime-2.6.0.tgz 17365ms (cache miss)
4977 http fetch GET 200 https://registry.npmjs.org/istanbul-lib-instrument/-/istanbul-lib-instrument-6.0.3.tgz 17193ms (cache miss)
4978 http fetch GET 200 https://registry.npmjs.org/supertest/-/supertest-7.2.2.tgz 17129ms (cache miss)
4979 http fetch GET 200 https://registry.npmjs.org/form-data/-/form-data-4.0.6.tgz 17199ms (cache miss)
4980 http fetch GET 200 https://registry.npmjs.org/@humanwhocodes/retry/-/retry-0.4.3.tgz 17323ms (cache miss)
4981 http fetch GET 200 https://registry.npmjs.org/istanbul-lib-source-maps/-/istanbul-lib-source-maps-5.0.6.tgz 17434ms (cache miss)
4982 http fetch GET 200 https://registry.npmjs.org/@humanwhocodes/module-importer/-/module-importer-1.0.1.tgz 17338ms (cache miss)
4983 http fetch GET 200 https://registry.npmjs.org/globals/-/globals-17.11.0.tgz 17443ms (cache miss)
4984 http fetch GET 200 https://registry.npmjs.org/v8-to-istanbul/-/v8-to-istanbul-9.3.0.tgz 17636ms (cache miss)
4985 http fetch GET 200 https://registry.npmjs.org/eslint-config-prettier/-/eslint-config-prettier-10.1.8.tgz 17527ms (cache miss)
4986 http fetch GET 200 https://registry.npmjs.org/eslint-visitor-keys/-/eslint-visitor-keys-5.0.1.tgz 17519ms (cache miss)
4987 http fetch GET 200 https://registry.npmjs.org/eslint-visitor-keys/-/eslint-visitor-keys-3.4.3.tgz 17627ms (cache miss)
4988 http fetch GET 200 https://registry.npmjs.org/@typescript-eslint/types/-/types-8.67.0.tgz 18039ms (cache miss)
4989 http fetch GET 200 https://registry.npmjs.org/multer/-/multer-2.2.0.tgz 17847ms (cache miss)
4990 http fetch GET 200 https://registry.npmjs.org/@jest/pattern/-/pattern-30.4.0.tgz 17941ms (cache miss)
4991 http fetch GET 200 https://registry.npmjs.org/istanbul-lib-report/-/istanbul-lib-report-3.0.1.tgz 18078ms (cache miss)
4992 http fetch GET 200 https://registry.npmjs.org/reflect-metadata/-/reflect-metadata-0.2.2.tgz 18021ms (cache miss)
4993 http fetch GET 200 https://registry.npmjs.org/@eslint-community/regexpp/-/regexpp-4.12.2.tgz 18124ms (cache miss)
4994 http fetch GET 200 https://registry.npmjs.org/@eslint/object-schema/-/object-schema-2.1.7.tgz 18322ms (cache miss)
4995 http fetch GET 200 https://registry.npmjs.org/sprintf-js/-/sprintf-js-1.0.3.tgz 18653ms (cache miss)
4996 http fetch GET 200 https://registry.npmjs.org/espree/-/espree-10.4.0.tgz 18213ms (cache miss)
4997 http fetch GET 200 https://registry.npmjs.org/minimizer-webpack-plugin/-/minimizer-webpack-plugin-5.6.1.tgz 18763ms (cache miss)
4998 http fetch GET 200 https://registry.npmjs.org/@eslint/config-helpers/-/config-helpers-0.4.2.tgz 18503ms (cache miss)
4999 http fetch GET 200 https://registry.npmjs.org/@eslint/plugin-kit/-/plugin-kit-0.4.1.tgz 18545ms (cache miss)
5000 http fetch GET 200 https://registry.npmjs.org/flatted/-/flatted-3.4.4.tgz 18596ms (cache miss)
5001 http fetch GET 200 https://registry.npmjs.org/has-tostringtag/-/has-tostringtag-1.0.2.tgz 18643ms (cache miss)
5002 http fetch GET 200 https://registry.npmjs.org/@eslint-community/eslint-utils/-/eslint-utils-4.10.1.tgz 18582ms (cache miss)
5003 http fetch GET 200 https://registry.npmjs.org/@types/superagent/-/superagent-8.1.11.tgz 18582ms (cache miss)
5004 http fetch GET 200 https://registry.npmjs.org/typescript-eslint/-/typescript-eslint-8.67.0.tgz 18682ms (cache miss)
5005 http fetch GET 200 https://registry.npmjs.org/@ungap/structured-clone/-/structured-clone-1.3.3.tgz 19043ms (cache miss)
5006 http fetch GET 200 https://registry.npmjs.org/@pkgjs/parseargs/-/parseargs-0.11.0.tgz 19287ms (cache miss)
5007 http fetch GET 200 https://registry.npmjs.org/json-stable-stringify-without-jsonify/-/json-stable-stringify-without-jsonify-1.0.1.tgz 18994ms (cache miss)
5008 http fetch GET 200 https://registry.npmjs.org/eslint-scope/-/eslint-scope-8.4.0.tgz 19186ms (cache miss)
5009 http fetch GET 200 https://registry.npmjs.org/busboy/-/busboy-1.6.0.tgz 23259ms (cache miss)
5010 http fetch GET 200 https://registry.npmjs.org/napi-postinstall/-/napi-postinstall-0.3.4.tgz 23390ms (cache miss)
5011 http fetch GET 200 https://registry.npmjs.org/@jridgewell/trace-mapping/-/trace-mapping-0.3.9.tgz 23053ms (cache miss)
5012 http fetch GET 200 https://registry.npmjs.org/synckit/-/synckit-0.11.13.tgz 23154ms (cache miss)
5013 http fetch GET 200 https://registry.npmjs.org/@eslint/config-array/-/config-array-0.21.2.tgz 23364ms (cache miss)
5014 http fetch GET 200 https://registry.npmjs.org/path-scurry/-/path-scurry-1.11.1.tgz 23362ms (cache miss)
5015 http fetch GET 200 https://registry.npmjs.org/@unrs/resolver-binding-win32-x64-msvc/-/resolver-binding-win32-x64-msvc-1.12.2.tgz 23806ms (cache miss)
5016 http fetch GET 200 https://registry.npmjs.org/path-scurry/-/path-scurry-1.11.1.tgz 23425ms (cache miss)
5017 http fetch GET 200 https://registry.npmjs.org/path-scurry/-/path-scurry-1.11.1.tgz 23456ms (cache miss)
5018 http fetch GET 200 https://registry.npmjs.org/exit-x/-/exit-x-0.2.2.tgz 23747ms (cache miss)
5019 http fetch GET 200 https://registry.npmjs.org/esquery/-/esquery-1.7.0.tgz 24019ms (cache miss)
5020 http fetch GET 200 https://registry.npmjs.org/bs-logger/-/bs-logger-0.2.6.tgz 24534ms (cache miss)
5021 http fetch GET 200 https://registry.npmjs.org/jackspeak/-/jackspeak-3.4.3.tgz 25118ms (cache miss)
5022 http fetch GET 200 https://registry.npmjs.org/lru-cache/-/lru-cache-10.4.3.tgz 25055ms (cache miss)
5023 http fetch GET 200 https://registry.npmjs.org/lru-cache/-/lru-cache-10.4.3.tgz 25065ms (cache miss)
5024 http fetch GET 200 https://registry.npmjs.org/superagent/-/superagent-10.3.0.tgz 25641ms (cache miss)
5025 http fetch GET 200 https://registry.npmjs.org/lru-cache/-/lru-cache-10.4.3.tgz 25217ms (cache miss)
5026 http fetch GET 200 https://registry.npmjs.org/uglify-js/-/uglify-js-3.19.3.tgz 25938ms (cache miss)
5027 http fetch GET 200 https://registry.npmjs.org/diff/-/diff-4.0.4.tgz 25952ms (cache miss)
5028 http fetch GET 200 https://registry.npmjs.org/argparse/-/argparse-1.0.10.tgz 25628ms (cache miss)
5029 http fetch GET 200 https://registry.npmjs.org/formidable/-/formidable-3.5.4.tgz 26164ms (cache miss)
5030 http fetch GET 200 https://registry.npmjs.org/strtok3/-/strtok3-10.3.5.tgz 26889ms (cache miss)
5031 http fetch GET 200 https://registry.npmjs.org/@eslint/eslintrc/-/eslintrc-3.3.6.tgz 26846ms (cache miss)
5032 http fetch GET 200 https://registry.npmjs.org/type-fest/-/type-fest-0.21.3.tgz 27274ms (cache miss)
5033 http fetch GET 200 https://registry.npmjs.org/foreground-child/-/foreground-child-3.3.1.tgz 27535ms (cache miss)
5034 http fetch GET 200 https://registry.npmjs.org/@typescript-eslint/type-utils/-/type-utils-8.67.0.tgz 27733ms (cache miss)
5035 http fetch GET 200 https://registry.npmjs.org/js-yaml/-/js-yaml-3.15.1.tgz 28577ms (cache miss)
5036 http fetch GET 200 https://registry.npmjs.org/ts-loader/-/ts-loader-9.6.2.tgz 28834ms (cache miss)
5037 http fetch GET 200 https://registry.npmjs.org/istanbul-reports/-/istanbul-reports-3.2.0.tgz 29180ms (cache miss)
5038 http fetch GET 200 https://registry.npmjs.org/@nestjs/platform-express/-/platform-express-11.1.29.tgz 29106ms (cache miss)
5039 http fetch GET 200 https://registry.npmjs.org/yargs/-/yargs-17.7.3.tgz 33071ms (cache miss)
5040 http fetch GET 200 https://registry.npmjs.org/@bcoe/v8-coverage/-/v8-coverage-0.2.3.tgz 33401ms (cache miss)
5041 http fetch GET 200 https://registry.npmjs.org/minimatch/-/minimatch-9.0.9.tgz 34004ms (cache miss)
5042 http fetch GET 200 https://registry.npmjs.org/minimatch/-/minimatch-9.0.9.tgz 34032ms (cache miss)
5043 http fetch GET 200 https://registry.npmjs.org/minimatch/-/minimatch-9.0.9.tgz 34055ms (cache miss)
5044 http fetch GET 200 https://registry.npmjs.org/glob/-/glob-10.5.0.tgz 36534ms (cache miss)
5045 warn deprecated glob@10.5.0: Old versions of glob are not supported, and contain widely publicized security vulnerabilities, which have been fixed in the current version. Please update. Support for old versions may be purchased (at exorbitant rates) by contacting i@izs.me
5046 http fetch GET 200 https://registry.npmjs.org/glob/-/glob-10.5.0.tgz 36663ms (cache miss)
5047 http fetch GET 200 https://registry.npmjs.org/glob/-/glob-10.5.0.tgz 36719ms (cache miss)
5048 warn deprecated glob@10.5.0: Old versions of glob are not supported, and contain widely publicized security vulnerabilities, which have been fixed in the current version. Please update. Support for old versions may be purchased (at exorbitant rates) by contacting i@izs.me
5049 warn deprecated glob@10.5.0: Old versions of glob are not supported, and contain widely publicized security vulnerabilities, which have been fixed in the current version. Please update. Support for old versions may be purchased (at exorbitant rates) by contacting i@izs.me
5050 http fetch GET 200 https://registry.npmjs.org/@typescript-eslint/typescript-estree/-/typescript-estree-8.67.0.tgz 40604ms (cache miss)
5051 http fetch GET 200 https://registry.npmjs.org/@typescript-eslint/utils/-/utils-8.67.0.tgz 40630ms (cache miss)
5052 http fetch GET 200 https://registry.npmjs.org/ts-jest/-/ts-jest-29.4.12.tgz 44060ms (cache miss)
5053 http fetch GET 200 https://registry.npmjs.org/ts-node/-/ts-node-10.9.2.tgz 44510ms (cache miss)
5054 http fetch GET 200 https://registry.npmjs.org/pure-rand/-/pure-rand-7.0.1.tgz 47425ms (cache miss)
5055 http fetch GET 200 https://registry.npmjs.org/prettier/-/prettier-3.9.6.tgz 49941ms (cache miss)
5056 http fetch GET 200 https://registry.npmjs.org/type-fest/-/type-fest-4.41.0.tgz 51318ms (cache miss)
5057 http fetch GET 200 https://registry.npmjs.org/handlebars/-/handlebars-4.7.9.tgz 55574ms (cache miss)
5058 http fetch GET 200 https://registry.npmjs.org/@noble/hashes/-/hashes-1.8.0.tgz 57530ms (cache miss)
