0 verbose cli C:\Program Files\nodejs\node.exe C:\Program Files\nodejs\node_modules\npm\bin\npm-cli.js
1 info using npm@11.8.0
2 info using node@v24.13.1
3 silly config load:file:C:\Program Files\nodejs\node_modules\npm\npmrc
4 silly config load:file:C:\Users\Nayan Curro School\Documents\SportCoachingTool\backend\.npmrc
5 silly config load:file:C:\Users\Nayan Curro School\.npmrc
6 silly config load:file:C:\Users\Nayan Curro School\AppData\Roaming\npm\etc\npmrc
7 verbose title npm install
8 verbose argv "--cache" "..\\.npm-cache" "install"
9 verbose logfile logs-max:10 dir:C:\Users\Nayan Curro School\Documents\SportCoachingTool\.npm-cache\_logs\2026-08-13T07_38_13_465Z-
10 verbose logfile C:\Users\Nayan Curro School\Documents\SportCoachingTool\.npm-cache\_logs\2026-08-13T07_38_13_465Z-debug-0.log
11 silly logfile start cleaning logs, removing 1 files
12 silly packumentCache heap:2348810240 maxSize:587202560 maxEntrySize:293601280
13 silly logfile done cleaning log files
14 silly idealTree buildDeps
15 silly fetch manifest rxjs@^7.8.1
16 silly packumentCache full:https://registry.npmjs.org/rxjs cache-miss
17 http cache https://registry.npmjs.org/rxjs 37ms (cache hit)
18 silly packumentCache full:https://registry.npmjs.org/rxjs set size:1028301 disposed:false
19 silly fetch manifest eslint@^9.18.0
20 silly packumentCache full:https://registry.npmjs.org/eslint cache-miss
21 http cache https://registry.npmjs.org/eslint 23ms (cache hit)
22 silly packumentCache full:https://registry.npmjs.org/eslint set size:2048190 disposed:false
23 silly fetch manifest jiti@*
24 silly packumentCache full:https://registry.npmjs.org/jiti cache-miss
25 http cache https://registry.npmjs.org/jiti 27ms (cache hit)
26 silly packumentCache full:https://registry.npmjs.org/jiti set size:387989 disposed:false
27 silly placeDep ROOT eslint@9.39.5 REPLACE for: backend@0.0.1 want: ^9.18.0
28 silly placeDep ROOT rxjs@7.8.2 REPLACE for: backend@0.0.1 want: ^7.8.1
29 silly fetch manifest rxjs@7.8.1
30 silly packumentCache full:https://registry.npmjs.org/rxjs cache-miss
31 http cache https://registry.npmjs.org/rxjs 19ms (cache hit)
32 silly packumentCache full:https://registry.npmjs.org/rxjs set size:1028301 disposed:false
33 silly placeDep node_modules/@angular-devkit/core rxjs@7.8.1 REPLACE for: @angular-devkit/core@19.2.27 want: 7.8.1
34 silly placeDep node_modules/@angular-devkit/schematics rxjs@7.8.1 REPLACE for: @angular-devkit/schematics@19.2.27 want: 7.8.1
35 silly fetch manifest @sinclair/typebox@^0.34.0
36 silly packumentCache full:https://registry.npmjs.org/@sinclair%2ftypebox cache-miss
37 http cache https://registry.npmjs.org/@sinclair%2ftypebox 18ms (cache hit)
38 silly packumentCache full:https://registry.npmjs.org/@sinclair%2ftypebox set size:1212785 disposed:false
39 silly placeDep node_modules/@jest/schemas @sinclair/typebox@0.34.52 OK for: @jest/schemas@30.4.1 want: ^0.34.0
40 silly fetch manifest webpack@5.106.2
41 silly packumentCache full:https://registry.npmjs.org/webpack cache-miss
42 http cache https://registry.npmjs.org/webpack 34ms (cache hit)
43 silly packumentCache full:https://registry.npmjs.org/webpack set size:5125589 disposed:false
44 silly placeDep node_modules/@nestjs/cli webpack@5.106.2 REPLACE for: @nestjs/cli@11.0.24 want: 5.106.2
45 silly fetch manifest caniuse-lite@^1.0.30001809
46 silly packumentCache full:https://registry.npmjs.org/caniuse-lite cache-miss
47 http fetch GET 200 https://registry.npmjs.org/caniuse-lite 240ms (cache revalidated)
48 silly packumentCache full:https://registry.npmjs.org/caniuse-lite set size:2311190 disposed:false
49 silly placeDep node_modules/browserslist caniuse-lite@1.0.30001809 OK for: browserslist@4.28.8 want: ^1.0.30001809
50 silly fetch manifest webpack@^5.11.0
51 silly packumentCache full:https://registry.npmjs.org/webpack cache-miss
52 http cache https://registry.npmjs.org/webpack 251ms (cache hit)
53 silly packumentCache full:https://registry.npmjs.org/webpack set size:5125589 disposed:false
54 silly placeDep ROOT webpack@5.109.2 REPLACE for: fork-ts-checker-webpack-plugin@9.1.0 want: ^5.11.0
55 silly fetch manifest fsevents@^2.3.3
56 silly packumentCache full:https://registry.npmjs.org/fsevents cache-miss
57 http cache https://registry.npmjs.org/fsevents 13ms (cache hit)
58 silly packumentCache full:https://registry.npmjs.org/fsevents set size:182472 disposed:false
59 silly placeDep ROOT fsevents@2.3.3 OK for: jest-haste-map@30.4.1 want: ^2.3.3
60 silly fetch manifest lodash@^4.17.21
61 silly packumentCache full:https://registry.npmjs.org/lodash cache-miss
62 http cache https://registry.npmjs.org/lodash 14ms (cache hit)
63 silly packumentCache full:https://registry.npmjs.org/lodash set size:247652 disposed:false
64 silly placeDep node_modules/node-emoji lodash@4.18.1 OK for: node-emoji@1.11.0 want: ^4.17.21
65 silly fetch manifest @unrs/resolver-binding-darwin-arm64@1.12.2
66 silly packumentCache full:https://registry.npmjs.org/@unrs%2fresolver-binding-darwin-arm64 cache-miss
67 http cache https://registry.npmjs.org/@unrs%2fresolver-binding-darwin-arm64 12ms (cache hit)
68 silly packumentCache full:https://registry.npmjs.org/@unrs%2fresolver-binding-darwin-arm64 set size:63676 disposed:false
69 silly fetch manifest @unrs/resolver-binding-android-arm64@1.12.2
70 silly packumentCache full:https://registry.npmjs.org/@unrs%2fresolver-binding-android-arm64 cache-miss
71 http cache https://registry.npmjs.org/@unrs%2fresolver-binding-android-arm64 12ms (cache hit)
72 silly packumentCache full:https://registry.npmjs.org/@unrs%2fresolver-binding-android-arm64 set size:17616 disposed:false
73 silly fetch manifest @unrs/resolver-binding-win32-arm64-msvc@1.12.2
74 silly packumentCache full:https://registry.npmjs.org/@unrs%2fresolver-binding-win32-arm64-msvc cache-miss
75 http cache https://registry.npmjs.org/@unrs%2fresolver-binding-win32-arm64-msvc 13ms (cache hit)
76 silly packumentCache full:https://registry.npmjs.org/@unrs%2fresolver-binding-win32-arm64-msvc set size:64613 disposed:false
77 silly fetch manifest @unrs/resolver-binding-linux-arm64-gnu@1.12.2
78 silly packumentCache full:https://registry.npmjs.org/@unrs%2fresolver-binding-linux-arm64-gnu cache-miss
79 http cache https://registry.npmjs.org/@unrs%2fresolver-binding-linux-arm64-gnu 12ms (cache hit)
80 silly packumentCache full:https://registry.npmjs.org/@unrs%2fresolver-binding-linux-arm64-gnu set size:65047 disposed:false
81 silly fetch manifest @unrs/resolver-binding-linux-arm64-musl@1.12.2
82 silly packumentCache full:https://registry.npmjs.org/@unrs%2fresolver-binding-linux-arm64-musl cache-miss
83 http cache https://registry.npmjs.org/@unrs%2fresolver-binding-linux-arm64-musl 12ms (cache hit)
84 silly packumentCache full:https://registry.npmjs.org/@unrs%2fresolver-binding-linux-arm64-musl set size:65257 disposed:false
85 silly fetch manifest @unrs/resolver-binding-openharmony-arm64@1.12.2
86 silly packumentCache full:https://registry.npmjs.org/@unrs%2fresolver-binding-openharmony-arm64 cache-miss
87 http cache https://registry.npmjs.org/@unrs%2fresolver-binding-openharmony-arm64 14ms (cache hit)
88 silly packumentCache full:https://registry.npmjs.org/@unrs%2fresolver-binding-openharmony-arm64 set size:7350 disposed:false
89 silly fetch manifest @unrs/resolver-binding-android-arm-eabi@1.12.2
90 silly packumentCache full:https://registry.npmjs.org/@unrs%2fresolver-binding-android-arm-eabi cache-miss
91 http cache https://registry.npmjs.org/@unrs%2fresolver-binding-android-arm-eabi 14ms (cache hit)
92 silly packumentCache full:https://registry.npmjs.org/@unrs%2fresolver-binding-android-arm-eabi set size:17797 disposed:false
93 silly fetch manifest @unrs/resolver-binding-linux-arm-gnueabihf@1.12.2
94 silly packumentCache full:https://registry.npmjs.org/@unrs%2fresolver-binding-linux-arm-gnueabihf cache-miss
95 http cache https://registry.npmjs.org/@unrs%2fresolver-binding-linux-arm-gnueabihf 13ms (cache hit)
96 silly packumentCache full:https://registry.npmjs.org/@unrs%2fresolver-binding-linux-arm-gnueabihf set size:65279 disposed:false
97 silly fetch manifest @unrs/resolver-binding-linux-arm-musleabihf@1.12.2
98 silly packumentCache full:https://registry.npmjs.org/@unrs%2fresolver-binding-linux-arm-musleabihf cache-miss
99 http cache https://registry.npmjs.org/@unrs%2fresolver-binding-linux-arm-musleabihf 14ms (cache hit)
100 silly packumentCache full:https://registry.npmjs.org/@unrs%2fresolver-binding-linux-arm-musleabihf set size:65533 disposed:false
101 silly fetch manifest @unrs/resolver-binding-win32-ia32-msvc@1.12.2
102 silly packumentCache full:https://registry.npmjs.org/@unrs%2fresolver-binding-win32-ia32-msvc cache-miss
103 http cache https://registry.npmjs.org/@unrs%2fresolver-binding-win32-ia32-msvc 13ms (cache hit)
104 silly packumentCache full:https://registry.npmjs.org/@unrs%2fresolver-binding-win32-ia32-msvc set size:64317 disposed:false
105 silly fetch manifest @unrs/resolver-binding-linux-loong64-gnu@1.12.2
106 silly packumentCache full:https://registry.npmjs.org/@unrs%2fresolver-binding-linux-loong64-gnu cache-miss
107 http cache https://registry.npmjs.org/@unrs%2fresolver-binding-linux-loong64-gnu 11ms (cache hit)
108 silly packumentCache full:https://registry.npmjs.org/@unrs%2fresolver-binding-linux-loong64-gnu set size:4107 disposed:false
109 silly fetch manifest @unrs/resolver-binding-linux-loong64-musl@1.12.2
110 silly packumentCache full:https://registry.npmjs.org/@unrs%2fresolver-binding-linux-loong64-musl cache-miss
111 http cache https://registry.npmjs.org/@unrs%2fresolver-binding-linux-loong64-musl 13ms (cache hit)
112 silly packumentCache full:https://registry.npmjs.org/@unrs%2fresolver-binding-linux-loong64-musl set size:4124 disposed:false
113 silly fetch manifest @unrs/resolver-binding-linux-ppc64-gnu@1.12.2
114 silly packumentCache full:https://registry.npmjs.org/@unrs%2fresolver-binding-linux-ppc64-gnu cache-miss
115 http cache https://registry.npmjs.org/@unrs%2fresolver-binding-linux-ppc64-gnu 11ms (cache hit)
116 silly packumentCache full:https://registry.npmjs.org/@unrs%2fresolver-binding-linux-ppc64-gnu set size:65057 disposed:false
117 silly fetch manifest @unrs/resolver-binding-linux-riscv64-gnu@1.12.2
118 silly packumentCache full:https://registry.npmjs.org/@unrs%2fresolver-binding-linux-riscv64-gnu cache-miss
119 http cache https://registry.npmjs.org/@unrs%2fresolver-binding-linux-riscv64-gnu 11ms (cache hit)
120 silly packumentCache full:https://registry.npmjs.org/@unrs%2fresolver-binding-linux-riscv64-gnu set size:56387 disposed:false
121 silly fetch manifest @unrs/resolver-binding-linux-riscv64-musl@1.12.2
122 silly packumentCache full:https://registry.npmjs.org/@unrs%2fresolver-binding-linux-riscv64-musl cache-miss
123 http cache https://registry.npmjs.org/@unrs%2fresolver-binding-linux-riscv64-musl 13ms (cache hit)
124 silly packumentCache full:https://registry.npmjs.org/@unrs%2fresolver-binding-linux-riscv64-musl set size:45710 disposed:false
125 silly fetch manifest @unrs/resolver-binding-linux-s390x-gnu@1.12.2
126 silly packumentCache full:https://registry.npmjs.org/@unrs%2fresolver-binding-linux-s390x-gnu cache-miss
127 http cache https://registry.npmjs.org/@unrs%2fresolver-binding-linux-s390x-gnu 13ms (cache hit)
128 silly packumentCache full:https://registry.npmjs.org/@unrs%2fresolver-binding-linux-s390x-gnu set size:65047 disposed:false
129 silly fetch manifest @unrs/resolver-binding-wasm32-wasi@1.12.2
130 silly packumentCache full:https://registry.npmjs.org/@unrs%2fresolver-binding-wasm32-wasi cache-miss
131 http cache https://registry.npmjs.org/@unrs%2fresolver-binding-wasm32-wasi 13ms (cache hit)
132 silly packumentCache full:https://registry.npmjs.org/@unrs%2fresolver-binding-wasm32-wasi set size:67358 disposed:false
133 silly fetch manifest @unrs/resolver-binding-darwin-x64@1.12.2
134 silly packumentCache full:https://registry.npmjs.org/@unrs%2fresolver-binding-darwin-x64 cache-miss
135 http cache https://registry.npmjs.org/@unrs%2fresolver-binding-darwin-x64 12ms (cache hit)
136 silly packumentCache full:https://registry.npmjs.org/@unrs%2fresolver-binding-darwin-x64 set size:63092 disposed:false
137 silly fetch manifest @unrs/resolver-binding-freebsd-x64@1.12.2
138 silly packumentCache full:https://registry.npmjs.org/@unrs%2fresolver-binding-freebsd-x64 cache-miss
139 http cache https://registry.npmjs.org/@unrs%2fresolver-binding-freebsd-x64 11ms (cache hit)
140 silly packumentCache full:https://registry.npmjs.org/@unrs%2fresolver-binding-freebsd-x64 set size:63388 disposed:false
141 silly fetch manifest @unrs/resolver-binding-linux-x64-gnu@1.12.2
142 silly packumentCache full:https://registry.npmjs.org/@unrs%2fresolver-binding-linux-x64-gnu cache-miss
143 http cache https://registry.npmjs.org/@unrs%2fresolver-binding-linux-x64-gnu 67ms (cache hit)
144 silly packumentCache full:https://registry.npmjs.org/@unrs%2fresolver-binding-linux-x64-gnu set size:64469 disposed:false
145 silly fetch manifest @unrs/resolver-binding-linux-x64-musl@1.12.2
146 silly packumentCache full:https://registry.npmjs.org/@unrs%2fresolver-binding-linux-x64-musl cache-miss
147 http cache https://registry.npmjs.org/@unrs%2fresolver-binding-linux-x64-musl 13ms (cache hit)
148 silly packumentCache full:https://registry.npmjs.org/@unrs%2fresolver-binding-linux-x64-musl set size:64685 disposed:false
149 silly placeDep ROOT @unrs/resolver-binding-android-arm-eabi@1.12.2 OK for: unrs-resolver@1.12.2 want: 1.12.2
150 silly placeDep ROOT @unrs/resolver-binding-android-arm64@1.12.2 OK for: unrs-resolver@1.12.2 want: 1.12.2
151 silly placeDep ROOT @unrs/resolver-binding-darwin-arm64@1.12.2 OK for: unrs-resolver@1.12.2 want: 1.12.2
152 silly placeDep ROOT @unrs/resolver-binding-darwin-x64@1.12.2 OK for: unrs-resolver@1.12.2 want: 1.12.2
153 silly placeDep ROOT @unrs/resolver-binding-freebsd-x64@1.12.2 OK for: unrs-resolver@1.12.2 want: 1.12.2
154 silly placeDep ROOT @unrs/resolver-binding-linux-arm-gnueabihf@1.12.2 OK for: unrs-resolver@1.12.2 want: 1.12.2
155 silly placeDep ROOT @unrs/resolver-binding-linux-arm-musleabihf@1.12.2 OK for: unrs-resolver@1.12.2 want: 1.12.2
156 silly placeDep ROOT @unrs/resolver-binding-linux-arm64-gnu@1.12.2 OK for: unrs-resolver@1.12.2 want: 1.12.2
157 silly placeDep ROOT @unrs/resolver-binding-linux-arm64-musl@1.12.2 OK for: unrs-resolver@1.12.2 want: 1.12.2
158 silly placeDep ROOT @unrs/resolver-binding-linux-loong64-gnu@1.12.2 OK for: unrs-resolver@1.12.2 want: 1.12.2
159 silly placeDep ROOT @unrs/resolver-binding-linux-loong64-musl@1.12.2 OK for: unrs-resolver@1.12.2 want: 1.12.2
160 silly placeDep ROOT @unrs/resolver-binding-linux-ppc64-gnu@1.12.2 OK for: unrs-resolver@1.12.2 want: 1.12.2
161 silly placeDep ROOT @unrs/resolver-binding-linux-riscv64-gnu@1.12.2 OK for: unrs-resolver@1.12.2 want: 1.12.2
162 silly placeDep ROOT @unrs/resolver-binding-linux-riscv64-musl@1.12.2 OK for: unrs-resolver@1.12.2 want: 1.12.2
163 silly placeDep ROOT @unrs/resolver-binding-linux-s390x-gnu@1.12.2 OK for: unrs-resolver@1.12.2 want: 1.12.2
164 silly placeDep ROOT @unrs/resolver-binding-linux-x64-gnu@1.12.2 OK for: unrs-resolver@1.12.2 want: 1.12.2
165 silly placeDep ROOT @unrs/resolver-binding-linux-x64-musl@1.12.2 OK for: unrs-resolver@1.12.2 want: 1.12.2
166 silly placeDep ROOT @unrs/resolver-binding-openharmony-arm64@1.12.2 OK for: unrs-resolver@1.12.2 want: 1.12.2
167 silly placeDep ROOT @unrs/resolver-binding-wasm32-wasi@1.12.2 OK for: unrs-resolver@1.12.2 want: 1.12.2
168 silly placeDep ROOT @unrs/resolver-binding-win32-arm64-msvc@1.12.2 OK for: unrs-resolver@1.12.2 want: 1.12.2
169 silly placeDep ROOT @unrs/resolver-binding-win32-ia32-msvc@1.12.2 OK for: unrs-resolver@1.12.2 want: 1.12.2
170 silly fetch manifest @napi-rs/wasm-runtime@^1.1.4
171 silly packumentCache full:https://registry.npmjs.org/@napi-rs%2fwasm-runtime cache-miss
172 silly fetch manifest @emnapi/core@1.10.0
173 silly packumentCache full:https://registry.npmjs.org/@emnapi%2fcore cache-miss
174 silly fetch manifest @emnapi/runtime@1.10.0
175 silly packumentCache full:https://registry.npmjs.org/@emnapi%2fruntime cache-miss
176 http cache https://registry.npmjs.org/@napi-rs%2fwasm-runtime 20ms (cache hit)
177 silly packumentCache full:https://registry.npmjs.org/@napi-rs%2fwasm-runtime set size:87806 disposed:false
178 http cache https://registry.npmjs.org/@emnapi%2fcore 23ms (cache hit)
179 silly packumentCache full:https://registry.npmjs.org/@emnapi%2fcore set size:124020 disposed:false
180 http cache https://registry.npmjs.org/@emnapi%2fruntime 27ms (cache hit)
181 silly packumentCache full:https://registry.npmjs.org/@emnapi%2fruntime set size:125040 disposed:false
182 silly placeDep ROOT @emnapi/core@1.10.0 OK for: @unrs/resolver-binding-wasm32-wasi@1.12.2 want: 1.10.0
183 silly placeDep ROOT @emnapi/runtime@1.10.0 OK for: @unrs/resolver-binding-wasm32-wasi@1.12.2 want: 1.10.0
184 silly placeDep ROOT @napi-rs/wasm-runtime@1.2.3 OK for: @unrs/resolver-binding-wasm32-wasi@1.12.2 want: ^1.1.4
185 silly fetch manifest @emnapi/wasi-threads@1.2.1
186 silly packumentCache full:https://registry.npmjs.org/@emnapi%2fwasi-threads cache-miss
187 silly fetch manifest @tybys/wasm-util@^0.10.3
188 silly packumentCache full:https://registry.npmjs.org/@tybys%2fwasm-util cache-miss
189 http cache https://registry.npmjs.org/@tybys%2fwasm-util 16ms (cache hit)
190 silly packumentCache full:https://registry.npmjs.org/@tybys%2fwasm-util set size:60108 disposed:false
191 http cache https://registry.npmjs.org/@emnapi%2fwasi-threads 19ms (cache hit)
192 silly packumentCache full:https://registry.npmjs.org/@emnapi%2fwasi-threads set size:27058 disposed:false
193 silly placeDep ROOT @emnapi/wasi-threads@1.2.1 OK for: @emnapi/core@1.10.0 want: 1.2.1
194 silly placeDep ROOT @tybys/wasm-util@0.10.3 OK for: @napi-rs/wasm-runtime@1.2.3 want: ^0.10.3
195 silly placeDep node_modules/@nestjs/schematics/node_modules/@angular-devkit/core rxjs@7.8.1 OK for: @angular-devkit/core@19.2.24 want: 7.8.1
196 silly placeDep node_modules/@nestjs/schematics/node_modules/@angular-devkit/schematics rxjs@7.8.1 OK for: @angular-devkit/schematics@19.2.24 want: 7.8.1
197 silly reify mark retired [
197 silly reify   'C:\\Users\\Nayan Curro School\\Documents\\SportCoachingTool\\backend\\node_modules\\caniuse-lite'
197 silly reify ]
198 silly reify mark retired [
198 silly reify   'C:\\Users\\Nayan Curro School\\Documents\\SportCoachingTool\\backend\\node_modules\\eslint'
198 silly reify ]
199 silly reify mark retired [
199 silly reify   'C:\\Users\\Nayan Curro School\\Documents\\SportCoachingTool\\backend\\node_modules\\lodash'
199 silly reify ]
200 silly reify mark retired [
200 silly reify   'C:\\Users\\Nayan Curro School\\Documents\\SportCoachingTool\\backend\\node_modules\\rxjs'
200 silly reify ]
201 silly reify mark retired [
201 silly reify   'C:\\Users\\Nayan Curro School\\Documents\\SportCoachingTool\\backend\\node_modules\\webpack'
201 silly reify ]
202 silly reify mark retired [
202 silly reify   'C:\\Users\\Nayan Curro School\\Documents\\SportCoachingTool\\backend\\node_modules\\@sinclair\\typebox'
202 silly reify ]
203 silly reify mark retired [
203 silly reify   'C:\\Users\\Nayan Curro School\\Documents\\SportCoachingTool\\backend\\node_modules\\acorn',
203 silly reify   'C:\\Users\\Nayan Curro School\\Documents\\SportCoachingTool\\backend\\node_modules\\.bin\\acorn',
203 silly reify   'C:\\Users\\Nayan Curro School\\Documents\\SportCoachingTool\\backend\\node_modules\\.bin\\acorn.cmd',
203 silly reify   'C:\\Users\\Nayan Curro School\\Documents\\SportCoachingTool\\backend\\node_modules\\.bin\\acorn.ps1'
203 silly reify ]
204 silly reify mark retired [
204 silly reify   'C:\\Users\\Nayan Curro School\\Documents\\SportCoachingTool\\backend\\node_modules\\baseline-browser-mapping',
204 silly reify   'C:\\Users\\Nayan Curro School\\Documents\\SportCoachingTool\\backend\\node_modules\\.bin\\baseline-browser-mapping',
204 silly reify   'C:\\Users\\Nayan Curro School\\Documents\\SportCoachingTool\\backend\\node_modules\\.bin\\baseline-browser-mapping.cmd',
204 silly reify   'C:\\Users\\Nayan Curro School\\Documents\\SportCoachingTool\\backend\\node_modules\\.bin\\baseline-browser-mapping.ps1'
204 silly reify ]
205 silly reify mark retired [
205 silly reify   'C:\\Users\\Nayan Curro School\\Documents\\SportCoachingTool\\backend\\node_modules\\browserslist',
205 silly reify   'C:\\Users\\Nayan Curro School\\Documents\\SportCoachingTool\\backend\\node_modules\\.bin\\browserslist',
205 silly reify   'C:\\Users\\Nayan Curro School\\Documents\\SportCoachingTool\\backend\\node_modules\\.bin\\browserslist.cmd',
205 silly reify   'C:\\Users\\Nayan Curro School\\Documents\\SportCoachingTool\\backend\\node_modules\\.bin\\browserslist.ps1'
205 silly reify ]
206 silly reify mark retired [
206 silly reify   'C:\\Users\\Nayan Curro School\\Documents\\SportCoachingTool\\backend\\node_modules\\eslint-config-prettier',
206 silly reify   'C:\\Users\\Nayan Curro School\\Documents\\SportCoachingTool\\backend\\node_modules\\.bin\\eslint-config-prettier',
206 silly reify   'C:\\Users\\Nayan Curro School\\Documents\\SportCoachingTool\\backend\\node_modules\\.bin\\eslint-config-prettier.cmd',
206 silly reify   'C:\\Users\\Nayan Curro School\\Documents\\SportCoachingTool\\backend\\node_modules\\.bin\\eslint-config-prettier.ps1'
206 silly reify ]
207 silly reify mark retired [
207 silly reify   'C:\\Users\\Nayan Curro School\\Documents\\SportCoachingTool\\backend\\node_modules\\esprima',
207 silly reify   'C:\\Users\\Nayan Curro School\\Documents\\SportCoachingTool\\backend\\node_modules\\.bin\\esparse',
207 silly reify   'C:\\Users\\Nayan Curro School\\Documents\\SportCoachingTool\\backend\\node_modules\\.bin\\esparse.cmd',
207 silly reify   'C:\\Users\\Nayan Curro School\\Documents\\SportCoachingTool\\backend\\node_modules\\.bin\\esparse.ps1',
207 silly reify   'C:\\Users\\Nayan Curro School\\Documents\\SportCoachingTool\\backend\\node_modules\\.bin\\esvalidate',
207 silly reify   'C:\\Users\\Nayan Curro School\\Documents\\SportCoachingTool\\backend\\node_modules\\.bin\\esvalidate.cmd',
207 silly reify   'C:\\Users\\Nayan Curro School\\Documents\\SportCoachingTool\\backend\\node_modules\\.bin\\esvalidate.ps1'
207 silly reify ]
208 silly reify mark retired [
208 silly reify   'C:\\Users\\Nayan Curro School\\Documents\\SportCoachingTool\\backend\\node_modules\\handlebars',
208 silly reify   'C:\\Users\\Nayan Curro School\\Documents\\SportCoachingTool\\backend\\node_modules\\.bin\\handlebars',
208 silly reify   'C:\\Users\\Nayan Curro School\\Documents\\SportCoachingTool\\backend\\node_modules\\.bin\\handlebars.cmd',
208 silly reify   'C:\\Users\\Nayan Curro School\\Documents\\SportCoachingTool\\backend\\node_modules\\.bin\\handlebars.ps1'
208 silly reify ]
209 silly reify mark retired [
209 silly reify   'C:\\Users\\Nayan Curro School\\Documents\\SportCoachingTool\\backend\\node_modules\\import-local',
209 silly reify   'C:\\Users\\Nayan Curro School\\Documents\\SportCoachingTool\\backend\\node_modules\\.bin\\import-local-fixture',
209 silly reify   'C:\\Users\\Nayan Curro School\\Documents\\SportCoachingTool\\backend\\node_modules\\.bin\\import-local-fixture.cmd',
209 silly reify   'C:\\Users\\Nayan Curro School\\Documents\\SportCoachingTool\\backend\\node_modules\\.bin\\import-local-fixture.ps1'
209 silly reify ]
210 silly reify mark retired [
210 silly reify   'C:\\Users\\Nayan Curro School\\Documents\\SportCoachingTool\\backend\\node_modules\\jest',
210 silly reify   'C:\\Users\\Nayan Curro School\\Documents\\SportCoachingTool\\backend\\node_modules\\.bin\\jest',
210 silly reify   'C:\\Users\\Nayan Curro School\\Documents\\SportCoachingTool\\backend\\node_modules\\.bin\\jest.cmd',
210 silly reify   'C:\\Users\\Nayan Curro School\\Documents\\SportCoachingTool\\backend\\node_modules\\.bin\\jest.ps1'
210 silly reify ]
211 silly reify mark retired [
211 silly reify   'C:\\Users\\Nayan Curro School\\Documents\\SportCoachingTool\\backend\\node_modules\\jest-cli',
211 silly reify   'C:\\Users\\Nayan Curro School\\Documents\\SportCoachingTool\\backend\\node_modules\\.bin\\jest',
211 silly reify   'C:\\Users\\Nayan Curro School\\Documents\\SportCoachingTool\\backend\\node_modules\\.bin\\jest.cmd',
211 silly reify   'C:\\Users\\Nayan Curro School\\Documents\\SportCoachingTool\\backend\\node_modules\\.bin\\jest.ps1'
211 silly reify ]
212 silly reify mark retired [
212 silly reify   'C:\\Users\\Nayan Curro School\\Documents\\SportCoachingTool\\backend\\node_modules\\jest-config\\node_modules\\glob',
212 silly reify   'C:\\Users\\Nayan Curro School\\Documents\\SportCoachingTool\\backend\\node_modules\\jest-config\\node_modules\\.bin\\glob',
212 silly reify   'C:\\Users\\Nayan Curro School\\Documents\\SportCoachingTool\\backend\\node_modules\\jest-config\\node_modules\\.bin\\glob.cmd',
212 silly reify   'C:\\Users\\Nayan Curro School\\Documents\\SportCoachingTool\\backend\\node_modules\\jest-config\\node_modules\\.bin\\glob.ps1'
212 silly reify ]
213 silly reify mark retired [
213 silly reify   'C:\\Users\\Nayan Curro School\\Documents\\SportCoachingTool\\backend\\node_modules\\jest-runtime\\node_modules\\glob',
213 silly reify   'C:\\Users\\Nayan Curro School\\Documents\\SportCoachingTool\\backend\\node_modules\\jest-runtime\\node_modules\\.bin\\glob',
213 silly reify   'C:\\Users\\Nayan Curro School\\Documents\\SportCoachingTool\\backend\\node_modules\\jest-runtime\\node_modules\\.bin\\glob.cmd',
213 silly reify   'C:\\Users\\Nayan Curro School\\Documents\\SportCoachingTool\\backend\\node_modules\\jest-runtime\\node_modules\\.bin\\glob.ps1'
213 silly reify ]
214 silly reify mark retired [
214 silly reify   'C:\\Users\\Nayan Curro School\\Documents\\SportCoachingTool\\backend\\node_modules\\js-yaml',
214 silly reify   'C:\\Users\\Nayan Curro School\\Documents\\SportCoachingTool\\backend\\node_modules\\.bin\\js-yaml',
214 silly reify   'C:\\Users\\Nayan Curro School\\Documents\\SportCoachingTool\\backend\\node_modules\\.bin\\js-yaml.cmd',
214 silly reify   'C:\\Users\\Nayan Curro School\\Documents\\SportCoachingTool\\backend\\node_modules\\.bin\\js-yaml.ps1'
214 silly reify ]
215 silly reify mark retired [
215 silly reify   'C:\\Users\\Nayan Curro School\\Documents\\SportCoachingTool\\backend\\node_modules\\jsesc',
215 silly reify   'C:\\Users\\Nayan Curro School\\Documents\\SportCoachingTool\\backend\\node_modules\\.bin\\jsesc',
215 silly reify   'C:\\Users\\Nayan Curro School\\Documents\\SportCoachingTool\\backend\\node_modules\\.bin\\jsesc.cmd',
215 silly reify   'C:\\Users\\Nayan Curro School\\Documents\\SportCoachingTool\\backend\\node_modules\\.bin\\jsesc.ps1'
215 silly reify ]
216 silly reify mark retired [
216 silly reify   'C:\\Users\\Nayan Curro School\\Documents\\SportCoachingTool\\backend\\node_modules\\json5',
216 silly reify   'C:\\Users\\Nayan Curro School\\Documents\\SportCoachingTool\\backend\\node_modules\\.bin\\json5',
216 silly reify   'C:\\Users\\Nayan Curro School\\Documents\\SportCoachingTool\\backend\\node_modules\\.bin\\json5.cmd',
216 silly reify   'C:\\Users\\Nayan Curro School\\Documents\\SportCoachingTool\\backend\\node_modules\\.bin\\json5.ps1'
216 silly reify ]
217 silly reify mark retired [
217 silly reify   'C:\\Users\\Nayan Curro School\\Documents\\SportCoachingTool\\backend\\node_modules\\mime',
217 silly reify   'C:\\Users\\Nayan Curro School\\Documents\\SportCoachingTool\\backend\\node_modules\\.bin\\mime',
217 silly reify   'C:\\Users\\Nayan Curro School\\Documents\\SportCoachingTool\\backend\\node_modules\\.bin\\mime.cmd',
217 silly reify   'C:\\Users\\Nayan Curro School\\Documents\\SportCoachingTool\\backend\\node_modules\\.bin\\mime.ps1'
217 silly reify ]
218 silly reify mark retired [
218 silly reify   'C:\\Users\\Nayan Curro School\\Documents\\SportCoachingTool\\backend\\node_modules\\napi-postinstall',
218 silly reify   'C:\\Users\\Nayan Curro School\\Documents\\SportCoachingTool\\backend\\node_modules\\.bin\\napi-postinstall',
218 silly reify   'C:\\Users\\Nayan Curro School\\Documents\\SportCoachingTool\\backend\\node_modules\\.bin\\napi-postinstall.cmd',
218 silly reify   'C:\\Users\\Nayan Curro School\\Documents\\SportCoachingTool\\backend\\node_modules\\.bin\\napi-postinstall.ps1'
218 silly reify ]
219 silly reify mark retired [
219 silly reify   'C:\\Users\\Nayan Curro School\\Documents\\SportCoachingTool\\backend\\node_modules\\prettier',
219 silly reify   'C:\\Users\\Nayan Curro School\\Documents\\SportCoachingTool\\backend\\node_modules\\.bin\\prettier',
219 silly reify   'C:\\Users\\Nayan Curro School\\Documents\\SportCoachingTool\\backend\\node_modules\\.bin\\prettier.cmd',
219 silly reify   'C:\\Users\\Nayan Curro School\\Documents\\SportCoachingTool\\backend\\node_modules\\.bin\\prettier.ps1'
219 silly reify ]
220 silly reify mark retired [
220 silly reify   'C:\\Users\\Nayan Curro School\\Documents\\SportCoachingTool\\backend\\node_modules\\semver',
220 silly reify   'C:\\Users\\Nayan Curro School\\Documents\\SportCoachingTool\\backend\\node_modules\\.bin\\semver',
220 silly reify   'C:\\Users\\Nayan Curro School\\Documents\\SportCoachingTool\\backend\\node_modules\\.bin\\semver.cmd',
220 silly reify   'C:\\Users\\Nayan Curro School\\Documents\\SportCoachingTool\\backend\\node_modules\\.bin\\semver.ps1'
220 silly reify ]
221 silly reify mark retired [
221 silly reify   'C:\\Users\\Nayan Curro School\\Documents\\SportCoachingTool\\backend\\node_modules\\terser',
221 silly reify   'C:\\Users\\Nayan Curro School\\Documents\\SportCoachingTool\\backend\\node_modules\\.bin\\terser',
221 silly reify   'C:\\Users\\Nayan Curro School\\Documents\\SportCoachingTool\\backend\\node_modules\\.bin\\terser.cmd',
221 silly reify   'C:\\Users\\Nayan Curro School\\Documents\\SportCoachingTool\\backend\\node_modules\\.bin\\terser.ps1'
221 silly reify ]
222 silly reify mark retired [
222 silly reify   'C:\\Users\\Nayan Curro School\\Documents\\SportCoachingTool\\backend\\node_modules\\ts-jest',
222 silly reify   'C:\\Users\\Nayan Curro School\\Documents\\SportCoachingTool\\backend\\node_modules\\.bin\\ts-jest',
222 silly reify   'C:\\Users\\Nayan Curro School\\Documents\\SportCoachingTool\\backend\\node_modules\\.bin\\ts-jest.cmd',
222 silly reify   'C:\\Users\\Nayan Curro School\\Documents\\SportCoachingTool\\backend\\node_modules\\.bin\\ts-jest.ps1'
222 silly reify ]
223 silly reify mark retired [
223 silly reify   'C:\\Users\\Nayan Curro School\\Documents\\SportCoachingTool\\backend\\node_modules\\ts-node',
223 silly reify   'C:\\Users\\Nayan Curro School\\Documents\\SportCoachingTool\\backend\\node_modules\\.bin\\ts-node',
223 silly reify   'C:\\Users\\Nayan Curro School\\Documents\\SportCoachingTool\\backend\\node_modules\\.bin\\ts-node.cmd',
223 silly reify   'C:\\Users\\Nayan Curro School\\Documents\\SportCoachingTool\\backend\\node_modules\\.bin\\ts-node.ps1',
223 silly reify   'C:\\Users\\Nayan Curro School\\Documents\\SportCoachingTool\\backend\\node_modules\\.bin\\ts-node-cwd',
223 silly reify   'C:\\Users\\Nayan Curro School\\Documents\\SportCoachingTool\\backend\\node_modules\\.bin\\ts-node-cwd.cmd',
223 silly reify   'C:\\Users\\Nayan Curro School\\Documents\\SportCoachingTool\\backend\\node_modules\\.bin\\ts-node-cwd.ps1',
223 silly reify   'C:\\Users\\Nayan Curro School\\Documents\\SportCoachingTool\\backend\\node_modules\\.bin\\ts-node-esm',
223 silly reify   'C:\\Users\\Nayan Curro School\\Documents\\SportCoachingTool\\backend\\node_modules\\.bin\\ts-node-esm.cmd',
223 silly reify   'C:\\Users\\Nayan Curro School\\Documents\\SportCoachingTool\\backend\\node_modules\\.bin\\ts-node-esm.ps1',
223 silly reify   'C:\\Users\\Nayan Curro School\\Documents\\SportCoachingTool\\backend\\node_modules\\.bin\\ts-node-script',
223 silly reify   'C:\\Users\\Nayan Curro School\\Documents\\SportCoachingTool\\backend\\node_modules\\.bin\\ts-node-script.cmd',
223 silly reify   'C:\\Users\\Nayan Curro School\\Documents\\SportCoachingTool\\backend\\node_modules\\.bin\\ts-node-script.ps1',
223 silly reify   'C:\\Users\\Nayan Curro School\\Documents\\SportCoachingTool\\backend\\node_modules\\.bin\\ts-node-transpile-only',
223 silly reify   'C:\\Users\\Nayan Curro School\\Documents\\SportCoachingTool\\backend\\node_modules\\.bin\\ts-node-transpile-only.cmd',
223 silly reify   'C:\\Users\\Nayan Curro School\\Documents\\SportCoachingTool\\backend\\node_modules\\.bin\\ts-node-transpile-only.ps1',
223 silly reify   'C:\\Users\\Nayan Curro School\\Documents\\SportCoachingTool\\backend\\node_modules\\.bin\\ts-script',
223 silly reify   'C:\\Users\\Nayan Curro School\\Documents\\SportCoachingTool\\backend\\node_modules\\.bin\\ts-script.cmd',
223 silly reify   'C:\\Users\\Nayan Curro School\\Documents\\SportCoachingTool\\backend\\node_modules\\.bin\\ts-script.ps1'
223 silly reify ]
224 silly reify mark retired [
224 silly reify   'C:\\Users\\Nayan Curro School\\Documents\\SportCoachingTool\\backend\\node_modules\\typescript',
224 silly reify   'C:\\Users\\Nayan Curro School\\Documents\\SportCoachingTool\\backend\\node_modules\\.bin\\tsc',
224 silly reify   'C:\\Users\\Nayan Curro School\\Documents\\SportCoachingTool\\backend\\node_modules\\.bin\\tsc.cmd',
224 silly reify   'C:\\Users\\Nayan Curro School\\Documents\\SportCoachingTool\\backend\\node_modules\\.bin\\tsc.ps1',
224 silly reify   'C:\\Users\\Nayan Curro School\\Documents\\SportCoachingTool\\backend\\node_modules\\.bin\\tsserver',
224 silly reify   'C:\\Users\\Nayan Curro School\\Documents\\SportCoachingTool\\backend\\node_modules\\.bin\\tsserver.cmd',
224 silly reify   'C:\\Users\\Nayan Curro School\\Documents\\SportCoachingTool\\backend\\node_modules\\.bin\\tsserver.ps1'
224 silly reify ]
225 silly reify mark retired [
225 silly reify   'C:\\Users\\Nayan Curro School\\Documents\\SportCoachingTool\\backend\\node_modules\\uglify-js',
225 silly reify   'C:\\Users\\Nayan Curro School\\Documents\\SportCoachingTool\\backend\\node_modules\\.bin\\uglifyjs',
225 silly reify   'C:\\Users\\Nayan Curro School\\Documents\\SportCoachingTool\\backend\\node_modules\\.bin\\uglifyjs.cmd',
225 silly reify   'C:\\Users\\Nayan Curro School\\Documents\\SportCoachingTool\\backend\\node_modules\\.bin\\uglifyjs.ps1'
225 silly reify ]
226 silly reify mark retired [
226 silly reify   'C:\\Users\\Nayan Curro School\\Documents\\SportCoachingTool\\backend\\node_modules\\update-browserslist-db',
226 silly reify   'C:\\Users\\Nayan Curro School\\Documents\\SportCoachingTool\\backend\\node_modules\\.bin\\update-browserslist-db',
226 silly reify   'C:\\Users\\Nayan Curro School\\Documents\\SportCoachingTool\\backend\\node_modules\\.bin\\update-browserslist-db.cmd',
226 silly reify   'C:\\Users\\Nayan Curro School\\Documents\\SportCoachingTool\\backend\\node_modules\\.bin\\update-browserslist-db.ps1'
226 silly reify ]
227 silly reify mark retired [
227 silly reify   'C:\\Users\\Nayan Curro School\\Documents\\SportCoachingTool\\backend\\node_modules\\which',
227 silly reify   'C:\\Users\\Nayan Curro School\\Documents\\SportCoachingTool\\backend\\node_modules\\.bin\\node-which',
227 silly reify   'C:\\Users\\Nayan Curro School\\Documents\\SportCoachingTool\\backend\\node_modules\\.bin\\node-which.cmd',
227 silly reify   'C:\\Users\\Nayan Curro School\\Documents\\SportCoachingTool\\backend\\node_modules\\.bin\\node-which.ps1'
227 silly reify ]
228 silly reify mark retired [
228 silly reify   'C:\\Users\\Nayan Curro School\\Documents\\SportCoachingTool\\backend\\node_modules\\@angular-devkit\\core\\node_modules\\rxjs'
228 silly reify ]
229 silly reify mark retired [
229 silly reify   'C:\\Users\\Nayan Curro School\\Documents\\SportCoachingTool\\backend\\node_modules\\@angular-devkit\\schematics\\node_modules\\rxjs'
229 silly reify ]
230 silly reify mark retired [
230 silly reify   'C:\\Users\\Nayan Curro School\\Documents\\SportCoachingTool\\backend\\node_modules\\@angular-devkit\\schematics-cli',
230 silly reify   'C:\\Users\\Nayan Curro School\\Documents\\SportCoachingTool\\backend\\node_modules\\.bin\\schematics',
230 silly reify   'C:\\Users\\Nayan Curro School\\Documents\\SportCoachingTool\\backend\\node_modules\\.bin\\schematics.cmd',
230 silly reify   'C:\\Users\\Nayan Curro School\\Documents\\SportCoachingTool\\backend\\node_modules\\.bin\\schematics.ps1'
230 silly reify ]
231 silly reify mark retired [
231 silly reify   'C:\\Users\\Nayan Curro School\\Documents\\SportCoachingTool\\backend\\node_modules\\@babel\\core\\node_modules\\semver',
231 silly reify   'C:\\Users\\Nayan Curro School\\Documents\\SportCoachingTool\\backend\\node_modules\\@babel\\core\\node_modules\\.bin\\semver',
231 silly reify   'C:\\Users\\Nayan Curro School\\Documents\\SportCoachingTool\\backend\\node_modules\\@babel\\core\\node_modules\\.bin\\semver.cmd',
231 silly reify   'C:\\Users\\Nayan Curro School\\Documents\\SportCoachingTool\\backend\\node_modules\\@babel\\core\\node_modules\\.bin\\semver.ps1'
231 silly reify ]
232 silly reify mark retired [
232 silly reify   'C:\\Users\\Nayan Curro School\\Documents\\SportCoachingTool\\backend\\node_modules\\@babel\\helper-compilation-targets\\node_modules\\semver',
232 silly reify   'C:\\Users\\Nayan Curro School\\Documents\\SportCoachingTool\\backend\\node_modules\\@babel\\helper-compilation-targets\\node_modules\\.bin\\semver',
232 silly reify   'C:\\Users\\Nayan Curro School\\Documents\\SportCoachingTool\\backend\\node_modules\\@babel\\helper-compilation-targets\\node_modules\\.bin\\semver.cmd',
232 silly reify   'C:\\Users\\Nayan Curro School\\Documents\\SportCoachingTool\\backend\\node_modules\\@babel\\helper-compilation-targets\\node_modules\\.bin\\semver.ps1'
232 silly reify ]
233 silly reify mark retired [
233 silly reify   'C:\\Users\\Nayan Curro School\\Documents\\SportCoachingTool\\backend\\node_modules\\@babel\\parser',
233 silly reify   'C:\\Users\\Nayan Curro School\\Documents\\SportCoachingTool\\backend\\node_modules\\.bin\\parser',
233 silly reify   'C:\\Users\\Nayan Curro School\\Documents\\SportCoachingTool\\backend\\node_modules\\.bin\\parser.cmd',
233 silly reify   'C:\\Users\\Nayan Curro School\\Documents\\SportCoachingTool\\backend\\node_modules\\.bin\\parser.ps1'
233 silly reify ]
234 silly reify mark retired [
234 silly reify   'C:\\Users\\Nayan Curro School\\Documents\\SportCoachingTool\\backend\\node_modules\\@istanbuljs\\load-nyc-config\\node_modules\\js-yaml',
234 silly reify   'C:\\Users\\Nayan Curro School\\Documents\\SportCoachingTool\\backend\\node_modules\\@istanbuljs\\load-nyc-config\\node_modules\\.bin\\js-yaml',
234 silly reify   'C:\\Users\\Nayan Curro School\\Documents\\SportCoachingTool\\backend\\node_modules\\@istanbuljs\\load-nyc-config\\node_modules\\.bin\\js-yaml.cmd',
234 silly reify   'C:\\Users\\Nayan Curro School\\Documents\\SportCoachingTool\\backend\\node_modules\\@istanbuljs\\load-nyc-config\\node_modules\\.bin\\js-yaml.ps1'
234 silly reify ]
235 silly reify mark retired [
235 silly reify   'C:\\Users\\Nayan Curro School\\Documents\\SportCoachingTool\\backend\\node_modules\\@jest\\reporters\\node_modules\\glob',
235 silly reify   'C:\\Users\\Nayan Curro School\\Documents\\SportCoachingTool\\backend\\node_modules\\@jest\\reporters\\node_modules\\.bin\\glob',
235 silly reify   'C:\\Users\\Nayan Curro School\\Documents\\SportCoachingTool\\backend\\node_modules\\@jest\\reporters\\node_modules\\.bin\\glob.cmd',
235 silly reify   'C:\\Users\\Nayan Curro School\\Documents\\SportCoachingTool\\backend\\node_modules\\@jest\\reporters\\node_modules\\.bin\\glob.ps1'
235 silly reify ]
236 silly reify mark retired [
236 silly reify   'C:\\Users\\Nayan Curro School\\Documents\\SportCoachingTool\\backend\\node_modules\\@nestjs\\cli',
236 silly reify   'C:\\Users\\Nayan Curro School\\Documents\\SportCoachingTool\\backend\\node_modules\\.bin\\nest',
236 silly reify   'C:\\Users\\Nayan Curro School\\Documents\\SportCoachingTool\\backend\\node_modules\\.bin\\nest.cmd',
236 silly reify   'C:\\Users\\Nayan Curro School\\Documents\\SportCoachingTool\\backend\\node_modules\\.bin\\nest.ps1'
236 silly reify ]
237 silly reify mark retired [
237 silly reify   'C:\\Users\\Nayan Curro School\\Documents\\SportCoachingTool\\backend\\node_modules\\@nestjs\\schematics\\node_modules\\rxjs'
237 silly reify ]
238 silly reify moves {
238 silly reify   'C:\\Users\\Nayan Curro School\\Documents\\SportCoachingTool\\backend\\node_modules\\caniuse-lite': 'C:\\Users\\Nayan Curro School\\Documents\\SportCoachingTool\\backend\\node_modules\\.caniuse-lite-T7HipuVU',
238 silly reify   'C:\\Users\\Nayan Curro School\\Documents\\SportCoachingTool\\backend\\node_modules\\eslint': 'C:\\Users\\Nayan Curro School\\Documents\\SportCoachingTool\\backend\\node_modules\\.eslint-ylcZSWan',
238 silly reify   'C:\\Users\\Nayan Curro School\\Documents\\SportCoachingTool\\backend\\node_modules\\lodash': 'C:\\Users\\Nayan Curro School\\Documents\\SportCoachingTool\\backend\\node_modules\\.lodash-CsBf6WlA',
238 silly reify   'C:\\Users\\Nayan Curro School\\Documents\\SportCoachingTool\\backend\\node_modules\\rxjs': 'C:\\Users\\Nayan Curro School\\Documents\\SportCoachingTool\\backend\\node_modules\\.rxjs-ZTnCzbMD',
238 silly reify   'C:\\Users\\Nayan Curro School\\Documents\\SportCoachingTool\\backend\\node_modules\\webpack': 'C:\\Users\\Nayan Curro School\\Documents\\SportCoachingTool\\backend\\node_modules\\.webpack-XGyvE2UN',
238 silly reify   'C:\\Users\\Nayan Curro School\\Documents\\SportCoachingTool\\backend\\node_modules\\@sinclair\\typebox': 'C:\\Users\\Nayan Curro School\\Documents\\SportCoachingTool\\backend\\node_modules\\@sinclair\\.typebox-qu8bCr0v',
238 silly reify   'C:\\Users\\Nayan Curro School\\Documents\\SportCoachingTool\\backend\\node_modules\\acorn': 'C:\\Users\\Nayan Curro School\\Documents\\SportCoachingTool\\backend\\node_modules\\.acorn-owk7GNRi',
238 silly reify   'C:\\Users\\Nayan Curro School\\Documents\\SportCoachingTool\\backend\\node_modules\\.bin\\acorn': 'C:\\Users\\Nayan Curro School\\Documents\\SportCoachingTool\\backend\\node_modules\\.bin\\.acorn-5pbDZbtA',
238 silly reify   'C:\\Users\\Nayan Curro School\\Documents\\SportCoachingTool\\backend\\node_modules\\.bin\\acorn.cmd': 'C:\\Users\\Nayan Curro School\\Documents\\SportCoachingTool\\backend\\node_modules\\.bin\\.acorn.cmd-2ggaqXKh',
238 silly reify   'C:\\Users\\Nayan Curro School\\Documents\\SportCoachingTool\\backend\\node_modules\\.bin\\acorn.ps1': 'C:\\Users\\Nayan Curro School\\Documents\\SportCoachingTool\\backend\\node_modules\\.bin\\.acorn.ps1-TDqsJioB',
238 silly reify   'C:\\Users\\Nayan Curro School\\Documents\\SportCoachingTool\\backend\\node_modules\\baseline-browser-mapping': 'C:\\Users\\Nayan Curro School\\Documents\\SportCoachingTool\\backend\\node_modules\\.baseline-browser-mapping-OiX3ZFxa',
238 silly reify   'C:\\Users\\Nayan Curro School\\Documents\\SportCoachingTool\\backend\\node_modules\\.bin\\baseline-browser-mapping': 'C:\\Users\\Nayan Curro School\\Documents\\SportCoachingTool\\backend\\node_modules\\.bin\\.baseline-browser-mapping-TXeYfrZb',
238 silly reify   'C:\\Users\\Nayan Curro School\\Documents\\SportCoachingTool\\backend\\node_modules\\.bin\\baseline-browser-mapping.cmd': 'C:\\Users\\Nayan Curro School\\Documents\\SportCoachingTool\\backend\\node_modules\\.bin\\.baseline-browser-mapping.cmd-H4Bu7qwi',
238 silly reify   'C:\\Users\\Nayan Curro School\\Documents\\SportCoachingTool\\backend\\node_modules\\.bin\\baseline-browser-mapping.ps1': 'C:\\Users\\Nayan Curro School\\Documents\\SportCoachingTool\\backend\\node_modules\\.bin\\.baseline-browser-mapping.ps1-1tBFH1xY',
238 silly reify   'C:\\Users\\Nayan Curro School\\Documents\\SportCoachingTool\\backend\\node_modules\\browserslist': 'C:\\Users\\Nayan Curro School\\Documents\\SportCoachingTool\\backend\\node_modules\\.browserslist-be26Bt6Y',
238 silly reify   'C:\\Users\\Nayan Curro School\\Documents\\SportCoachingTool\\backend\\node_modules\\.bin\\browserslist': 'C:\\Users\\Nayan Curro School\\Documents\\SportCoachingTool\\backend\\node_modules\\.bin\\.browserslist-fYsMp9DX',
238 silly reify   'C:\\Users\\Nayan Curro School\\Documents\\SportCoachingTool\\backend\\node_modules\\.bin\\browserslist.cmd': 'C:\\Users\\Nayan Curro School\\Documents\\SportCoachingTool\\backend\\node_modules\\.bin\\.browserslist.cmd-zpUrD4do',
238 silly reify   'C:\\Users\\Nayan Curro School\\Documents\\SportCoachingTool\\backend\\node_modules\\.bin\\browserslist.ps1': 'C:\\Users\\Nayan Curro School\\Documents\\SportCoachingTool\\backend\\node_modules\\.bin\\.browserslist.ps1-HWswGNno',
238 silly reify   'C:\\Users\\Nayan Curro School\\Documents\\SportCoachingTool\\backend\\node_modules\\eslint-config-prettier': 'C:\\Users\\Nayan Curro School\\Documents\\SportCoachingTool\\backend\\node_modules\\.eslint-config-prettier-8f18ptxd',
238 silly reify   'C:\\Users\\Nayan Curro School\\Documents\\SportCoachingTool\\backend\\node_modules\\.bin\\eslint-config-prettier': 'C:\\Users\\Nayan Curro School\\Documents\\SportCoachingTool\\backend\\node_modules\\.bin\\.eslint-config-prettier-0r2f1eaX',
238 silly reify   'C:\\Users\\Nayan Curro School\\Documents\\SportCoachingTool\\backend\\node_modules\\.bin\\eslint-config-prettier.cmd': 'C:\\Users\\Nayan Curro School\\Documents\\SportCoachingTool\\backend\\node_modules\\.bin\\.eslint-config-prettier.cmd-m2D8BZvo',
238 silly reify   'C:\\Users\\Nayan Curro School\\Documents\\SportCoachingTool\\backend\\node_modules\\.bin\\eslint-config-prettier.ps1': 'C:\\Users\\Nayan Curro School\\Documents\\SportCoachingTool\\backend\\node_modules\\.bin\\.eslint-config-prettier.ps1-IhhBQa1R',
238 silly reify   'C:\\Users\\Nayan Curro School\\Documents\\SportCoachingTool\\backend\\node_modules\\esprima': 'C:\\Users\\Nayan Curro School\\Documents\\SportCoachingTool\\backend\\node_modules\\.esprima-EMVqakjT',
238 silly reify   'C:\\Users\\Nayan Curro School\\Documents\\SportCoachingTool\\backend\\node_modules\\.bin\\esparse': 'C:\\Users\\Nayan Curro School\\Documents\\SportCoachingTool\\backend\\node_modules\\.bin\\.esparse-24rbElia',
238 silly reify   'C:\\Users\\Nayan Curro School\\Documents\\SportCoachingTool\\backend\\node_modules\\.bin\\esparse.cmd': 'C:\\Users\\Nayan Curro School\\Documents\\SportCoachingTool\\backend\\node_modules\\.bin\\.esparse.cmd-jJ7N7Qnv',
238 silly reify   'C:\\Users\\Nayan Curro School\\Documents\\SportCoachingTool\\backend\\node_modules\\.bin\\esparse.ps1': 'C:\\Users\\Nayan Curro School\\Documents\\SportCoachingTool\\backend\\node_modules\\.bin\\.esparse.ps1-GB7BoHqW',
238 silly reify   'C:\\Users\\Nayan Curro School\\Documents\\SportCoachingTool\\backend\\node_modules\\.bin\\esvalidate': 'C:\\Users\\Nayan Curro School\\Documents\\SportCoachingTool\\backend\\node_modules\\.bin\\.esvalidate-Q3WMaoCn',
238 silly reify   'C:\\Users\\Nayan Curro School\\Documents\\SportCoachingTool\\backend\\node_modules\\.bin\\esvalidate.cmd': 'C:\\Users\\Nayan Curro School\\Documents\\SportCoachingTool\\backend\\node_modules\\.bin\\.esvalidate.cmd-6Q2IOb3D',
238 silly reify   'C:\\Users\\Nayan Curro School\\Documents\\SportCoachingTool\\backend\\node_modules\\.bin\\esvalidate.ps1': 'C:\\Users\\Nayan Curro School\\Documents\\SportCoachingTool\\backend\\node_modules\\.bin\\.esvalidate.ps1-jAOYKw0I',
238 silly reify   'C:\\Users\\Nayan Curro School\\Documents\\SportCoachingTool\\backend\\node_modules\\handlebars': 'C:\\Users\\Nayan Curro School\\Documents\\SportCoachingTool\\backend\\node_modules\\.handlebars-2GpXozLW',
238 silly reify   'C:\\Users\\Nayan Curro School\\Documents\\SportCoachingTool\\backend\\node_modules\\.bin\\handlebars': 'C:\\Users\\Nayan Curro School\\Documents\\SportCoachingTool\\backend\\node_modules\\.bin\\.handlebars-qE31Z4yN',
238 silly reify   'C:\\Users\\Nayan Curro School\\Documents\\SportCoachingTool\\backend\\node_modules\\.bin\\handlebars.cmd': 'C:\\Users\\Nayan Curro School\\Documents\\SportCoachingTool\\backend\\node_modules\\.bin\\.handlebars.cmd-zIGnvihn',
238 silly reify   'C:\\Users\\Nayan Curro School\\Documents\\SportCoachingTool\\backend\\node_modules\\.bin\\handlebars.ps1': 'C:\\Users\\Nayan Curro School\\Documents\\SportCoachingTool\\backend\\node_modules\\.bin\\.handlebars.ps1-ouoKD3vb',
238 silly reify   'C:\\Users\\Nayan Curro School\\Documents\\SportCoachingTool\\backend\\node_modules\\import-local': 'C:\\Users\\Nayan Curro School\\Documents\\SportCoachingTool\\backend\\node_modules\\.import-local-xLeE6Zpe',
238 silly reify   'C:\\Users\\Nayan Curro School\\Documents\\SportCoachingTool\\backend\\node_modules\\.bin\\import-local-fixture': 'C:\\Users\\Nayan Curro School\\Documents\\SportCoachingTool\\backend\\node_modules\\.bin\\.import-local-fixture-9Kxx3zhI',
238 silly reify   'C:\\Users\\Nayan Curro School\\Documents\\SportCoachingTool\\backend\\node_modules\\.bin\\import-local-fixture.cmd': 'C:\\Users\\Nayan Curro School\\Documents\\SportCoachingTool\\backend\\node_modules\\.bin\\.import-local-fixture.cmd-LVJU0QHe',
238 silly reify   'C:\\Users\\Nayan Curro School\\Documents\\SportCoachingTool\\backend\\node_modules\\.bin\\import-local-fixture.ps1': 'C:\\Users\\Nayan Curro School\\Documents\\SportCoachingTool\\backend\\node_modules\\.bin\\.import-local-fixture.ps1-YslAMqDw',
238 silly reify   'C:\\Users\\Nayan Curro School\\Documents\\SportCoachingTool\\backend\\node_modules\\jest': 'C:\\Users\\Nayan Curro School\\Documents\\SportCoachingTool\\backend\\node_modules\\.jest-ATGpVSqD',
238 silly reify   'C:\\Users\\Nayan Curro School\\Documents\\SportCoachingTool\\backend\\node_modules\\.bin\\jest': 'C:\\Users\\Nayan Curro School\\Documents\\SportCoachingTool\\backend\\node_modules\\.bin\\.jest-J3Bc9PbP',
238 silly reify   'C:\\Users\\Nayan Curro School\\Documents\\SportCoachingTool\\backend\\node_modules\\.bin\\jest.cmd': 'C:\\Users\\Nayan Curro School\\Documents\\SportCoachingTool\\backend\\node_modules\\.bin\\.jest.cmd-JrXiiieR',
238 silly reify   'C:\\Users\\Nayan Curro School\\Documents\\SportCoachingTool\\backend\\node_modules\\.bin\\jest.ps1': 'C:\\Users\\Nayan Curro School\\Documents\\SportCoachingTool\\backend\\node_modules\\.bin\\.jest.ps1-6LohqpaW',
238 silly reify   'C:\\Users\\Nayan Curro School\\Documents\\SportCoachingTool\\backend\\node_modules\\jest-cli': 'C:\\Users\\Nayan Curro School\\Documents\\SportCoachingTool\\backend\\node_modules\\.jest-cli-WJmGcSfg',
238 silly reify   'C:\\Users\\Nayan Curro School\\Documents\\SportCoachingTool\\backend\\node_modules\\jest-config\\node_modules\\glob': 'C:\\Users\\Nayan Curro School\\Documents\\SportCoachingTool\\backend\\node_modules\\jest-config\\node_modules\\.glob-oZ1MQaAq',
238 silly reify   'C:\\Users\\Nayan Curro School\\Documents\\SportCoachingTool\\backend\\node_modules\\jest-config\\node_modules\\.bin\\glob': 'C:\\Users\\Nayan Curro School\\Documents\\SportCoachingTool\\backend\\node_modules\\jest-config\\node_modules\\.bin\\.glob-0prjf90b',
238 silly reify   'C:\\Users\\Nayan Curro School\\Documents\\SportCoachingTool\\backend\\node_modules\\jest-config\\node_modules\\.bin\\glob.cmd': 'C:\\Users\\Nayan Curro School\\Documents\\SportCoachingTool\\backend\\node_modules\\jest-config\\node_modules\\.bin\\.glob.cmd-6K2ZktGH',
238 silly reify   'C:\\Users\\Nayan Curro School\\Documents\\SportCoachingTool\\backend\\node_modules\\jest-config\\node_modules\\.bin\\glob.ps1': 'C:\\Users\\Nayan Curro School\\Documents\\SportCoachingTool\\backend\\node_modules\\jest-config\\node_modules\\.bin\\.glob.ps1-gUkwbXro',
238 silly reify   'C:\\Users\\Nayan Curro School\\Documents\\SportCoachingTool\\backend\\node_modules\\jest-runtime\\node_modules\\glob': 'C:\\Users\\Nayan Curro School\\Documents\\SportCoachingTool\\backend\\node_modules\\jest-runtime\\node_modules\\.glob-NmtiVJHM',
238 silly reify   'C:\\Users\\Nayan Curro School\\Documents\\SportCoachingTool\\backend\\node_modules\\jest-runtime\\node_modules\\.bin\\glob': 'C:\\Users\\Nayan Curro School\\Documents\\SportCoachingTool\\backend\\node_modules\\jest-runtime\\node_modules\\.bin\\.glob-Q9ccAsX7',
238 silly reify   'C:\\Users\\Nayan Curro School\\Documents\\SportCoachingTool\\backend\\node_modules\\jest-runtime\\node_modules\\.bin\\glob.cmd': 'C:\\Users\\Nayan Curro School\\Documents\\SportCoachingTool\\backend\\node_modules\\jest-runtime\\node_modules\\.bin\\.glob.cmd-iojBIs51',
238 silly reify   'C:\\Users\\Nayan Curro School\\Documents\\SportCoachingTool\\backend\\node_modules\\jest-runtime\\node_modules\\.bin\\glob.ps1': 'C:\\Users\\Nayan Curro School\\Documents\\SportCoachingTool\\backend\\node_modules\\jest-runtime\\node_modules\\.bin\\.glob.ps1-59HO606t',
238 silly reify   'C:\\Users\\Nayan Curro School\\Documents\\SportCoachingTool\\backend\\node_modules\\js-yaml': 'C:\\Users\\Nayan Curro School\\Documents\\SportCoachingTool\\backend\\node_modules\\.js-yaml-VUfDU2P1',
238 silly reify   'C:\\Users\\Nayan Curro School\\Documents\\SportCoachingTool\\backend\\node_modules\\.bin\\js-yaml': 'C:\\Users\\Nayan Curro School\\Documents\\SportCoachingTool\\backend\\node_modules\\.bin\\.js-yaml-DLwt5c0e',
238 silly reify   'C:\\Users\\Nayan Curro School\\Documents\\SportCoachingTool\\backend\\node_modules\\.bin\\js-yaml.cmd': 'C:\\Users\\Nayan Curro School\\Documents\\SportCoachingTool\\backend\\node_modules\\.bin\\.js-yaml.cmd-bTZoAn7Y',
238 silly reify   'C:\\Users\\Nayan Curro School\\Documents\\SportCoachingTool\\backend\\node_modules\\.bin\\js-yaml.ps1': 'C:\\Users\\Nayan Curro School\\Documents\\SportCoachingTool\\backend\\node_modules\\.bin\\.js-yaml.ps1-kBQfoZSl',
238 silly reify   'C:\\Users\\Nayan Curro School\\Documents\\SportCoachingTool\\backend\\node_modules\\jsesc': 'C:\\Users\\Nayan Curro School\\Documents\\SportCoachingTool\\backend\\node_modules\\.jsesc-trjOD2Lk',
238 silly reify   'C:\\Users\\Nayan Curro School\\Documents\\SportCoachingTool\\backend\\node_modules\\.bin\\jsesc': 'C:\\Users\\Nayan Curro School\\Documents\\SportCoachingTool\\backend\\node_modules\\.bin\\.jsesc-DbocZm6x',
238 silly reify   'C:\\Users\\Nayan Curro School\\Documents\\SportCoachingTool\\backend\\node_modules\\.bin\\jsesc.cmd': 'C:\\Users\\Nayan Curro School\\Documents\\SportCoachingTool\\backend\\node_modules\\.bin\\.jsesc.cmd-Xn1S3KYw',
238 silly reify   'C:\\Users\\Nayan Curro School\\Documents\\SportCoachingTool\\backend\\node_modules\\.bin\\jsesc.ps1': 'C:\\Users\\Nayan Curro School\\Documents\\SportCoachingTool\\backend\\node_modules\\.bin\\.jsesc.ps1-I6Tm5UfR',
238 silly reify   'C:\\Users\\Nayan Curro School\\Documents\\SportCoachingTool\\backend\\node_modules\\json5': 'C:\\Users\\Nayan Curro School\\Documents\\SportCoachingTool\\backend\\node_modules\\.json5-GQpm8jft',
238 silly reify   'C:\\Users\\Nayan Curro School\\Documents\\SportCoachingTool\\backend\\node_modules\\.bin\\json5': 'C:\\Users\\Nayan Curro School\\Documents\\SportCoachingTool\\backend\\node_modules\\.bin\\.json5-CT9RyKlK',
238 silly reify   'C:\\Users\\Nayan Curro School\\Documents\\SportCoachingTool\\backend\\node_modules\\.bin\\json5.cmd': 'C:\\Users\\Nayan Curro School\\Documents\\SportCoachingTool\\backend\\node_modules\\.bin\\.json5.cmd-ub3xsN6h',
238 silly reify   'C:\\Users\\Nayan Curro School\\Documents\\SportCoachingTool\\backend\\node_modules\\.bin\\json5.ps1': 'C:\\Users\\Nayan Curro School\\Documents\\SportCoachingTool\\backend\\node_modules\\.bin\\.json5.ps1-YC5JcSLl',
238 silly reify   'C:\\Users\\Nayan Curro School\\Documents\\SportCoachingTool\\backend\\node_modules\\mime': 'C:\\Users\\Nayan Curro School\\Documents\\SportCoachingTool\\backend\\node_modules\\.mime-Q68yfDZq',
238 silly reify   'C:\\Users\\Nayan Curro School\\Documents\\SportCoachingTool\\backend\\node_modules\\.bin\\mime': 'C:\\Users\\Nayan Curro School\\Documents\\SportCoachingTool\\backend\\node_modules\\.bin\\.mime-YgxzwU5J',
238 silly reify   'C:\\Users\\Nayan Curro School\\Documents\\SportCoachingTool\\backend\\node_modules\\.bin\\mime.cmd': 'C:\\Users\\Nayan Curro School\\Documents\\SportCoachingTool\\backend\\node_modules\\.bin\\.mime.cmd-TReo107N',
238 silly reify   'C:\\Users\\Nayan Curro School\\Documents\\SportCoachingTool\\backend\\node_modules\\.bin\\mime.ps1': 'C:\\Users\\Nayan Curro School\\Documents\\SportCoachingTool\\backend\\node_modules\\.bin\\.mime.ps1-lxoXxZmJ',
238 silly reify   'C:\\Users\\Nayan Curro School\\Documents\\SportCoachingTool\\backend\\node_modules\\napi-postinstall': 'C:\\Users\\Nayan Curro School\\Documents\\SportCoachingTool\\backend\\node_modules\\.napi-postinstall-oN1OX8GR',
238 silly reify   'C:\\Users\\Nayan Curro School\\Documents\\SportCoachingTool\\backend\\node_modules\\.bin\\napi-postinstall': 'C:\\Users\\Nayan Curro School\\Documents\\SportCoachingTool\\backend\\node_modules\\.bin\\.napi-postinstall-3o9XSX5v',
238 silly reify   'C:\\Users\\Nayan Curro School\\Documents\\SportCoachingTool\\backend\\node_modules\\.bin\\napi-postinstall.cmd': 'C:\\Users\\Nayan Curro School\\Documents\\SportCoachingTool\\backend\\node_modules\\.bin\\.napi-postinstall.cmd-QkWVe9sT',
238 silly reify   'C:\\Users\\Nayan Curro School\\Documents\\SportCoachingTool\\backend\\node_modules\\.bin\\napi-postinstall.ps1': 'C:\\Users\\Nayan Curro School\\Documents\\SportCoachingTool\\backend\\node_modules\\.bin\\.napi-postinstall.ps1-BE9a6roO',
238 silly reify   'C:\\Users\\Nayan Curro School\\Documents\\SportCoachingTool\\backend\\node_modules\\prettier': 'C:\\Users\\Nayan Curro School\\Documents\\SportCoachingTool\\backend\\node_modules\\.prettier-gRWhe5lF',
238 silly reify   'C:\\Users\\Nayan Curro School\\Documents\\SportCoachingTool\\backend\\node_modules\\.bin\\prettier': 'C:\\Users\\Nayan Curro School\\Documents\\SportCoachingTool\\backend\\node_modules\\.bin\\.prettier-aoLKmCeb',
238 silly reify   'C:\\Users\\Nayan Curro School\\Documents\\SportCoachingTool\\backend\\node_modules\\.bin\\prettier.cmd': 'C:\\Users\\Nayan Curro School\\Documents\\SportCoachingTool\\backend\\node_modules\\.bin\\.prettier.cmd-tzdRlIuH',
238 silly reify   'C:\\Users\\Nayan Curro School\\Documents\\SportCoachingTool\\backend\\node_modules\\.bin\\prettier.ps1': 'C:\\Users\\Nayan Curro School\\Documents\\SportCoachingTool\\backend\\node_modules\\.bin\\.prettier.ps1-ZnuTO5yk',
238 silly reify   'C:\\Users\\Nayan Curro School\\Documents\\SportCoachingTool\\backend\\node_modules\\semver': 'C:\\Users\\Nayan Curro School\\Documents\\SportCoachingTool\\backend\\node_modules\\.semver-pVNKPymG',
238 silly reify   'C:\\Users\\Nayan Curro School\\Documents\\SportCoachingTool\\backend\\node_modules\\.bin\\semver': 'C:\\Users\\Nayan Curro School\\Documents\\SportCoachingTool\\backend\\node_modules\\.bin\\.semver-3Rhb47UK',
238 silly reify   'C:\\Users\\Nayan Curro School\\Documents\\SportCoachingTool\\backend\\node_modules\\.bin\\semver.cmd': 'C:\\Users\\Nayan Curro School\\Documents\\SportCoachingTool\\backend\\node_modules\\.bin\\.semver.cmd-OnmanpyP',
238 silly reify   'C:\\Users\\Nayan Curro School\\Documents\\SportCoachingTool\\backend\\node_modules\\.bin\\semver.ps1': 'C:\\Users\\Nayan Curro School\\Documents\\SportCoachingTool\\backend\\node_modules\\.bin\\.semver.ps1-SHW8Sivz',
238 silly reify   'C:\\Users\\Nayan Curro School\\Documents\\SportCoachingTool\\backend\\node_modules\\terser': 'C:\\Users\\Nayan Curro School\\Documents\\SportCoachingTool\\backend\\node_modules\\.terser-l5nSeX0r',
238 silly reify   'C:\\Users\\Nayan Curro School\\Documents\\SportCoachingTool\\backend\\node_modules\\.bin\\terser': 'C:\\Users\\Nayan Curro School\\Documents\\SportCoachingTool\\backend\\node_modules\\.bin\\.terser-OFxbIXfg',
238 silly reify   'C:\\Users\\Nayan Curro School\\Documents\\SportCoachingTool\\backend\\node_modules\\.bin\\terser.cmd': 'C:\\Users\\Nayan Curro School\\Documents\\SportCoachingTool\\backend\\node_modules\\.bin\\.terser.cmd-dD16SJd6',
238 silly reify   'C:\\Users\\Nayan Curro School\\Documents\\SportCoachingTool\\backend\\node_modules\\.bin\\terser.ps1': 'C:\\Users\\Nayan Curro School\\Documents\\SportCoachingTool\\backend\\node_modules\\.bin\\.terser.ps1-WAfikvQ9',
238 silly reify   'C:\\Users\\Nayan Curro School\\Documents\\SportCoachingTool\\backend\\node_modules\\ts-jest': 'C:\\Users\\Nayan Curro School\\Documents\\SportCoachingTool\\backend\\node_modules\\.ts-jest-haDkozZV',
238 silly reify   'C:\\Users\\Nayan Curro School\\Documents\\SportCoachingTool\\backend\\node_modules\\.bin\\ts-jest': 'C:\\Users\\Nayan Curro School\\Documents\\SportCoachingTool\\backend\\node_modules\\.bin\\.ts-jest-YELGKL6K',
238 silly reify   'C:\\Users\\Nayan Curro School\\Documents\\SportCoachingTool\\backend\\node_modules\\.bin\\ts-jest.cmd': 'C:\\Users\\Nayan Curro School\\Documents\\SportCoachingTool\\backend\\node_modules\\.bin\\.ts-jest.cmd-JuQqqXKF',
238 silly reify   'C:\\Users\\Nayan Curro School\\Documents\\SportCoachingTool\\backend\\node_modules\\.bin\\ts-jest.ps1': 'C:\\Users\\Nayan Curro School\\Documents\\SportCoachingTool\\backend\\node_modules\\.bin\\.ts-jest.ps1-OnH08pRu',
238 silly reify   'C:\\Users\\Nayan Curro School\\Documents\\SportCoachingTool\\backend\\node_modules\\ts-node': 'C:\\Users\\Nayan Curro School\\Documents\\SportCoachingTool\\backend\\node_modules\\.ts-node-WfcErRDS',
238 silly reify   'C:\\Users\\Nayan Curro School\\Documents\\SportCoachingTool\\backend\\node_modules\\.bin\\ts-node': 'C:\\Users\\Nayan Curro School\\Documents\\SportCoachingTool\\backend\\node_modules\\.bin\\.ts-node-ZjHlafR6',
238 silly reify   'C:\\Users\\Nayan Curro School\\Documents\\SportCoachingTool\\backend\\node_modules\\.bin\\ts-node.cmd': 'C:\\Users\\Nayan Curro School\\Documents\\SportCoachingTool\\backend\\node_modules\\.bin\\.ts-node.cmd-uYdYcDAX',
238 silly reify   'C:\\Users\\Nayan Curro School\\Documents\\SportCoachingTool\\backend\\node_modules\\.bin\\ts-node.ps1': 'C:\\Users\\Nayan Curro School\\Documents\\SportCoachingTool\\backend\\node_modules\\.bin\\.ts-node.ps1-8n3ZHh8M',
238 silly reify   'C:\\Users\\Nayan Curro School\\Documents\\SportCoachingTool\\backend\\node_modules\\.bin\\ts-node-cwd': 'C:\\Users\\Nayan Curro School\\Documents\\SportCoachingTool\\backend\\node_modules\\.bin\\.ts-node-cwd-DidxhYKL',
238 silly reify   'C:\\Users\\Nayan Curro School\\Documents\\SportCoachingTool\\backend\\node_modules\\.bin\\ts-node-cwd.cmd': 'C:\\Users\\Nayan Curro School\\Documents\\SportCoachingTool\\backend\\node_modules\\.bin\\.ts-node-cwd.cmd-JQBIQWs3',
238 silly reify   'C:\\Users\\Nayan Curro School\\Documents\\SportCoachingTool\\backend\\node_modules\\.bin\\ts-node-cwd.ps1': 'C:\\Users\\Nayan Curro School\\Documents\\SportCoachingTool\\backend\\node_modules\\.bin\\.ts-node-cwd.ps1-o94zJsw5',
238 silly reify   'C:\\Users\\Nayan Curro School\\Documents\\SportCoachingTool\\backend\\node_modules\\.bin\\ts-node-esm': 'C:\\Users\\Nayan Curro School\\Documents\\SportCoachingTool\\backend\\node_modules\\.bin\\.ts-node-esm-1SwamQUN',
238 silly reify   'C:\\Users\\Nayan Curro School\\Documents\\SportCoachingTool\\backend\\node_modules\\.bin\\ts-node-esm.cmd': 'C:\\Users\\Nayan Curro School\\Documents\\SportCoachingTool\\backend\\node_modules\\.bin\\.ts-node-esm.cmd-XfJ5UvgQ',
238 silly reify   'C:\\Users\\Nayan Curro School\\Documents\\SportCoachingTool\\backend\\node_modules\\.bin\\ts-node-esm.ps1': 'C:\\Users\\Nayan Curro School\\Documents\\SportCoachingTool\\backend\\node_modules\\.bin\\.ts-node-esm.ps1-efCIiGSO',
238 silly reify   'C:\\Users\\Nayan Curro School\\Documents\\SportCoachingTool\\backend\\node_modules\\.bin\\ts-node-script': 'C:\\Users\\Nayan Curro School\\Documents\\SportCoachingTool\\backend\\node_modules\\.bin\\.ts-node-script-Di7yFxsh',
238 silly reify   'C:\\Users\\Nayan Curro School\\Documents\\SportCoachingTool\\backend\\node_modules\\.bin\\ts-node-script.cmd': 'C:\\Users\\Nayan Curro School\\Documents\\SportCoachingTool\\backend\\node_modules\\.bin\\.ts-node-script.cmd-v9dRAdir',
238 silly reify   'C:\\Users\\Nayan Curro School\\Documents\\SportCoachingTool\\backend\\node_modules\\.bin\\ts-node-script.ps1': 'C:\\Users\\Nayan Curro School\\Documents\\SportCoachingTool\\backend\\node_modules\\.bin\\.ts-node-script.ps1-YMscJv8X',
238 silly reify   'C:\\Users\\Nayan Curro School\\Documents\\SportCoachingTool\\backend\\node_modules\\.bin\\ts-node-transpile-only': 'C:\\Users\\Nayan Curro School\\Documents\\SportCoachingTool\\backend\\node_modules\\.bin\\.ts-node-transpile-only-gDEWgaob',
238 silly reify   'C:\\Users\\Nayan Curro School\\Documents\\SportCoachingTool\\backend\\node_modules\\.bin\\ts-node-transpile-only.cmd': 'C:\\Users\\Nayan Curro School\\Documents\\SportCoachingTool\\backend\\node_modules\\.bin\\.ts-node-transpile-only.cmd-V4JGtAt2',
238 silly reify   'C:\\Users\\Nayan Curro School\\Documents\\SportCoachingTool\\backend\\node_modules\\.bin\\ts-node-transpile-only.ps1': 'C:\\Users\\Nayan Curro School\\Documents\\SportCoachingTool\\backend\\node_modules\\.bin\\.ts-node-transpile-only.ps1-szgpQexq',
238 silly reify   'C:\\Users\\Nayan Curro School\\Documents\\SportCoachingTool\\backend\\node_modules\\.bin\\ts-script': 'C:\\Users\\Nayan Curro School\\Documents\\SportCoachingTool\\backend\\node_modules\\.bin\\.ts-script-bhFuuG4f',
238 silly reify   'C:\\Users\\Nayan Curro School\\Documents\\SportCoachingTool\\backend\\node_modules\\.bin\\ts-script.cmd': 'C:\\Users\\Nayan Curro School\\Documents\\SportCoachingTool\\backend\\node_modules\\.bin\\.ts-script.cmd-7lTATvDA',
238 silly reify   'C:\\Users\\Nayan Curro School\\Documents\\SportCoachingTool\\backend\\node_modules\\.bin\\ts-script.ps1': 'C:\\Users\\Nayan Curro School\\Documents\\SportCoachingTool\\backend\\node_modules\\.bin\\.ts-script.ps1-6pmURSzO',
238 silly reify   'C:\\Users\\Nayan Curro School\\Documents\\SportCoachingTool\\backend\\node_modules\\typescript': 'C:\\Users\\Nayan Curro School\\Documents\\SportCoachingTool\\backend\\node_modules\\.typescript-XcrlfhsA',
238 silly reify   'C:\\Users\\Nayan Curro School\\Documents\\SportCoachingTool\\backend\\node_modules\\.bin\\tsc': 'C:\\Users\\Nayan Curro School\\Documents\\SportCoachingTool\\backend\\node_modules\\.bin\\.tsc-gi07t0Vn',
238 silly reify   'C:\\Users\\Nayan Curro School\\Documents\\SportCoachingTool\\backend\\node_modules\\.bin\\tsc.cmd': 'C:\\Users\\Nayan Curro School\\Documents\\SportCoachingTool\\backend\\node_modules\\.bin\\.tsc.cmd-NcTbvZuN',
238 silly reify   'C:\\Users\\Nayan Curro School\\Documents\\SportCoachingTool\\backend\\node_modules\\.bin\\tsc.ps1': 'C:\\Users\\Nayan Curro School\\Documents\\SportCoachingTool\\backend\\node_modules\\.bin\\.tsc.ps1-lBVDGoVw',
238 silly reify   'C:\\Users\\Nayan Curro School\\Documents\\SportCoachingTool\\backend\\node_modules\\.bin\\tsserver': 'C:\\Users\\Nayan Curro School\\Documents\\SportCoachingTool\\backend\\node_modules\\.bin\\.tsserver-DcjzZQJT',
238 silly reify   'C:\\Users\\Nayan Curro School\\Documents\\SportCoachingTool\\backend\\node_modules\\.bin\\tsserver.cmd': 'C:\\Users\\Nayan Curro School\\Documents\\SportCoachingTool\\backend\\node_modules\\.bin\\.tsserver.cmd-By0aThAw',
238 silly reify   'C:\\Users\\Nayan Curro School\\Documents\\SportCoachingTool\\backend\\node_modules\\.bin\\tsserver.ps1': 'C:\\Users\\Nayan Curro School\\Documents\\SportCoachingTool\\backend\\node_modules\\.bin\\.tsserver.ps1-dj4wIdon',
238 silly reify   'C:\\Users\\Nayan Curro School\\Documents\\SportCoachingTool\\backend\\node_modules\\uglify-js': 'C:\\Users\\Nayan Curro School\\Documents\\SportCoachingTool\\backend\\node_modules\\.uglify-js-ocWFVi8E',
238 silly reify   'C:\\Users\\Nayan Curro School\\Documents\\SportCoachingTool\\backend\\node_modules\\.bin\\uglifyjs': 'C:\\Users\\Nayan Curro School\\Documents\\SportCoachingTool\\backend\\node_modules\\.bin\\.uglifyjs-zUJEBK9J',
238 silly reify   'C:\\Users\\Nayan Curro School\\Documents\\SportCoachingTool\\backend\\node_modules\\.bin\\uglifyjs.cmd': 'C:\\Users\\Nayan Curro School\\Documents\\SportCoachingTool\\backend\\node_modules\\.bin\\.uglifyjs.cmd-cjc9NK0s',
238 silly reify   'C:\\Users\\Nayan Curro School\\Documents\\SportCoachingTool\\backend\\node_modules\\.bin\\uglifyjs.ps1': 'C:\\Users\\Nayan Curro School\\Documents\\SportCoachingTool\\backend\\node_modules\\.bin\\.uglifyjs.ps1-Cv087xr3',
238 silly reify   'C:\\Users\\Nayan Curro School\\Documents\\SportCoachingTool\\backend\\node_modules\\update-browserslist-db': 'C:\\Users\\Nayan Curro School\\Documents\\SportCoachingTool\\backend\\node_modules\\.update-browserslist-db-Z35trn3m',
238 silly reify   'C:\\Users\\Nayan Curro School\\Documents\\SportCoachingTool\\backend\\node_modules\\.bin\\update-browserslist-db': 'C:\\Users\\Nayan Curro School\\Documents\\SportCoachingTool\\backend\\node_modules\\.bin\\.update-browserslist-db-z7FsZ0bd',
238 silly reify   'C:\\Users\\Nayan Curro School\\Documents\\SportCoachingTool\\backend\\node_modules\\.bin\\update-browserslist-db.cmd': 'C:\\Users\\Nayan Curro School\\Documents\\SportCoachingTool\\backend\\node_modules\\.bin\\.update-browserslist-db.cmd-Qmgr4zmi',
238 silly reify   'C:\\Users\\Nayan Curro School\\Documents\\SportCoachingTool\\backend\\node_modules\\.bin\\update-browserslist-db.ps1': 'C:\\Users\\Nayan Curro School\\Documents\\SportCoachingTool\\backend\\node_modules\\.bin\\.update-browserslist-db.ps1-DjqzUojg',
238 silly reify   'C:\\Users\\Nayan Curro School\\Documents\\SportCoachingTool\\backend\\node_modules\\which': 'C:\\Users\\Nayan Curro School\\Documents\\SportCoachingTool\\backend\\node_modules\\.which-qxrxhFOo',
238 silly reify   'C:\\Users\\Nayan Curro School\\Documents\\SportCoachingTool\\backend\\node_modules\\.bin\\node-which': 'C:\\Users\\Nayan Curro School\\Documents\\SportCoachingTool\\backend\\node_modules\\.bin\\.node-which-MJcYJajW',
238 silly reify   'C:\\Users\\Nayan Curro School\\Documents\\SportCoachingTool\\backend\\node_modules\\.bin\\node-which.cmd': 'C:\\Users\\Nayan Curro School\\Documents\\SportCoachingTool\\backend\\node_modules\\.bin\\.node-which.cmd-cRD75Yep',
238 silly reify   'C:\\Users\\Nayan Curro School\\Documents\\SportCoachingTool\\backend\\node_modules\\.bin\\node-which.ps1': 'C:\\Users\\Nayan Curro School\\Documents\\SportCoachingTool\\backend\\node_modules\\.bin\\.node-which.ps1-quLx5U0c',
238 silly reify   'C:\\Users\\Nayan Curro School\\Documents\\SportCoachingTool\\backend\\node_modules\\@angular-devkit\\core\\node_modules\\rxjs': 'C:\\Users\\Nayan Curro School\\Documents\\SportCoachingTool\\backend\\node_modules\\@angular-devkit\\core\\node_modules\\.rxjs-CNbvCmd7',
238 silly reify   'C:\\Users\\Nayan Curro School\\Documents\\SportCoachingTool\\backend\\node_modules\\@angular-devkit\\schematics\\node_modules\\rxjs': 'C:\\Users\\Nayan Curro School\\Documents\\SportCoachingTool\\backend\\node_modules\\@angular-devkit\\schematics\\node_modules\\.rxjs-9axj5H56',
238 silly reify   'C:\\Users\\Nayan Curro School\\Documents\\SportCoachingTool\\backend\\node_modules\\@angular-devkit\\schematics-cli': 'C:\\Users\\Nayan Curro School\\Documents\\SportCoachingTool\\backend\\node_modules\\@angular-devkit\\.schematics-cli-FU86pvxl',
238 silly reify   'C:\\Users\\Nayan Curro School\\Documents\\SportCoachingTool\\backend\\node_modules\\.bin\\schematics': 'C:\\Users\\Nayan Curro School\\Documents\\SportCoachingTool\\backend\\node_modules\\.bin\\.schematics-DF4sZeU1',
238 silly reify   'C:\\Users\\Nayan Curro School\\Documents\\SportCoachingTool\\backend\\node_modules\\.bin\\schematics.cmd': 'C:\\Users\\Nayan Curro School\\Documents\\SportCoachingTool\\backend\\node_modules\\.bin\\.schematics.cmd-3BeQP0td',
238 silly reify   'C:\\Users\\Nayan Curro School\\Documents\\SportCoachingTool\\backend\\node_modules\\.bin\\schematics.ps1': 'C:\\Users\\Nayan Curro School\\Documents\\SportCoachingTool\\backend\\node_modules\\.bin\\.schematics.ps1-3ImJji6J',
238 silly reify   'C:\\Users\\Nayan Curro School\\Documents\\SportCoachingTool\\backend\\node_modules\\@babel\\core\\node_modules\\semver': 'C:\\Users\\Nayan Curro School\\Documents\\SportCoachingTool\\backend\\node_modules\\@babel\\core\\node_modules\\.semver-ThSYECZa',
238 silly reify   'C:\\Users\\Nayan Curro School\\Documents\\SportCoachingTool\\backend\\node_modules\\@babel\\core\\node_modules\\.bin\\semver': 'C:\\Users\\Nayan Curro School\\Documents\\SportCoachingTool\\backend\\node_modules\\@babel\\core\\node_modules\\.bin\\.semver-QYeCPYkH',
238 silly reify   'C:\\Users\\Nayan Curro School\\Documents\\SportCoachingTool\\backend\\node_modules\\@babel\\core\\node_modules\\.bin\\semver.cmd': 'C:\\Users\\Nayan Curro School\\Documents\\SportCoachingTool\\backend\\node_modules\\@babel\\core\\node_modules\\.bin\\.semver.cmd-yOLYEF7x',
238 silly reify   'C:\\Users\\Nayan Curro School\\Documents\\SportCoachingTool\\backend\\node_modules\\@babel\\core\\node_modules\\.bin\\semver.ps1': 'C:\\Users\\Nayan Curro School\\Documents\\SportCoachingTool\\backend\\node_modules\\@babel\\core\\node_modules\\.bin\\.semver.ps1-Jsu00eK2',
238 silly reify   'C:\\Users\\Nayan Curro School\\Documents\\SportCoachingTool\\backend\\node_modules\\@babel\\helper-compilation-targets\\node_modules\\semver': 'C:\\Users\\Nayan Curro School\\Documents\\SportCoachingTool\\backend\\node_modules\\@babel\\helper-compilation-targets\\node_modules\\.semver-Y1S2DoBR',
238 silly reify   'C:\\Users\\Nayan Curro School\\Documents\\SportCoachingTool\\backend\\node_modules\\@babel\\helper-compilation-targets\\node_modules\\.bin\\semver': 'C:\\Users\\Nayan Curro School\\Documents\\SportCoachingTool\\backend\\node_modules\\@babel\\helper-compilation-targets\\node_modules\\.bin\\.semver-tdwldvGU',
238 silly reify   'C:\\Users\\Nayan Curro School\\Documents\\SportCoachingTool\\backend\\node_modules\\@babel\\helper-compilation-targets\\node_modules\\.bin\\semver.cmd': 'C:\\Users\\Nayan Curro School\\Documents\\SportCoachingTool\\backend\\node_modules\\@babel\\helper-compilation-targets\\node_modules\\.bin\\.semver.cmd-olALoBeJ',
238 silly reify   'C:\\Users\\Nayan Curro School\\Documents\\SportCoachingTool\\backend\\node_modules\\@babel\\helper-compilation-targets\\node_modules\\.bin\\semver.ps1': 'C:\\Users\\Nayan Curro School\\Documents\\SportCoachingTool\\backend\\node_modules\\@babel\\helper-compilation-targets\\node_modules\\.bin\\.semver.ps1-0Wl9SMzd',
238 silly reify   'C:\\Users\\Nayan Curro School\\Documents\\SportCoachingTool\\backend\\node_modules\\@babel\\parser': 'C:\\Users\\Nayan Curro School\\Documents\\SportCoachingTool\\backend\\node_modules\\@babel\\.parser-4Aciuz5l',
238 silly reify   'C:\\Users\\Nayan Curro School\\Documents\\SportCoachingTool\\backend\\node_modules\\.bin\\parser': 'C:\\Users\\Nayan Curro School\\Documents\\SportCoachingTool\\backend\\node_modules\\.bin\\.parser-PGhoWhOm',
238 silly reify   'C:\\Users\\Nayan Curro School\\Documents\\SportCoachingTool\\backend\\node_modules\\.bin\\parser.cmd': 'C:\\Users\\Nayan Curro School\\Documents\\SportCoachingTool\\backend\\node_modules\\.bin\\.parser.cmd-PcOHxLpJ',
238 silly reify   'C:\\Users\\Nayan Curro School\\Documents\\SportCoachingTool\\backend\\node_modules\\.bin\\parser.ps1': 'C:\\Users\\Nayan Curro School\\Documents\\SportCoachingTool\\backend\\node_modules\\.bin\\.parser.ps1-wIEHSPK9',
238 silly reify   'C:\\Users\\Nayan Curro School\\Documents\\SportCoachingTool\\backend\\node_modules\\@istanbuljs\\load-nyc-config\\node_modules\\js-yaml': 'C:\\Users\\Nayan Curro School\\Documents\\SportCoachingTool\\backend\\node_modules\\@istanbuljs\\load-nyc-config\\node_modules\\.js-yaml-bxeZQsAs',
238 silly reify   'C:\\Users\\Nayan Curro School\\Documents\\SportCoachingTool\\backend\\node_modules\\@istanbuljs\\load-nyc-config\\node_modules\\.bin\\js-yaml': 'C:\\Users\\Nayan Curro School\\Documents\\SportCoachingTool\\backend\\node_modules\\@istanbuljs\\load-nyc-config\\node_modules\\.bin\\.js-yaml-UiDLBNjw',
238 silly reify   'C:\\Users\\Nayan Curro School\\Documents\\SportCoachingTool\\backend\\node_modules\\@istanbuljs\\load-nyc-config\\node_modules\\.bin\\js-yaml.cmd': 'C:\\Users\\Nayan Curro School\\Documents\\SportCoachingTool\\backend\\node_modules\\@istanbuljs\\load-nyc-config\\node_modules\\.bin\\.js-yaml.cmd-bLXubYNY',
238 silly reify   'C:\\Users\\Nayan Curro School\\Documents\\SportCoachingTool\\backend\\node_modules\\@istanbuljs\\load-nyc-config\\node_modules\\.bin\\js-yaml.ps1': 'C:\\Users\\Nayan Curro School\\Documents\\SportCoachingTool\\backend\\node_modules\\@istanbuljs\\load-nyc-config\\node_modules\\.bin\\.js-yaml.ps1-bVMbvmOm',
238 silly reify   'C:\\Users\\Nayan Curro School\\Documents\\SportCoachingTool\\backend\\node_modules\\@jest\\reporters\\node_modules\\glob': 'C:\\Users\\Nayan Curro School\\Documents\\SportCoachingTool\\backend\\node_modules\\@jest\\reporters\\node_modules\\.glob-z92OcI6A',
238 silly reify   'C:\\Users\\Nayan Curro School\\Documents\\SportCoachingTool\\backend\\node_modules\\@jest\\reporters\\node_modules\\.bin\\glob': 'C:\\Users\\Nayan Curro School\\Documents\\SportCoachingTool\\backend\\node_modules\\@jest\\reporters\\node_modules\\.bin\\.glob-IiWd07PF',
238 silly reify   'C:\\Users\\Nayan Curro School\\Documents\\SportCoachingTool\\backend\\node_modules\\@jest\\reporters\\node_modules\\.bin\\glob.cmd': 'C:\\Users\\Nayan Curro School\\Documents\\SportCoachingTool\\backend\\node_modules\\@jest\\reporters\\node_modules\\.bin\\.glob.cmd-fSrhxUSj',
238 silly reify   'C:\\Users\\Nayan Curro School\\Documents\\SportCoachingTool\\backend\\node_modules\\@jest\\reporters\\node_modules\\.bin\\glob.ps1': 'C:\\Users\\Nayan Curro School\\Documents\\SportCoachingTool\\backend\\node_modules\\@jest\\reporters\\node_modules\\.bin\\.glob.ps1-ssxieQRA',
238 silly reify   'C:\\Users\\Nayan Curro School\\Documents\\SportCoachingTool\\backend\\node_modules\\@nestjs\\cli': 'C:\\Users\\Nayan Curro School\\Documents\\SportCoachingTool\\backend\\node_modules\\@nestjs\\.cli-dqUSC5tO',
238 silly reify   'C:\\Users\\Nayan Curro School\\Documents\\SportCoachingTool\\backend\\node_modules\\.bin\\nest': 'C:\\Users\\Nayan Curro School\\Documents\\SportCoachingTool\\backend\\node_modules\\.bin\\.nest-yLVKyjoB',
238 silly reify   'C:\\Users\\Nayan Curro School\\Documents\\SportCoachingTool\\backend\\node_modules\\.bin\\nest.cmd': 'C:\\Users\\Nayan Curro School\\Documents\\SportCoachingTool\\backend\\node_modules\\.bin\\.nest.cmd-52rBXRiY',
238 silly reify   'C:\\Users\\Nayan Curro School\\Documents\\SportCoachingTool\\backend\\node_modules\\.bin\\nest.ps1': 'C:\\Users\\Nayan Curro School\\Documents\\SportCoachingTool\\backend\\node_modules\\.bin\\.nest.ps1-xatncAUy',
238 silly reify   'C:\\Users\\Nayan Curro School\\Documents\\SportCoachingTool\\backend\\node_modules\\@nestjs\\schematics\\node_modules\\rxjs': 'C:\\Users\\Nayan Curro School\\Documents\\SportCoachingTool\\backend\\node_modules\\@nestjs\\schematics\\node_modules\\.rxjs-RtrBugwK'
238 silly reify }
239 silly audit bulk request {
239 silly audit   ajv: [ '6.15.0', '8.20.0', '8.18.0' ],
239 silly audit   'ajv-keywords': [ '3.5.2', '5.1.0' ],
239 silly audit   'ajv-formats': [ '3.0.1', '2.1.1' ],
239 silly audit   'eslint-scope': [ '8.4.0', '5.1.1' ],
239 silly audit   estraverse: [ '5.3.0', '4.3.0' ],
239 silly audit   'json-schema-traverse': [ '1.0.0', '0.4.1' ],
239 silly audit   'schema-utils': [ '4.3.3', '3.3.0' ],
239 silly audit   acorn: [ '8.18.0' ],
239 silly audit   accepts: [ '2.0.0' ],
239 silly audit   'acorn-jsx': [ '5.3.2' ],
239 silly audit   'acorn-import-phases': [ '1.0.4' ],
239 silly audit   'acorn-walk': [ '8.3.5' ],
239 silly audit   'ansi-colors': [ '4.1.3' ],
239 silly audit   'ansi-escapes': [ '4.3.2' ],
239 silly audit   'ansi-regex': [ '5.0.1', '6.3.0' ],
239 silly audit   'ansi-styles': [ '4.3.0', '5.2.0', '6.2.3' ],
239 silly audit   ansis: [ '4.2.0' ],
239 silly audit   anymatch: [ '3.1.3' ],
239 silly audit   picomatch: [ '2.3.2', '4.0.4' ],
239 silly audit   'append-field': [ '1.0.0' ],
239 silly audit   arg: [ '4.1.3' ],
239 silly audit   argparse: [ '2.0.1', '1.0.10' ],
239 silly audit   'array-timsort': [ '1.0.3' ],
239 silly audit   asap: [ '2.0.6' ],
239 silly audit   asynckit: [ '0.4.0' ],
239 silly audit   'babel-jest': [ '30.4.1' ],
239 silly audit   'babel-plugin-istanbul': [ '7.0.1' ],
239 silly audit   'babel-plugin-jest-hoist': [ '30.4.0' ],
239 silly audit   'babel-preset-current-node-syntax': [ '1.2.0' ],
239 silly audit   'babel-preset-jest': [ '30.4.0' ],
239 silly audit   'balanced-match': [ '1.0.2', '4.0.4' ],
239 silly audit   'base64-js': [ '1.5.1' ],
239 silly audit   'baseline-browser-mapping': [ '2.11.13' ],
239 silly audit   bl: [ '4.1.0' ],
239 silly audit   'body-parser': [ '2.3.0' ],
239 silly audit   'content-type': [ '2.0.0', '1.0.5' ],
239 silly audit   'brace-expansion': [ '1.1.18', '5.0.9', '2.1.4' ],
239 silly audit   browserslist: [ '4.28.8' ],
239 silly audit   bser: [ '2.1.1' ],
239 silly audit   'bs-logger': [ '0.2.6' ],
239 silly audit   buffer: [ '5.7.1' ],
239 silly audit   'buffer-from': [ '1.1.2' ],
239 silly audit   'call-bind-apply-helpers': [ '1.0.2' ],
239 silly audit   busboy: [ '1.6.0' ],
239 silly audit   bytes: [ '3.1.2' ],
239 silly audit   callsites: [ '3.1.0' ],
239 silly audit   'call-bound': [ '1.0.4' ],
239 silly audit   camelcase: [ '5.3.1', '6.3.0' ],
239 silly audit   chalk: [ '4.1.2' ],
239 silly audit   'char-regex': [ '1.0.2' ],
239 silly audit   chardet: [ '2.2.0' ],
239 silly audit   chokidar: [ '4.0.3' ],
239 silly audit   'chrome-trace-event': [ '1.0.4' ],
239 silly audit   'ci-info': [ '4.4.0' ],
239 silly audit   'cjs-module-lexer': [ '2.2.0' ],
239 silly audit   'cli-cursor': [ '3.1.0' ],
239 silly audit   'cli-spinners': [ '2.9.2' ],
239 silly audit   'cli-table3': [ '0.6.5' ],
239 silly audit   'cli-width': [ '4.1.0' ],
239 silly audit   cliui: [ '8.0.1' ],
239 silly audit   'wrap-ansi': [ '7.0.0', '6.2.0', '8.1.0' ],
239 silly audit   clone: [ '1.0.4' ],
239 silly audit   co: [ '4.6.0' ],
239 silly audit   'collect-v8-coverage': [ '1.0.3' ],
239 silly audit   'color-convert': [ '2.0.1' ],
239 silly audit   'color-name': [ '1.1.4' ],
239 silly audit   'comment-json': [ '5.0.0' ],
239 silly audit   'combined-stream': [ '1.0.8' ],
239 silly audit   commander: [ '4.1.1', '2.20.3' ],
239 silly audit   'component-emitter': [ '1.3.1' ],
239 silly audit   'concat-map': [ '0.0.1' ],
239 silly audit   'concat-stream': [ '2.0.0' ],
239 silly audit   'content-disposition': [ '1.1.0' ],
239 silly audit   'convert-source-map': [ '2.0.0' ],
239 silly audit   cookie: [ '0.7.2' ],
239 silly audit   'cookie-signature': [ '1.2.2' ],
239 silly audit   cosmiconfig: [ '8.3.6' ],
239 silly audit   cookiejar: [ '2.1.4' ],
239 silly audit   cors: [ '2.8.6' ],
239 silly audit   'cross-spawn': [ '7.0.6' ],
239 silly audit   'create-require': [ '1.1.1' ],
239 silly audit   debug: [ '4.4.3' ],
239 silly audit   dedent: [ '1.7.2' ],
239 silly audit   'deep-is': [ '0.1.4' ],
239 silly audit   deepmerge: [ '4.3.1' ],
239 silly audit   defaults: [ '1.0.4' ],
239 silly audit   'delayed-stream': [ '1.0.0' ],
239 silly audit   depd: [ '2.0.0' ],
239 silly audit   'detect-newline': [ '3.1.0' ],
239 silly audit   'dunder-proto': [ '1.0.1' ],
239 silly audit   dezalgo: [ '1.0.4' ],
239 silly audit   diff: [ '4.0.4' ],
239 silly audit   'electron-to-chromium': [ '1.5.405' ],
239 silly audit   eastasianwidth: [ '0.2.0' ],
239 silly audit   'ee-first': [ '1.1.1' ],
239 silly audit   emittery: [ '0.13.1' ],
239 silly audit   'emoji-regex': [ '8.0.0', '9.2.2' ],
239 silly audit   'enhanced-resolve': [ '5.24.5' ],
239 silly audit   'error-ex': [ '1.3.4' ],
239 silly audit   'es-errors': [ '1.3.0' ],
239 silly audit   'es-define-property': [ '1.0.1' ],
239 silly audit   'es-module-lexer': [ '2.3.1' ],
239 silly audit   encodeurl: [ '2.0.0' ],
239 silly audit   'es-object-atoms': [ '1.1.2' ],
239 silly audit   'es-set-tostringtag': [ '2.1.0' ],
239 silly audit   escalade: [ '3.2.0' ],
239 silly audit   'eslint-config-prettier': [ '10.1.8' ],
239 silly audit   'escape-html': [ '1.0.3' ],
239 silly audit   'escape-string-regexp': [ '4.0.0', '2.0.0' ],
239 silly audit   'eslint-plugin-prettier': [ '5.5.6' ],
239 silly audit   'eslint-visitor-keys': [ '4.2.1', '3.4.3', '5.0.1' ],
239 silly audit   espree: [ '10.4.0' ],
239 silly audit   esprima: [ '4.0.1' ],
239 silly audit   esquery: [ '1.7.0' ],
239 silly audit   esrecurse: [ '4.3.0' ],
239 silly audit   esutils: [ '2.0.3' ],
239 silly audit   etag: [ '1.8.1' ],
239 silly audit   events: [ '3.3.0' ],
239 silly audit   execa: [ '5.1.1' ],
239 silly audit   'signal-exit': [ '3.0.7', '4.1.0' ],
239 silly audit   'exit-x': [ '0.2.2' ],
239 silly audit   expect: [ '30.4.1' ],
239 silly audit   express: [ '5.2.1' ],
239 silly audit   'fast-deep-equal': [ '3.1.3' ],
239 silly audit   'fast-diff': [ '1.3.0' ],
239 silly audit   'fast-json-stable-stringify': [ '2.1.0' ],
239 silly audit   'fast-levenshtein': [ '2.0.6' ],
239 silly audit   'fast-safe-stringify': [ '2.1.1' ],
239 silly audit   'fast-uri': [ '3.1.5' ],
239 silly audit   'fb-watchman': [ '2.0.2' ],
239 silly audit   'file-entry-cache': [ '8.0.0' ],
239 silly audit   fdir: [ '6.5.0' ],
239 silly audit   'file-type': [ '21.3.4' ],
239 silly audit   finalhandler: [ '2.1.1' ],
239 silly audit   'find-up': [ '5.0.0', '4.1.0' ],
239 silly audit   flatted: [ '3.4.4' ],
239 silly audit   'flat-cache': [ '4.0.1' ],
239 silly audit   'foreground-child': [ '3.3.1' ],
239 silly audit   'fork-ts-checker-webpack-plugin': [ '9.1.0' ],
239 silly audit   'form-data': [ '4.0.6' ],
239 silly audit   'mime-db': [ '1.52.0', '1.54.0' ],
239 silly audit   'mime-types': [ '2.1.35', '3.0.2' ],
239 silly audit   formidable: [ '3.5.4' ],
239 silly audit   forwarded: [ '0.2.0' ],
239 silly audit   fresh: [ '2.0.0' ],
239 silly audit   'fs-extra': [ '10.1.0' ],
239 silly audit   'fs-monkey': [ '1.1.0' ],
239 silly audit   'fs.realpath': [ '1.0.0' ],
239 silly audit   'function-bind': [ '1.1.2' ],
239 silly audit   gensync: [ '1.0.0-beta.2' ],
239 silly audit   'get-caller-file': [ '2.0.5' ],
239 silly audit   'get-intrinsic': [ '1.3.0' ],
239 silly audit   'get-package-type': [ '0.1.0' ],
239 silly audit   'get-proto': [ '1.0.1' ],
239 silly audit   'get-stream': [ '6.0.1' ],
239 silly audit   glob: [ '13.0.6', '10.5.0', '7.2.3' ],
239 silly audit   minimatch: [ '10.2.6', '9.0.9', '3.1.5' ],
239 silly audit   'glob-parent': [ '6.0.2' ],
239 silly audit   globals: [ '17.11.0', '14.0.0' ],
239 silly audit   'glob-to-regexp': [ '0.4.1' ],
239 silly audit   gopd: [ '1.2.0' ],
239 silly audit   'graceful-fs': [ '4.2.11' ],
239 silly audit   handlebars: [ '4.7.9' ],
239 silly audit   'source-map': [ '0.6.1', '0.7.4' ],
239 silly audit   'has-flag': [ '4.0.0' ],
239 silly audit   'has-symbols': [ '1.1.0' ],
239 silly audit   'has-tostringtag': [ '1.0.2' ],
239 silly audit   hasown: [ '2.0.4' ],
239 silly audit   'html-escaper': [ '2.0.2' ],
239 silly audit   'http-errors': [ '2.0.1' ],
239 silly audit   'human-signals': [ '2.1.0' ],
239 silly audit   'iconv-lite': [ '0.7.3' ],
239 silly audit   ieee754: [ '1.2.1' ],
239 silly audit   ignore: [ '5.3.2', '7.0.6' ],
239 silly audit   'import-local': [ '3.2.0' ],
239 silly audit   imurmurhash: [ '0.1.4' ],
239 silly audit   'ipaddr.js': [ '1.9.1' ],
239 silly audit   inherits: [ '2.0.4' ],
239 silly audit   'import-fresh': [ '3.3.1' ],
239 silly audit   'is-extglob': [ '2.1.1' ],
239 silly audit   'is-arrayish': [ '0.2.1' ],
239 silly audit   inflight: [ '1.0.6' ],
239 silly audit   'is-fullwidth-code-point': [ '3.0.0' ],
239 silly audit   'is-generator-fn': [ '2.1.0' ],
239 silly audit   'is-glob': [ '4.0.3' ],
239 silly audit   'is-interactive': [ '1.0.0' ],
239 silly audit   'is-promise': [ '4.0.0' ],
239 silly audit   'is-stream': [ '2.0.1' ],
239 silly audit   'is-unicode-supported': [ '0.1.0' ],
239 silly audit   isexe: [ '2.0.0' ],
239 silly audit   'istanbul-lib-coverage': [ '3.2.2' ],
239 silly audit   'istanbul-lib-report': [ '3.0.1' ],
239 silly audit   'istanbul-lib-instrument': [ '6.0.3' ],
239 silly audit   'istanbul-lib-source-maps': [ '5.0.6' ],
239 silly audit   'istanbul-reports': [ '3.2.0' ],
239 silly audit   iterare: [ '1.2.1' ],
239 silly audit   jest: [ '30.4.2' ],
239 silly audit   jackspeak: [ '3.4.3' ],
239 silly audit   'jest-changed-files': [ '30.4.1' ],
239 silly audit   'jest-circus': [ '30.4.2' ],
239 silly audit   'jest-cli': [ '30.4.2' ],
239 silly audit   'jest-config': [ '30.4.2' ],
239 silly audit   'lru-cache': [ '10.4.3', '5.1.1', '11.5.2' ],
239 silly audit   'path-scurry': [ '1.11.1', '2.0.2' ],
239 silly audit   'jest-diff': [ '30.4.1' ],
239 silly audit   'jest-docblock': [ '30.4.0' ],
239 silly audit   'jest-each': [ '30.4.1' ],
239 silly audit   'jest-haste-map': [ '30.4.1' ],
239 silly audit   'jest-environment-node': [ '30.4.1' ],
239 silly audit   'jest-leak-detector': [ '30.4.1' ],
239 silly audit   'jest-matcher-utils': [ '30.4.1' ],
239 silly audit   'jest-message-util': [ '30.4.1' ],
239 silly audit   'jest-mock': [ '30.4.1' ],
239 silly audit   'jest-pnp-resolver': [ '1.2.3' ],
239 silly audit   'jest-regex-util': [ '30.4.0' ],
239 silly audit   'jest-resolve': [ '30.4.1' ],
239 silly audit   'jest-runner': [ '30.4.2' ],
239 silly audit   'source-map-support': [ '0.5.13', '0.5.21' ],
239 silly audit   'jest-runtime': [ '30.4.2' ],
239 silly audit   'jest-resolve-dependencies': [ '30.4.2' ],
239 silly audit   'jest-snapshot': [ '30.4.1' ],
239 silly audit   'jest-util': [ '30.4.1' ],
239 silly audit   'jest-watcher': [ '30.4.1' ],
239 silly audit   'jest-worker': [ '30.4.1', '27.5.1' ],
239 silly audit   'supports-color': [ '8.1.1', '7.2.0' ],
239 silly audit   'js-tokens': [ '4.0.0' ],
239 silly audit   'js-yaml': [ '4.3.1', '3.15.1' ],
239 silly audit   jsesc: [ '3.1.0' ],
239 silly audit   'json-parse-even-better-errors': [ '2.3.1' ],
239 silly audit   'json-stable-stringify-without-jsonify': [ '1.0.1' ],
239 silly audit   json5: [ '2.2.3' ],
239 silly audit   'jest-validate': [ '30.4.1' ],
239 silly audit   'json-buffer': [ '3.0.1' ],
239 silly audit   'jsonc-parser': [ '3.3.1' ],
239 silly audit   jsonfile: [ '6.2.1' ],
239 silly audit   keyv: [ '4.5.4' ],
239 silly audit   leven: [ '3.1.0' ],
239 silly audit   levn: [ '0.4.1' ],
239 silly audit   'lines-and-columns': [ '1.2.4' ],
239 silly audit   'load-esm': [ '1.0.3' ],
239 silly audit   'loader-runner': [ '4.3.2' ],
239 silly audit   'lodash.memoize': [ '4.1.2' ],
239 silly audit   'locate-path': [ '6.0.0', '5.0.0' ],
239 silly audit   'lodash.merge': [ '4.6.2' ],
239 silly audit   'log-symbols': [ '4.1.0' ],
239 silly audit   'magic-string': [ '0.30.17' ],
239 silly audit   'make-dir': [ '4.0.0' ],
239 silly audit   'make-error': [ '1.3.6' ],
239 silly audit   makeerror: [ '1.0.12' ],
239 silly audit   'math-intrinsics': [ '1.1.0' ],
239 silly audit   'media-typer': [ '1.1.1', '0.3.0' ],
239 silly audit   memfs: [ '3.5.3' ],
239 silly audit   'merge-descriptors': [ '2.0.0' ],
239 silly audit   mime: [ '2.6.0' ],
239 silly audit   'merge-stream': [ '2.0.0' ],
239 silly audit   methods: [ '1.1.2' ],
239 silly audit   'mimic-fn': [ '2.1.0' ],
239 silly audit   minimist: [ '1.2.8' ],
239 silly audit   'minimizer-webpack-plugin': [ '5.6.1' ],
239 silly audit   minipass: [ '7.1.3' ],
239 silly audit   ms: [ '2.1.3' ],
239 silly audit   multer: [ '2.2.0' ],
239 silly audit   'type-is': [ '1.6.18', '2.1.0' ],
239 silly audit   'mute-stream': [ '2.0.0' ],
239 silly audit   'napi-postinstall': [ '0.3.4' ],
239 silly audit   'natural-compare': [ '1.4.0' ],
239 silly audit   negotiator: [ '1.0.0' ],
239 silly audit   'neo-async': [ '2.6.2' ],
239 silly audit   'node-abort-controller': [ '3.1.1' ],
239 silly audit   'node-int64': [ '0.4.0' ],
239 silly audit   'node-releases': [ '2.0.53' ],
239 silly audit   'normalize-path': [ '3.0.0' ],
239 silly audit   'node-emoji': [ '1.11.0' ],
239 silly audit   'object-assign': [ '4.1.1' ],
239 silly audit   'npm-run-path': [ '4.0.1' ],
239 silly audit   'object-inspect': [ '1.13.4' ],
239 silly audit   'on-finished': [ '2.4.1' ],
239 silly audit   once: [ '1.4.0' ],
239 silly audit   onetime: [ '5.1.2' ],
239 silly audit   optionator: [ '0.9.4' ],
239 silly audit   ora: [ '5.4.1' ],
239 silly audit   'p-limit': [ '3.1.0', '2.3.0' ],
239 silly audit   'package-json-from-dist': [ '1.0.1' ],
239 silly audit   'p-locate': [ '5.0.0', '4.1.0' ],
239 silly audit   'parse-json': [ '5.2.0' ],
239 silly audit   parseurl: [ '1.3.3' ],
239 silly audit   'path-exists': [ '4.0.0' ],
239 silly audit   'p-try': [ '2.2.0' ],
239 silly audit   'parent-module': [ '1.0.1' ],
239 silly audit   'path-is-absolute': [ '1.0.1' ],
239 silly audit   'path-key': [ '3.1.1' ],
239 silly audit   'path-to-regexp': [ '8.4.2' ],
239 silly audit   'path-type': [ '4.0.0' ],
239 silly audit   picocolors: [ '1.1.1' ],
239 silly audit   pirates: [ '4.0.7' ],
239 silly audit   'pkg-dir': [ '4.2.0' ],
239 silly audit   pluralize: [ '8.0.0' ],
239 silly audit   'prelude-ls': [ '1.2.1' ],
239 silly audit   prettier: [ '3.9.6' ],
239 silly audit   'pretty-format': [ '30.4.1' ],
239 silly audit   'prettier-linter-helpers': [ '1.0.1' ],
239 silly audit   'proxy-addr': [ '2.0.7' ],
239 silly audit   punycode: [ '2.3.1' ],
239 silly audit   qs: [ '6.15.3' ],
239 silly audit   'pure-rand': [ '7.0.1' ],
239 silly audit   'range-parser': [ '1.3.0' ],
239 silly audit   'raw-body': [ '3.0.2' ],
239 silly audit   'react-is': [ '18.3.1', '19.2.8' ],
239 silly audit   'readable-stream': [ '3.6.2' ],
239 silly audit   'reflect-metadata': [ '0.2.2' ],
239 silly audit   readdirp: [ '4.1.2' ],
239 silly audit   'require-directory': [ '2.1.1' ],
239 silly audit   'require-from-string': [ '2.0.2' ],
239 silly audit   'resolve-cwd': [ '3.0.0' ],
239 silly audit   'resolve-from': [ '5.0.0', '4.0.0' ],
239 silly audit   'restore-cursor': [ '3.1.0' ],
239 silly audit   router: [ '2.2.0' ],
239 silly audit   'safe-buffer': [ '5.2.1' ],
239 silly audit   'safer-buffer': [ '2.1.2' ],
239 silly audit   semver: [ '7.8.5', '6.3.1' ],
239 silly audit   send: [ '1.2.1' ],
239 silly audit   'serve-static': [ '2.2.1' ],
239 silly audit   setprototypeof: [ '1.2.0' ],
239 silly audit   'shebang-command': [ '2.0.0' ],
239 silly audit   'shebang-regex': [ '3.0.0' ],
239 silly audit   'side-channel': [ '1.1.1' ],
239 silly audit   'side-channel-list': [ '1.0.1' ],
239 silly audit   'side-channel-map': [ '1.0.1' ],
239 silly audit   'side-channel-weakmap': [ '1.0.2' ],
239 silly audit   slash: [ '3.0.0' ],
239 silly audit   'sprintf-js': [ '1.0.3' ],
239 silly audit   'stack-utils': [ '2.0.6' ],
239 silly audit   statuses: [ '2.0.2' ],
239 silly audit   streamsearch: [ '1.1.0' ],
239 silly audit   'string-length': [ '4.0.2' ],
239 silly audit   'string-width': [ '4.2.3', '5.1.2' ],
239 silly audit   string_decoder: [ '1.3.0' ],
239 silly audit   'strip-ansi': [ '6.0.1', '7.2.0' ],
239 silly audit   'strip-bom': [ '4.0.0', '3.0.0' ],
239 silly audit   'strip-final-newline': [ '2.0.0' ],
239 silly audit   'strip-json-comments': [ '3.1.1' ],
239 silly audit   strtok3: [ '10.3.5' ],
239 silly audit   supertest: [ '7.2.2' ],
239 silly audit   superagent: [ '10.3.0' ],
239 silly audit   synckit: [ '0.11.13' ],
239 silly audit   'symbol-observable': [ '4.0.0' ],
239 silly audit   tapable: [ '2.3.3' ],
239 silly audit   terser: [ '5.50.0' ],
239 silly audit   'terser-webpack-plugin': [ '5.6.1' ],
239 silly audit   'test-exclude': [ '6.0.0' ],
239 silly audit   tmpl: [ '1.0.5' ],
239 silly audit   toidentifier: [ '1.0.1' ],
239 silly audit   'token-types': [ '6.1.2' ],
239 silly audit   'ts-api-utils': [ '2.5.0' ],
239 silly audit   'ts-jest': [ '29.4.12' ],
239 silly audit   'type-fest': [ '4.41.0', '0.21.3' ],
239 silly audit   'ts-loader': [ '9.6.2' ],
239 silly audit   'ts-node': [ '10.9.2' ],
239 silly audit   'tsconfig-paths': [ '4.2.0' ],
239 silly audit   'tsconfig-paths-webpack-plugin': [ '4.2.0' ],
239 silly audit   tinyglobby: [ '0.2.17' ],
239 silly audit   tslib: [ '2.8.1' ],
239 silly audit   'type-check': [ '0.4.0' ],
239 silly audit   'type-detect': [ '4.0.8' ],
239 silly audit   typedarray: [ '0.0.6' ],
239 silly audit   typescript: [ '5.9.3' ],
239 silly audit   'typescript-eslint': [ '8.67.0' ],
239 silly audit   'uglify-js': [ '3.19.3' ],
239 silly audit   uid: [ '2.0.2' ],
239 silly audit   'uint8array-extras': [ '1.5.0' ],
239 silly audit   'undici-types': [ '7.18.2' ],
239 silly audit   universalify: [ '2.0.1' ],
239 silly audit   unpipe: [ '1.0.0' ],
239 silly audit   'unrs-resolver': [ '1.12.2' ],
239 silly audit   'update-browserslist-db': [ '1.3.1' ],
239 silly audit   'uri-js': [ '4.4.1' ],
239 silly audit   'util-deprecate': [ '1.0.2' ],
239 silly audit   'v8-compile-cache-lib': [ '3.0.1' ],
239 silly audit   'v8-to-istanbul': [ '9.3.0' ],
239 silly audit   vary: [ '1.1.2' ],
239 silly audit   walker: [ '1.0.8' ],
239 silly audit   watchpack: [ '2.5.2' ],
239 silly audit   wcwidth: [ '1.0.1' ],
239 silly audit   'webpack-sources': [ '3.5.1' ],
239 silly audit   'webpack-node-externals': [ '3.0.0' ],
239 silly audit   which: [ '2.0.2' ],
239 silly audit   'word-wrap': [ '1.2.5' ],
239 silly audit   wordwrap: [ '1.0.0' ],
239 silly audit   y18n: [ '5.0.8' ],
239 silly audit   wrappy: [ '1.0.2' ],
239 silly audit   'write-file-atomic': [ '5.0.1' ],
239 silly audit   yallist: [ '3.1.1' ],
239 silly audit   'yargs-parser': [ '21.1.1' ],
239 silly audit   yargs: [ '17.7.3' ],
239 silly audit   yn: [ '3.1.1' ],
239 silly audit   'yocto-queue': [ '0.1.0' ],
239 silly audit   'yoctocolors-cjs': [ '2.1.3' ],
239 silly audit   '@angular-devkit/core': [ '19.2.27', '19.2.24' ],
239 silly audit   '@angular-devkit/schematics': [ '19.2.27', '19.2.24' ],
239 silly audit   '@babel/compat-data': [ '7.29.7' ],
239 silly audit   '@angular-devkit/schematics-cli': [ '19.2.27' ],
239 silly audit   '@inquirer/prompts': [ '7.3.2', '7.10.1' ],
239 silly audit   '@babel/core': [ '7.29.7' ],
239 silly audit   '@babel/generator': [ '7.29.8' ],
239 silly audit   '@babel/helper-module-imports': [ '7.29.7' ],
239 silly audit   '@babel/code-frame': [ '7.29.7' ],
239 silly audit   '@babel/helper-globals': [ '7.29.7' ],
239 silly audit   '@babel/helper-module-transforms': [ '7.29.7' ],
239 silly audit   '@babel/helper-plugin-utils': [ '7.29.7' ],
239 silly audit   '@babel/helper-string-parser': [ '7.29.7' ],
239 silly audit   '@babel/helper-validator-identifier': [ '7.29.7' ],
239 silly audit   '@babel/helper-validator-option': [ '7.29.7' ],
239 silly audit   '@babel/parser': [ '7.29.8' ],
239 silly audit   '@babel/plugin-syntax-async-generators': [ '7.8.4' ],
239 silly audit   '@babel/helpers': [ '7.29.7' ],
239 silly audit   '@babel/plugin-syntax-bigint': [ '7.8.3' ],
239 silly audit   '@babel/plugin-syntax-class-properties': [ '7.12.13' ],
239 silly audit   '@babel/plugin-syntax-import-meta': [ '7.10.4' ],
239 silly audit   '@babel/plugin-syntax-class-static-block': [ '7.14.5' ],
239 silly audit   '@babel/plugin-syntax-import-attributes': [ '7.29.7' ],
239 silly audit   '@babel/plugin-syntax-json-strings': [ '7.8.3' ],
239 silly audit   '@babel/plugin-syntax-logical-assignment-operators': [ '7.10.4' ],
239 silly audit   '@babel/plugin-syntax-nullish-coalescing-operator': [ '7.8.3' ],
239 silly audit   '@babel/plugin-syntax-object-rest-spread': [ '7.8.3' ],
239 silly audit   '@babel/plugin-syntax-optional-catch-binding': [ '7.8.3' ],
239 silly audit   '@babel/plugin-syntax-optional-chaining': [ '7.8.3' ],
239 silly audit   '@babel/plugin-syntax-private-property-in-object': [ '7.14.5' ],
239 silly audit   '@babel/plugin-syntax-typescript': [ '7.29.7' ],
239 silly audit   '@babel/plugin-syntax-top-level-await': [ '7.14.5' ],
239 silly audit   '@babel/traverse': [ '7.29.8' ],
239 silly audit   '@babel/template': [ '7.29.7' ],
239 silly audit   '@babel/types': [ '7.29.8' ],
239 silly audit   '@bcoe/v8-coverage': [ '0.2.3' ],
239 silly audit   '@borewit/text-codec': [ '0.2.2' ],
239 silly audit   '@cspotcode/source-map-support': [ '0.8.1' ],
239 silly audit   '@jridgewell/trace-mapping': [ '0.3.9', '0.3.31' ],
239 silly audit   '@colors/colors': [ '1.5.0' ],
239 silly audit   '@eslint/config-helpers': [ '0.4.2' ],
239 silly audit   '@babel/helper-compilation-targets': [ '7.29.7' ],
239 silly audit   '@eslint/core': [ '0.17.0' ],
239 silly audit   '@eslint/js': [ '9.39.5' ],
239 silly audit   '@eslint/eslintrc': [ '3.3.6' ],
239 silly audit   '@babel/plugin-syntax-numeric-separator': [ '7.10.4' ],
239 silly audit   '@babel/plugin-syntax-jsx': [ '7.29.7' ],
239 silly audit   '@eslint/object-schema': [ '2.1.7' ],
239 silly audit   '@eslint/plugin-kit': [ '0.4.1' ],
239 silly audit   '@eslint-community/eslint-utils': [ '4.10.1' ],
239 silly audit   '@eslint-community/regexpp': [ '4.12.2' ],
239 silly audit   '@humanfs/node': [ '0.16.8' ],
239 silly audit   '@humanfs/core': [ '0.19.2' ],
239 silly audit   '@humanwhocodes/retry': [ '0.4.3' ],
239 silly audit   '@humanfs/types': [ '0.15.0' ],
239 silly audit   '@inquirer/ansi': [ '1.0.2' ],
239 silly audit   '@inquirer/checkbox': [ '4.3.2' ],
239 silly audit   '@inquirer/confirm': [ '5.1.21' ],
239 silly audit   '@inquirer/core': [ '10.3.2' ],
239 silly audit   '@inquirer/editor': [ '4.2.23' ],
239 silly audit   '@inquirer/expand': [ '4.0.23' ],
239 silly audit   '@inquirer/external-editor': [ '1.0.3' ],
239 silly audit   '@inquirer/figures': [ '1.0.15' ],
239 silly audit   '@inquirer/input': [ '4.3.1' ],
239 silly audit   '@inquirer/number': [ '3.0.23' ],
239 silly audit   '@inquirer/password': [ '4.0.23' ],
239 silly audit   '@inquirer/rawlist': [ '4.1.11' ],
239 silly audit   '@inquirer/search': [ '3.2.2' ],
239 silly audit   '@inquirer/select': [ '4.4.2' ],
239 silly audit   '@inquirer/type': [ '3.0.10' ],
239 silly audit   '@isaacs/cliui': [ '8.0.2' ],
239 silly audit   '@istanbuljs/load-nyc-config': [ '1.1.0' ],
239 silly audit   '@humanwhocodes/module-importer': [ '1.0.1' ],
239 silly audit   '@istanbuljs/schema': [ '0.1.6' ],
239 silly audit   '@jest/console': [ '30.4.1' ],
239 silly audit   '@jest/core': [ '30.4.2' ],
239 silly audit   '@jest/diff-sequences': [ '30.4.0' ],
239 silly audit   '@jest/environment': [ '30.4.1' ],
239 silly audit   '@jest/expect': [ '30.4.1' ],
239 silly audit   '@jest/expect-utils': [ '30.4.1' ],
239 silly audit   '@jest/fake-timers': [ '30.4.1' ],
239 silly audit   '@jest/get-type': [ '30.1.0' ],
239 silly audit   '@jest/globals': [ '30.4.1' ],
239 silly audit   '@jest/pattern': [ '30.4.0' ],
239 silly audit   '@jest/reporters': [ '30.4.1' ],
239 silly audit   '@jest/schemas': [ '30.4.1' ],
239 silly audit   '@jest/snapshot-utils': [ '30.4.1' ],
239 silly audit   '@jest/source-map': [ '30.0.1' ],
239 silly audit   '@jest/test-result': [ '30.4.1' ],
239 silly audit   '@jest/test-sequencer': [ '30.4.1' ],
239 silly audit   '@jest/transform': [ '30.4.1' ],
239 silly audit   '@jest/types': [ '30.4.1' ],
239 silly audit   '@jridgewell/gen-mapping': [ '0.3.13' ],
239 silly audit   '@jridgewell/remapping': [ '2.3.5' ],
239 silly audit   '@jridgewell/resolve-uri': [ '3.1.2' ],
239 silly audit   '@jridgewell/source-map': [ '0.3.11' ],
239 silly audit   '@jridgewell/sourcemap-codec': [ '1.5.5' ],
239 silly audit   '@lukeed/csprng': [ '1.1.0' ],
239 silly audit   '@nestjs/cli': [ '11.0.24' ],
239 silly audit   '@nestjs/common': [ '11.1.29' ],
239 silly audit   '@nestjs/core': [ '11.1.29' ],
239 silly audit   '@nestjs/platform-express': [ '11.1.29' ],
239 silly audit   '@nestjs/schematics': [ '11.1.0' ],
239 silly audit   '@nestjs/testing': [ '11.1.29' ],
239 silly audit   '@noble/hashes': [ '1.8.0' ],
239 silly audit   '@paralleldrive/cuid2': [ '2.3.1' ],
239 silly audit   '@sinonjs/commons': [ '3.0.1' ],
239 silly audit   '@pkgjs/parseargs': [ '0.11.0' ],
239 silly audit   '@pkgr/core': [ '0.3.6' ],
239 silly audit   '@sinonjs/fake-timers': [ '15.4.0' ],
239 silly audit   '@tokenizer/inflate': [ '0.4.1' ],
239 silly audit   '@tsconfig/node10': [ '1.0.12' ],
239 silly audit   '@tokenizer/token': [ '0.3.0' ],
239 silly audit   '@tsconfig/node12': [ '1.0.11' ],
239 silly audit   '@types/babel__template': [ '7.4.4' ],
239 silly audit   '@tsconfig/node16': [ '1.0.4' ],
239 silly audit   '@tsconfig/node14': [ '1.0.3' ],
239 silly audit   '@types/babel__generator': [ '7.27.0' ],
239 silly audit   '@types/babel__core': [ '7.20.5' ],
239 silly audit   '@types/body-parser': [ '1.19.6' ],
239 silly audit   '@types/babel__traverse': [ '7.28.0' ],
239 silly audit   '@types/cookiejar': [ '2.1.5' ],
239 silly audit   '@types/connect': [ '3.4.38' ],
239 silly audit   '@types/eslint': [ '9.6.1' ],
239 silly audit   '@types/express': [ '5.0.6' ],
239 silly audit   '@types/eslint-scope': [ '3.7.7' ],
239 silly audit   '@types/estree': [ '1.0.9' ],
239 silly audit   '@types/express-serve-static-core': [ '5.1.3' ],
239 silly audit   '@types/http-errors': [ '2.0.5' ],
239 silly audit   '@types/istanbul-lib-coverage': [ '2.0.6' ],
239 silly audit   '@types/istanbul-lib-report': [ '3.0.3' ],
239 silly audit   '@types/istanbul-reports': [ '3.0.4' ],
239 silly audit   '@types/jest': [ '30.0.0' ],
239 silly audit   '@types/qs': [ '6.15.1' ],
239 silly audit   '@types/json-schema': [ '7.0.15' ],
239 silly audit   '@types/methods': [ '1.1.4' ],
239 silly audit   '@types/node': [ '24.13.3' ],
239 silly audit   '@types/range-parser': [ '1.2.7' ],
239 silly audit   '@types/serve-static': [ '2.2.0' ],
239 silly audit   '@types/send': [ '1.2.1' ],
239 silly audit   '@types/stack-utils': [ '2.0.3' ],
239 silly audit   '@types/yargs': [ '17.0.35' ],
239 silly audit   '@types/supertest': [ '7.2.1' ],
239 silly audit   '@types/superagent': [ '8.1.11' ],
239 silly audit   '@types/yargs-parser': [ '21.0.3' ],
239 silly audit   '@typescript-eslint/parser': [ '8.67.0' ],
239 silly audit   '@typescript-eslint/eslint-plugin': [ '8.67.0' ],
239 silly audit   '@typescript-eslint/tsconfig-utils': [ '8.67.0' ],
239 silly audit   '@typescript-eslint/scope-manager': [ '8.67.0' ],
239 silly audit   '@typescript-eslint/project-service': [ '8.67.0' ],
239 silly audit   '@typescript-eslint/types': [ '8.67.0' ],
239 silly audit   '@typescript-eslint/type-utils': [ '8.67.0' ],
239 silly audit   '@typescript-eslint/typescript-estree': [ '8.67.0' ],
239 silly audit   '@unrs/resolver-binding-win32-x64-msvc': [ '1.12.2' ],
239 silly audit   '@typescript-eslint/visitor-keys': [ '8.67.0' ],
239 silly audit   '@webassemblyjs/ast': [ '1.14.1' ],
239 silly audit   '@webassemblyjs/helper-buffer': [ '1.14.1' ],
239 silly audit   '@webassemblyjs/helper-api-error': [ '1.13.2' ],
239 silly audit   '@ungap/structured-clone': [ '1.3.3' ],
239 silly audit   '@typescript-eslint/utils': [ '8.67.0' ],
239 silly audit   '@webassemblyjs/helper-numbers': [ '1.13.2' ],
239 silly audit   '@webassemblyjs/floating-point-hex-parser': [ '1.13.2' ],
239 silly audit   '@webassemblyjs/helper-wasm-bytecode': [ '1.13.2' ],
239 silly audit   '@eslint/config-array': [ '0.21.2' ],
239 silly audit   '@webassemblyjs/helper-wasm-section': [ '1.14.1' ],
239 silly audit   '@webassemblyjs/ieee754': [ '1.13.2' ],
239 silly audit   '@webassemblyjs/wasm-opt': [ '1.14.1' ],
239 silly audit   '@webassemblyjs/wasm-parser': [ '1.14.1' ],
239 silly audit   '@webassemblyjs/wasm-edit': [ '1.14.1' ],
239 silly audit   '@webassemblyjs/wasm-gen': [ '1.14.1' ],
239 silly audit   '@webassemblyjs/leb128': [ '1.13.2' ],
239 silly audit   '@xtuc/ieee754': [ '1.2.0' ],
239 silly audit   '@xtuc/long': [ '4.2.2' ],
239 silly audit   '@webassemblyjs/wast-printer': [ '1.14.1' ],
239 silly audit   '@webassemblyjs/utf8': [ '1.13.2' ],
239 silly audit   eslint: [ '9.39.5' ],
239 silly audit   rxjs: [ '7.8.2', '7.8.1' ],
239 silly audit   '@sinclair/typebox': [ '0.34.52' ],
239 silly audit   webpack: [ '5.106.2', '5.109.2' ],
239 silly audit   'caniuse-lite': [ '1.0.30001809' ],
239 silly audit   fsevents: [ '2.3.3' ],
239 silly audit   lodash: [ '4.18.1' ],
239 silly audit   '@unrs/resolver-binding-android-arm-eabi': [ '1.12.2' ],
239 silly audit   '@unrs/resolver-binding-android-arm64': [ '1.12.2' ],
239 silly audit   '@unrs/resolver-binding-darwin-arm64': [ '1.12.2' ],
239 silly audit   '@unrs/resolver-binding-darwin-x64': [ '1.12.2' ],
239 silly audit   '@unrs/resolver-binding-freebsd-x64': [ '1.12.2' ],
239 silly audit   '@unrs/resolver-binding-linux-arm-gnueabihf': [ '1.12.2' ],
239 silly audit   '@unrs/resolver-binding-linux-arm-musleabihf': [ '1.12.2' ],
239 silly audit   '@unrs/resolver-binding-linux-arm64-gnu': [ '1.12.2' ],
239 silly audit   '@unrs/resolver-binding-linux-arm64-musl': [ '1.12.2' ],
239 silly audit   '@unrs/resolver-binding-linux-loong64-gnu': [ '1.12.2' ],
239 silly audit   '@unrs/resolver-binding-linux-loong64-musl': [ '1.12.2' ],
239 silly audit   '@unrs/resolver-binding-linux-ppc64-gnu': [ '1.12.2' ],
239 silly audit   '@unrs/resolver-binding-linux-riscv64-gnu': [ '1.12.2' ],
239 silly audit   '@unrs/resolver-binding-linux-riscv64-musl': [ '1.12.2' ],
239 silly audit   '@unrs/resolver-binding-linux-s390x-gnu': [ '1.12.2' ],
239 silly audit   '@unrs/resolver-binding-linux-x64-gnu': [ '1.12.2' ],
239 silly audit   '@unrs/resolver-binding-linux-x64-musl': [ '1.12.2' ],
239 silly audit   '@unrs/resolver-binding-openharmony-arm64': [ '1.12.2' ],
239 silly audit   '@unrs/resolver-binding-wasm32-wasi': [ '1.12.2' ],
239 silly audit   '@unrs/resolver-binding-win32-arm64-msvc': [ '1.12.2' ],
239 silly audit   '@unrs/resolver-binding-win32-ia32-msvc': [ '1.12.2' ],
239 silly audit   '@emnapi/core': [ '1.10.0' ],
239 silly audit   '@emnapi/runtime': [ '1.10.0' ],
239 silly audit   '@napi-rs/wasm-runtime': [ '1.2.3' ],
239 silly audit   '@emnapi/wasi-threads': [ '1.2.1' ],
239 silly audit   '@tybys/wasm-util': [ '0.10.3' ]
239 silly audit }
240 silly packumentCache corgi:https://registry.npmjs.org/@babel%2fparser cache-miss
241 silly packumentCache corgi:https://registry.npmjs.org/@nestjs%2fcli cache-miss
242 silly packumentCache corgi:https://registry.npmjs.org/which cache-miss
243 silly packumentCache corgi:https://registry.npmjs.org/uglify-js cache-miss
244 silly packumentCache corgi:https://registry.npmjs.org/update-browserslist-db cache-miss
245 silly packumentCache corgi:https://registry.npmjs.org/typescript cache-miss
246 silly packumentCache corgi:https://registry.npmjs.org/ts-node cache-miss
247 silly packumentCache corgi:https://registry.npmjs.org/ts-jest cache-miss
248 silly packumentCache corgi:https://registry.npmjs.org/terser cache-miss
249 silly packumentCache corgi:https://registry.npmjs.org/semver cache-miss
250 silly packumentCache corgi:https://registry.npmjs.org/prettier cache-miss
251 silly packumentCache corgi:https://registry.npmjs.org/mime cache-miss
252 silly packumentCache corgi:https://registry.npmjs.org/json5 cache-miss
253 silly packumentCache corgi:https://registry.npmjs.org/@angular-devkit%2fschematics-cli cache-miss
254 silly packumentCache corgi:https://registry.npmjs.org/jsesc cache-miss
255 silly packumentCache corgi:https://registry.npmjs.org/js-yaml cache-miss
256 silly packumentCache corgi:https://registry.npmjs.org/jest-cli cache-miss
257 silly packumentCache corgi:https://registry.npmjs.org/jest cache-miss
258 silly packumentCache corgi:https://registry.npmjs.org/import-local cache-miss
259 silly packumentCache corgi:https://registry.npmjs.org/handlebars cache-miss
260 silly packumentCache corgi:https://registry.npmjs.org/esprima cache-miss
261 silly packumentCache corgi:https://registry.npmjs.org/eslint-config-prettier cache-miss
262 silly packumentCache corgi:https://registry.npmjs.org/baseline-browser-mapping cache-miss
263 silly packumentCache corgi:https://registry.npmjs.org/acorn cache-miss
264 silly packumentCache corgi:https://registry.npmjs.org/browserslist cache-miss
265 http cache rxjs@https://registry.npmjs.org/rxjs/-/rxjs-7.8.2.tgz 0ms (cache hit)
266 http cache eslint@https://registry.npmjs.org/eslint/-/eslint-9.39.5.tgz 0ms (cache hit)
267 http cache webpack@https://registry.npmjs.org/webpack/-/webpack-5.109.2.tgz 0ms (cache hit)
268 http cache rxjs@https://registry.npmjs.org/rxjs/-/rxjs-7.8.1.tgz 0ms (cache hit)
269 http cache webpack@https://registry.npmjs.org/webpack/-/webpack-5.106.2.tgz 0ms (cache hit)
270 silly packumentCache corgi:https://registry.npmjs.org/napi-postinstall cache-miss
271 silly packumentCache corgi:https://registry.npmjs.org/glob cache-miss
272 silly packumentCache corgi:https://registry.npmjs.org/js-yaml cache-miss
273 silly packumentCache corgi:https://registry.npmjs.org/semver cache-miss
274 http cache rxjs@https://registry.npmjs.org/rxjs/-/rxjs-7.8.1.tgz 0ms (cache hit)
275 http cache rxjs@https://registry.npmjs.org/rxjs/-/rxjs-7.8.1.tgz 0ms (cache hit)
276 silly packumentCache corgi:https://registry.npmjs.org/semver cache-miss
277 http cache lodash@https://registry.npmjs.org/lodash/-/lodash-4.18.1.tgz 0ms (cache hit)
278 silly packumentCache corgi:https://registry.npmjs.org/glob cache-miss
279 http cache @sinclair/typebox@https://registry.npmjs.org/@sinclair/typebox/-/typebox-0.34.52.tgz 0ms (cache hit)
280 silly packumentCache corgi:https://registry.npmjs.org/glob cache-miss
281 http cache caniuse-lite@https://registry.npmjs.org/caniuse-lite/-/caniuse-lite-1.0.30001809.tgz 0ms (cache hit)
282 http cache rxjs@https://registry.npmjs.org/rxjs/-/rxjs-7.8.1.tgz 0ms (cache hit)
283 silly tarball no local data for rxjs@https://registry.npmjs.org/rxjs/-/rxjs-7.8.2.tgz. Extracting by manifest.
284 silly tarball no local data for eslint@https://registry.npmjs.org/eslint/-/eslint-9.39.5.tgz. Extracting by manifest.
285 silly tarball no local data for webpack@https://registry.npmjs.org/webpack/-/webpack-5.109.2.tgz. Extracting by manifest.
286 silly tarball no local data for @sinclair/typebox@https://registry.npmjs.org/@sinclair/typebox/-/typebox-0.34.52.tgz. Extracting by manifest.
287 http fetch POST 200 https://registry.npmjs.org/-/npm/v1/security/advisories/bulk 559ms
288 silly audit report {}
289 http cache https://registry.npmjs.org/@nestjs%2fcli 766ms (cache hit)
290 silly packumentCache corgi:https://registry.npmjs.org/@nestjs%2fcli set size:576571 disposed:false
291 http fetch GET 200 https://registry.npmjs.org/jsesc 1070ms (cache miss)
292 silly packumentCache corgi:https://registry.npmjs.org/jsesc set size:undefined disposed:false
293 http fetch GET 200 https://registry.npmjs.org/esprima 1073ms (cache miss)
294 silly packumentCache corgi:https://registry.npmjs.org/esprima set size:undefined disposed:false
295 http fetch GET 200 https://registry.npmjs.org/json5 1105ms (cache miss)
296 silly packumentCache corgi:https://registry.npmjs.org/json5 set size:undefined disposed:false
297 http fetch GET 200 https://registry.npmjs.org/which 1136ms (cache miss)
298 silly packumentCache corgi:https://registry.npmjs.org/which set size:undefined disposed:false
299 http fetch GET 200 https://registry.npmjs.org/js-yaml 1132ms (cache miss)
300 silly packumentCache corgi:https://registry.npmjs.org/js-yaml set size:undefined disposed:false
301 http fetch GET 200 https://registry.npmjs.org/import-local 1135ms (cache miss)
302 silly packumentCache corgi:https://registry.npmjs.org/import-local set size:undefined disposed:false
303 http fetch GET 200 https://registry.npmjs.org/@nestjs/cli/-/cli-11.0.24.tgz 453ms (cache revalidated)
304 http fetch GET 200 https://registry.npmjs.org/eslint-config-prettier 1218ms (cache miss)
305 silly packumentCache corgi:https://registry.npmjs.org/eslint-config-prettier set size:undefined disposed:false
306 http fetch GET 200 https://registry.npmjs.org/js-yaml 1250ms (cache miss)
307 silly packumentCache corgi:https://registry.npmjs.org/js-yaml set size:undefined disposed:false
308 http fetch GET 200 https://registry.npmjs.org/update-browserslist-db 1274ms (cache miss)
309 silly packumentCache corgi:https://registry.npmjs.org/update-browserslist-db set size:undefined disposed:false
310 http fetch GET 200 https://registry.npmjs.org/semver 1306ms (cache miss)
311 silly packumentCache corgi:https://registry.npmjs.org/semver set size:undefined disposed:false
312 http fetch GET 200 https://registry.npmjs.org/semver 1347ms (cache miss)
313 silly packumentCache corgi:https://registry.npmjs.org/semver set size:undefined disposed:false
314 http fetch GET 200 https://registry.npmjs.org/browserslist 1367ms (cache miss)
315 silly packumentCache corgi:https://registry.npmjs.org/browserslist set size:undefined disposed:false
316 http fetch GET 200 https://registry.npmjs.org/napi-postinstall 1378ms (cache miss)
317 silly packumentCache corgi:https://registry.npmjs.org/napi-postinstall set size:undefined disposed:false
318 http cache https://registry.npmjs.org/esprima/-/esprima-4.0.1.tgz 461ms (cache hit)
319 http fetch GET 200 https://registry.npmjs.org/mime 1553ms (cache miss)
320 silly packumentCache corgi:https://registry.npmjs.org/mime set size:undefined disposed:false
321 http fetch GET 200 https://registry.npmjs.org/acorn 1580ms (cache miss)
322 silly packumentCache corgi:https://registry.npmjs.org/acorn set size:undefined disposed:false
323 http cache https://registry.npmjs.org/jsesc/-/jsesc-3.1.0.tgz 515ms (cache hit)
324 http cache https://registry.npmjs.org/json5/-/json5-2.2.3.tgz 488ms (cache hit)
325 http cache https://registry.npmjs.org/js-yaml/-/js-yaml-4.3.1.tgz 480ms (cache hit)
326 http cache https://registry.npmjs.org/import-local/-/import-local-3.2.0.tgz 482ms (cache hit)
327 http cache https://registry.npmjs.org/which/-/which-2.0.2.tgz 518ms (cache hit)
328 http fetch GET 200 https://registry.npmjs.org/glob 1685ms (cache miss)
329 silly packumentCache corgi:https://registry.npmjs.org/glob set size:undefined disposed:false
330 http cache https://registry.npmjs.org/eslint-config-prettier/-/eslint-config-prettier-10.1.8.tgz 509ms (cache hit)
331 http fetch GET 200 https://registry.npmjs.org/glob 1725ms (cache miss)
332 silly packumentCache corgi:https://registry.npmjs.org/glob set size:undefined disposed:false
333 http fetch GET 200 https://registry.npmjs.org/glob 1735ms (cache miss)
334 silly packumentCache corgi:https://registry.npmjs.org/glob set size:undefined disposed:false
335 http fetch GET 200 https://registry.npmjs.org/jest 1761ms (cache miss)
336 silly packumentCache corgi:https://registry.npmjs.org/jest set size:undefined disposed:false
337 http cache https://registry.npmjs.org/js-yaml/-/js-yaml-3.15.1.tgz 521ms (cache hit)
338 http cache https://registry.npmjs.org/update-browserslist-db/-/update-browserslist-db-1.3.1.tgz 519ms (cache hit)
339 http fetch GET 200 https://registry.npmjs.org/baseline-browser-mapping 1843ms (cache miss)
340 silly packumentCache corgi:https://registry.npmjs.org/baseline-browser-mapping set size:undefined disposed:false
341 http cache https://registry.npmjs.org/semver/-/semver-6.3.1.tgz 543ms (cache hit)
342 http fetch GET 200 https://registry.npmjs.org/semver 1874ms (cache miss)
343 silly packumentCache corgi:https://registry.npmjs.org/semver set size:undefined disposed:false
344 http fetch GET 200 https://registry.npmjs.org/handlebars 1894ms (cache miss)
345 silly packumentCache corgi:https://registry.npmjs.org/handlebars set size:undefined disposed:false
346 http cache https://registry.npmjs.org/semver/-/semver-6.3.1.tgz 558ms (cache hit)
347 http cache https://registry.npmjs.org/browserslist/-/browserslist-4.28.8.tgz 592ms (cache hit)
348 http cache https://registry.npmjs.org/napi-postinstall/-/napi-postinstall-0.3.4.tgz 580ms (cache hit)
349 http cache https://registry.npmjs.org/mime/-/mime-2.6.0.tgz 476ms (cache hit)
350 http fetch GET 200 https://registry.npmjs.org/ts-node 2036ms (cache miss)
351 silly packumentCache corgi:https://registry.npmjs.org/ts-node set size:undefined disposed:false
352 http cache https://registry.npmjs.org/acorn/-/acorn-8.18.0.tgz 487ms (cache hit)
353 http cache https://registry.npmjs.org/glob/-/glob-10.5.0.tgz 504ms (cache hit)
354 http cache https://registry.npmjs.org/glob/-/glob-10.5.0.tgz 574ms (cache hit)
355 http cache https://registry.npmjs.org/jest/-/jest-30.4.2.tgz 561ms (cache hit)
356 http cache https://registry.npmjs.org/glob/-/glob-10.5.0.tgz 595ms (cache hit)
357 http fetch GET 200 https://registry.npmjs.org/prettier 2359ms (cache miss)
358 silly packumentCache corgi:https://registry.npmjs.org/prettier set size:undefined disposed:false
359 http cache https://registry.npmjs.org/baseline-browser-mapping/-/baseline-browser-mapping-2.11.13.tgz 603ms (cache hit)
360 http cache https://registry.npmjs.org/semver/-/semver-7.8.5.tgz 711ms (cache hit)
361 http cache https://registry.npmjs.org/handlebars/-/handlebars-4.7.9.tgz 739ms (cache hit)
362 http fetch GET 200 https://registry.npmjs.org/jest-cli 2775ms (cache miss)
363 silly packumentCache corgi:https://registry.npmjs.org/jest-cli set size:undefined disposed:false
364 http cache https://registry.npmjs.org/ts-node/-/ts-node-10.9.2.tgz 781ms (cache hit)
365 http fetch GET 200 https://registry.npmjs.org/terser 2835ms (cache miss)
366 silly packumentCache corgi:https://registry.npmjs.org/terser set size:undefined disposed:false
367 http fetch GET 200 https://registry.npmjs.org/ts-jest 3022ms (cache miss)
368 silly packumentCache corgi:https://registry.npmjs.org/ts-jest set size:undefined disposed:false
369 http cache https://registry.npmjs.org/prettier/-/prettier-3.9.6.tgz 803ms (cache hit)
370 http fetch GET 200 https://registry.npmjs.org/uglify-js 3229ms (cache miss)
371 silly packumentCache corgi:https://registry.npmjs.org/uglify-js set size:undefined disposed:false
372 http cache https://registry.npmjs.org/jest-cli/-/jest-cli-30.4.2.tgz 578ms (cache hit)
373 http fetch GET 200 https://registry.npmjs.org/@babel%2fparser 3449ms (cache miss)
374 silly packumentCache corgi:https://registry.npmjs.org/@babel%2fparser set size:undefined disposed:false
375 http cache https://registry.npmjs.org/terser/-/terser-5.50.0.tgz 613ms (cache hit)
376 http cache https://registry.npmjs.org/ts-jest/-/ts-jest-29.4.12.tgz 522ms (cache hit)
377 http cache https://registry.npmjs.org/uglify-js/-/uglify-js-3.19.3.tgz 428ms (cache hit)
378 http fetch GET 200 https://registry.npmjs.org/@angular-devkit%2fschematics-cli 3740ms (cache miss)
379 silly packumentCache corgi:https://registry.npmjs.org/@angular-devkit%2fschematics-cli set size:undefined disposed:false
380 http fetch GET 200 https://registry.npmjs.org/@babel/parser/-/parser-7.29.8.tgz 617ms (cache revalidated)
381 http fetch GET 200 https://registry.npmjs.org/@angular-devkit/schematics-cli/-/schematics-cli-19.2.27.tgz 642ms (cache revalidated)
382 http fetch GET 200 https://registry.npmjs.org/typescript 10888ms (cache miss)
383 silly packumentCache corgi:https://registry.npmjs.org/typescript set size:undefined disposed:false
384 http cache https://registry.npmjs.org/typescript/-/typescript-5.9.3.tgz 439ms (cache hit)
385 http fetch GET 200 https://registry.npmjs.org/eslint/-/eslint-9.39.5.tgz 44602ms (cache miss)
386 http fetch GET 200 https://registry.npmjs.org/webpack/-/webpack-5.109.2.tgz 81327ms (cache miss)
387 http fetch GET 200 https://registry.npmjs.org/@sinclair/typebox/-/typebox-0.34.52.tgz 102727ms (cache miss)
388 http fetch GET 200 https://registry.npmjs.org/rxjs/-/rxjs-7.8.2.tgz 158097ms (cache miss)
389 silly ADD node_modules/@nestjs/schematics/node_modules/@angular-devkit/schematics/node_modules/rxjs
390 silly ADD node_modules/@nestjs/schematics/node_modules/@angular-devkit/core/node_modules/rxjs
391 silly REMOVE node_modules/@nestjs/schematics/node_modules/rxjs
392 silly CHANGE node_modules/@nestjs/cli
393 silly CHANGE node_modules/@nestjs/cli/node_modules/webpack
394 silly ADD node_modules/@jest/schemas/node_modules/@sinclair/typebox
395 silly CHANGE node_modules/@jest/reporters/node_modules/glob
396 silly CHANGE node_modules/@istanbuljs/load-nyc-config/node_modules/js-yaml
397 silly CHANGE node_modules/@babel/parser
398 silly CHANGE node_modules/@babel/helper-compilation-targets/node_modules/semver
399 silly CHANGE node_modules/@babel/core/node_modules/semver
400 silly CHANGE node_modules/@angular-devkit/schematics-cli
401 silly CHANGE node_modules/@angular-devkit/schematics/node_modules/rxjs
402 silly CHANGE node_modules/@angular-devkit/core/node_modules/rxjs
403 silly CHANGE node_modules/which
404 silly CHANGE node_modules/update-browserslist-db
405 silly CHANGE node_modules/uglify-js
406 silly CHANGE node_modules/typescript
407 silly CHANGE node_modules/ts-node
408 silly CHANGE node_modules/ts-jest
409 silly CHANGE node_modules/terser
410 silly CHANGE node_modules/semver
411 silly CHANGE node_modules/prettier
412 silly ADD node_modules/node-emoji/node_modules/lodash
413 silly CHANGE node_modules/napi-postinstall
414 silly CHANGE node_modules/mime
415 silly CHANGE node_modules/json5
416 silly CHANGE node_modules/jsesc
417 silly CHANGE node_modules/js-yaml
418 silly CHANGE node_modules/jest-runtime/node_modules/glob
419 silly CHANGE node_modules/jest-config/node_modules/glob
420 silly CHANGE node_modules/jest-cli
421 silly CHANGE node_modules/jest
422 silly CHANGE node_modules/import-local
423 silly CHANGE node_modules/handlebars
424 silly CHANGE node_modules/esprima
425 silly CHANGE node_modules/eslint-config-prettier
426 silly CHANGE node_modules/browserslist
427 silly ADD node_modules/browserslist/node_modules/caniuse-lite
428 silly CHANGE node_modules/baseline-browser-mapping
429 silly CHANGE node_modules/acorn
430 silly REMOVE node_modules/@sinclair/typebox
431 silly CHANGE node_modules/webpack
432 silly CHANGE node_modules/rxjs
433 silly REMOVE node_modules/lodash
434 silly CHANGE node_modules/eslint
435 silly REMOVE node_modules/caniuse-lite
436 verbose cwd C:\Users\Nayan Curro School\Documents\SportCoachingTool\backend
437 verbose os Windows_NT 10.0.19045
438 verbose node v24.13.1
439 verbose npm  v11.8.0
440 verbose exit 0
441 info ok
