0 verbose cli C:\Program Files\nodejs\node.exe C:\Program Files\nodejs\node_modules\npm\bin\npm-cli.js
1 info using npm@11.8.0
2 info using node@v24.13.1
3 silly config load:file:C:\Program Files\nodejs\node_modules\npm\npmrc
4 silly config load:file:C:\Users\Nayan Curro School\Documents\SportCoachingTool\frontend\.npmrc
5 silly config load:file:C:\Users\Nayan Curro School\.npmrc
6 silly config load:file:C:\Users\Nayan Curro School\AppData\Roaming\npm\etc\npmrc
7 verbose title npm install shadcn@latest @base-ui/react @fontsource-variable/inter
8 verbose argv "install" "--" "shadcn@latest" "@base-ui/react" "@fontsource-variable/inter"
9 verbose logfile logs-max:10 dir:C:\Users\Nayan Curro School\Documents\SportCoachingTool\.npm-cache\_logs\2026-08-13T07_33_25_960Z-
10 verbose logfile C:\Users\Nayan Curro School\Documents\SportCoachingTool\.npm-cache\_logs\2026-08-13T07_33_25_960Z-debug-0.log
11 silly logfile done cleaning log files
12 silly packumentCache heap:2348810240 maxSize:587202560 maxEntrySize:293601280
13 silly packumentCache corgi:https://registry.npmjs.org/shadcn cache-miss
14 http cache https://registry.npmjs.org/shadcn 95ms (cache hit)
15 silly packumentCache corgi:https://registry.npmjs.org/shadcn set size:435955 disposed:false
16 silly idealTree buildDeps
17 silly fetch manifest @base-ui/react@*
18 silly packumentCache full:https://registry.npmjs.org/@base-ui%2freact cache-miss
19 http fetch GET 200 https://registry.npmjs.org/@base-ui%2freact 625ms (cache miss)
20 silly packumentCache full:https://registry.npmjs.org/@base-ui%2freact set size:undefined disposed:false
21 silly fetch manifest @date-fns/tz@^1.2.0
22 silly packumentCache full:https://registry.npmjs.org/@date-fns%2ftz cache-miss
23 http fetch GET 200 https://registry.npmjs.org/@date-fns%2ftz 656ms (cache miss)
24 silly packumentCache full:https://registry.npmjs.org/@date-fns%2ftz set size:undefined disposed:false
25 silly fetch manifest @types/react@^19.2.17
26 silly packumentCache full:https://registry.npmjs.org/@types%2freact cache-miss
27 http cache https://registry.npmjs.org/@types%2freact 24ms (cache hit)
28 silly packumentCache full:https://registry.npmjs.org/@types%2freact set size:2637439 disposed:false
29 silly fetch manifest date-fns@^4.0.0
30 silly packumentCache full:https://registry.npmjs.org/date-fns cache-miss
31 http fetch GET 200 https://registry.npmjs.org/date-fns 310ms (cache miss)
32 silly packumentCache full:https://registry.npmjs.org/date-fns set size:undefined disposed:false
33 silly fetch manifest react@^19.2.8
34 silly packumentCache full:https://registry.npmjs.org/react cache-miss
35 http cache https://registry.npmjs.org/react 49ms (cache hit)
36 silly packumentCache full:https://registry.npmjs.org/react set size:6888185 disposed:false
37 silly fetch manifest react-dom@^19.2.8
38 silly packumentCache full:https://registry.npmjs.org/react-dom cache-miss
39 http cache https://registry.npmjs.org/react-dom 66ms (cache hit)
40 silly packumentCache full:https://registry.npmjs.org/react-dom set size:9252416 disposed:false
41 silly fetch manifest @fontsource-variable/inter@*
42 silly packumentCache full:https://registry.npmjs.org/@fontsource-variable%2finter cache-miss
43 http fetch GET 200 https://registry.npmjs.org/@fontsource-variable%2finter 875ms (cache miss)
44 silly packumentCache full:https://registry.npmjs.org/@fontsource-variable%2finter set size:undefined disposed:false
45 silly fetch manifest shadcn@4.17.0
46 silly packumentCache full:https://registry.npmjs.org/shadcn cache-miss
47 http cache https://registry.npmjs.org/shadcn 12ms (cache hit)
48 silly packumentCache full:https://registry.npmjs.org/shadcn set size:1098911 disposed:false
49 silly placeDep ROOT @base-ui/react@1.7.0 OK for: frontend@0.0.0 want: *
50 silly placeDep ROOT @fontsource-variable/inter@5.3.0 OK for: frontend@0.0.0 want: *
51 silly placeDep ROOT shadcn@4.17.0 OK for: frontend@0.0.0 want: 4.17.0
52 silly fetch manifest @babel/runtime@^7.29.2
53 silly packumentCache full:https://registry.npmjs.org/@babel%2fruntime cache-miss
54 silly fetch manifest @base-ui/utils@0.3.2
55 silly packumentCache full:https://registry.npmjs.org/@base-ui%2futils cache-miss
56 silly fetch manifest @floating-ui/utils@^0.2.12
57 silly packumentCache full:https://registry.npmjs.org/@floating-ui%2futils cache-miss
58 http cache https://registry.npmjs.org/@babel%2fruntime 34ms (cache hit)
59 silly packumentCache full:https://registry.npmjs.org/@babel%2fruntime set size:3471810 disposed:false
60 silly fetch manifest @floating-ui/react-dom@^2.1.9
61 silly packumentCache full:https://registry.npmjs.org/@floating-ui%2freact-dom cache-miss
62 http fetch GET 200 https://registry.npmjs.org/@base-ui%2futils 525ms (cache miss)
63 silly packumentCache full:https://registry.npmjs.org/@base-ui%2futils set size:undefined disposed:false
64 silly fetch manifest use-sync-external-store@^1.6.0
65 silly packumentCache full:https://registry.npmjs.org/use-sync-external-store cache-miss
66 http fetch GET 200 https://registry.npmjs.org/use-sync-external-store 154ms (cache miss)
67 silly packumentCache full:https://registry.npmjs.org/use-sync-external-store set size:undefined disposed:false
68 silly fetch manifest ora@^8.2.0
69 silly packumentCache full:https://registry.npmjs.org/ora cache-miss
70 http cache https://registry.npmjs.org/ora 17ms (cache hit)
71 silly packumentCache full:https://registry.npmjs.org/ora set size:147148 disposed:false
72 silly fetch manifest zod@^3.24.1
73 silly packumentCache full:https://registry.npmjs.org/zod cache-miss
74 http fetch GET 200 https://registry.npmjs.org/@floating-ui%2futils 735ms (cache miss)
75 silly packumentCache full:https://registry.npmjs.org/@floating-ui%2futils set size:undefined disposed:false
76 silly fetch manifest diff@^8.0.2
77 silly packumentCache full:https://registry.npmjs.org/diff cache-miss
78 http cache https://registry.npmjs.org/diff 12ms (cache hit)
79 silly packumentCache full:https://registry.npmjs.org/diff set size:154400 disposed:false
80 silly fetch manifest open@^11.0.0
81 silly packumentCache full:https://registry.npmjs.org/open cache-miss
82 http fetch GET 200 https://registry.npmjs.org/@floating-ui%2freact-dom 692ms (cache miss)
83 silly packumentCache full:https://registry.npmjs.org/@floating-ui%2freact-dom set size:undefined disposed:false
84 silly fetch manifest execa@^9.6.0
85 silly packumentCache full:https://registry.npmjs.org/execa cache-miss
86 http cache https://registry.npmjs.org/zod 33ms (cache hit)
87 silly packumentCache full:https://registry.npmjs.org/zod set size:3610194 disposed:false
88 silly fetch manifest kleur@^4.1.5
89 silly packumentCache full:https://registry.npmjs.org/kleur cache-miss
90 http cache https://registry.npmjs.org/open 63ms (cache hit)
91 silly packumentCache full:https://registry.npmjs.org/open set size:136392 disposed:false
92 silly fetch manifest socks@^2.8.8
93 silly packumentCache full:https://registry.npmjs.org/socks cache-miss
94 http cache https://registry.npmjs.org/execa 64ms (cache hit)
95 silly packumentCache full:https://registry.npmjs.org/execa set size:188760 disposed:false
96 silly fetch manifest dedent@^1.6.0
97 silly packumentCache full:https://registry.npmjs.org/dedent cache-miss
98 http cache https://registry.npmjs.org/kleur 30ms (cache hit)
99 silly packumentCache full:https://registry.npmjs.org/kleur set size:61853 disposed:false
100 silly fetch manifest recast@^0.23.11
101 silly packumentCache full:https://registry.npmjs.org/recast cache-miss
102 http cache https://registry.npmjs.org/socks 18ms (cache hit)
103 silly packumentCache full:https://registry.npmjs.org/socks set size:173143 disposed:false
104 silly fetch manifest undici@^7.27.2
105 silly packumentCache full:https://registry.npmjs.org/undici cache-miss
106 http cache https://registry.npmjs.org/dedent 19ms (cache hit)
107 silly packumentCache full:https://registry.npmjs.org/dedent set size:77148 disposed:false
108 silly fetch manifest prompts@^2.4.2
109 silly packumentCache full:https://registry.npmjs.org/prompts cache-miss
110 http cache https://registry.npmjs.org/recast 21ms (cache hit)
111 silly packumentCache full:https://registry.npmjs.org/recast set size:555591 disposed:false
112 silly fetch manifest fs-extra@^11.3.1
113 silly packumentCache full:https://registry.npmjs.org/fs-extra cache-miss
114 http cache https://registry.npmjs.org/undici 27ms (cache hit)
115 silly packumentCache full:https://registry.npmjs.org/undici set size:1531430 disposed:false
116 silly fetch manifest ts-morph@^26.0.0
117 silly packumentCache full:https://registry.npmjs.org/ts-morph cache-miss
118 http cache https://registry.npmjs.org/prompts 35ms (cache hit)
119 silly packumentCache full:https://registry.npmjs.org/prompts set size:115896 disposed:false
120 silly fetch manifest commander@^14.0.0
121 silly packumentCache full:https://registry.npmjs.org/commander cache-miss
122 http cache https://registry.npmjs.org/fs-extra 31ms (cache hit)
123 silly packumentCache full:https://registry.npmjs.org/fs-extra set size:239581 disposed:false
124 silly fetch manifest deepmerge@^4.3.1
125 silly packumentCache full:https://registry.npmjs.org/deepmerge cache-miss
126 http cache https://registry.npmjs.org/commander 16ms (cache hit)
127 silly packumentCache full:https://registry.npmjs.org/commander set size:353115 disposed:false
128 silly fetch manifest fast-glob@^3.3.3
129 silly packumentCache full:https://registry.npmjs.org/fast-glob cache-miss
130 http cache https://registry.npmjs.org/deepmerge 18ms (cache hit)
131 silly packumentCache full:https://registry.npmjs.org/deepmerge set size:101897 disposed:false
132 silly fetch manifest fuzzysort@^3.1.0
133 silly packumentCache full:https://registry.npmjs.org/fuzzysort cache-miss
134 http cache https://registry.npmjs.org/ts-morph 30ms (cache hit)
135 silly packumentCache full:https://registry.npmjs.org/ts-morph set size:540557 disposed:false
136 silly fetch manifest @babel/core@^7.28.0
137 silly packumentCache full:https://registry.npmjs.org/@babel%2fcore cache-miss
138 http cache https://registry.npmjs.org/fuzzysort 42ms (cache hit)
139 silly packumentCache full:https://registry.npmjs.org/fuzzysort set size:87711 disposed:false
140 silly fetch manifest cosmiconfig@^9.0.0
141 silly packumentCache full:https://registry.npmjs.org/cosmiconfig cache-miss
142 http cache https://registry.npmjs.org/@babel%2fcore 40ms (cache hit)
143 silly packumentCache full:https://registry.npmjs.org/@babel%2fcore set size:788273 disposed:false
144 silly fetch manifest browserslist@^4.26.2
145 silly packumentCache full:https://registry.npmjs.org/browserslist cache-miss
146 http cache https://registry.npmjs.org/fast-glob 58ms (cache hit)
147 silly packumentCache full:https://registry.npmjs.org/fast-glob set size:220556 disposed:false
148 silly fetch manifest @babel/parser@^7.28.0
149 silly packumentCache full:https://registry.npmjs.org/@babel%2fparser cache-miss
150 http cache https://registry.npmjs.org/browserslist 15ms (cache hit)
151 silly packumentCache full:https://registry.npmjs.org/browserslist set size:518659 disposed:false
152 silly fetch manifest tsconfig-paths@^4.2.0
153 silly packumentCache full:https://registry.npmjs.org/tsconfig-paths cache-miss
154 http cache https://registry.npmjs.org/cosmiconfig 34ms (cache hit)
155 silly packumentCache full:https://registry.npmjs.org/cosmiconfig set size:232521 disposed:false
156 silly fetch manifest @dotenvx/dotenvx@^1.48.4
157 silly packumentCache full:https://registry.npmjs.org/@dotenvx%2fdotenvx cache-miss
158 http cache https://registry.npmjs.org/@babel%2fparser 26ms (cache hit)
159 silly packumentCache full:https://registry.npmjs.org/@babel%2fparser set size:737961 disposed:false
160 silly fetch manifest stringify-object@^5.0.0
161 silly packumentCache full:https://registry.npmjs.org/stringify-object cache-miss
162 http cache https://registry.npmjs.org/tsconfig-paths 26ms (cache hit)
163 silly packumentCache full:https://registry.npmjs.org/tsconfig-paths set size:192565 disposed:false
164 silly fetch manifest zod-to-json-schema@^3.24.6
165 silly packumentCache full:https://registry.npmjs.org/zod-to-json-schema cache-miss
166 http cache https://registry.npmjs.org/stringify-object 16ms (cache hit)
167 silly packumentCache full:https://registry.npmjs.org/stringify-object set size:62925 disposed:false
168 silly fetch manifest postcss-selector-parser@^7.1.0
169 silly packumentCache full:https://registry.npmjs.org/postcss-selector-parser cache-miss
170 http cache https://registry.npmjs.org/@dotenvx%2fdotenvx 31ms (cache hit)
171 silly packumentCache full:https://registry.npmjs.org/@dotenvx%2fdotenvx set size:897692 disposed:false
172 silly fetch manifest @babel/preset-typescript@^7.27.1
173 silly packumentCache full:https://registry.npmjs.org/@babel%2fpreset-typescript cache-miss
174 http cache https://registry.npmjs.org/zod-to-json-schema 27ms (cache hit)
175 silly packumentCache full:https://registry.npmjs.org/zod-to-json-schema set size:309584 disposed:false
176 silly fetch manifest @modelcontextprotocol/sdk@^1.26.0
177 silly packumentCache full:https://registry.npmjs.org/@modelcontextprotocol%2fsdk cache-miss
178 http cache https://registry.npmjs.org/@babel%2fpreset-typescript 17ms (cache hit)
179 silly packumentCache full:https://registry.npmjs.org/@babel%2fpreset-typescript set size:271383 disposed:false
180 silly fetch manifest validate-npm-package-name@^7.0.1
181 silly packumentCache full:https://registry.npmjs.org/validate-npm-package-name cache-miss
182 http cache https://registry.npmjs.org/postcss-selector-parser 34ms (cache hit)
183 silly packumentCache full:https://registry.npmjs.org/postcss-selector-parser set size:196939 disposed:false
184 silly fetch manifest @types/validate-npm-package-name@^4.0.2
185 silly packumentCache full:https://registry.npmjs.org/@types%2fvalidate-npm-package-name cache-miss
186 http cache https://registry.npmjs.org/@types%2fvalidate-npm-package-name 11ms (cache hit)
187 silly packumentCache full:https://registry.npmjs.org/@types%2fvalidate-npm-package-name set size:17657 disposed:false
188 silly fetch manifest @babel/plugin-transform-typescript@^7.28.0
189 silly packumentCache full:https://registry.npmjs.org/@babel%2fplugin-transform-typescript cache-miss
190 http cache https://registry.npmjs.org/validate-npm-package-name 16ms (cache hit)
191 silly packumentCache full:https://registry.npmjs.org/validate-npm-package-name set size:51100 disposed:false
192 http cache https://registry.npmjs.org/@modelcontextprotocol%2fsdk 25ms (cache hit)
193 silly packumentCache full:https://registry.npmjs.org/@modelcontextprotocol%2fsdk set size:302290 disposed:false
194 http cache https://registry.npmjs.org/@babel%2fplugin-transform-typescript 17ms (cache hit)
195 silly packumentCache full:https://registry.npmjs.org/@babel%2fplugin-transform-typescript set size:402797 disposed:false
196 silly fetch manifest @types/react@^17 || ^18 || ^19
197 silly packumentCache full:https://registry.npmjs.org/@types%2freact cache-miss
198 http cache https://registry.npmjs.org/@types%2freact 14ms (cache hit)
199 silly packumentCache full:https://registry.npmjs.org/@types%2freact set size:2637439 disposed:false
200 silly fetch manifest react@^17 || ^18 || ^19
201 silly packumentCache full:https://registry.npmjs.org/react cache-miss
202 http cache https://registry.npmjs.org/react 22ms (cache hit)
203 silly packumentCache full:https://registry.npmjs.org/react set size:6888185 disposed:false
204 silly fetch manifest react-dom@^17 || ^18 || ^19
205 silly packumentCache full:https://registry.npmjs.org/react-dom cache-miss
206 http cache https://registry.npmjs.org/react-dom 35ms (cache hit)
207 silly packumentCache full:https://registry.npmjs.org/react-dom set size:9252416 disposed:false
208 silly placeDep ROOT @babel/runtime@7.29.7 OK for: @base-ui/react@1.7.0 want: ^7.29.2
209 silly placeDep ROOT @base-ui/utils@0.3.2 OK for: @base-ui/react@1.7.0 want: 0.3.2
210 silly placeDep ROOT @floating-ui/react-dom@2.1.9 OK for: @base-ui/react@1.7.0 want: ^2.1.9
211 silly placeDep ROOT @floating-ui/utils@0.2.12 OK for: @base-ui/react@1.7.0 want: ^0.2.12
212 silly placeDep ROOT use-sync-external-store@1.6.0 OK for: @base-ui/react@1.7.0 want: ^1.6.0
213 silly fetch manifest reselect@^5.2.0
214 silly packumentCache full:https://registry.npmjs.org/reselect cache-miss
215 silly fetch manifest @floating-ui/dom@^1.8.0
216 silly packumentCache full:https://registry.npmjs.org/@floating-ui%2fdom cache-miss
217 http fetch GET 200 https://registry.npmjs.org/reselect 45ms (cache miss)
218 silly packumentCache full:https://registry.npmjs.org/reselect set size:undefined disposed:false
219 http fetch GET 200 https://registry.npmjs.org/@floating-ui%2fdom 57ms (cache miss)
220 silly packumentCache full:https://registry.npmjs.org/@floating-ui%2fdom set size:undefined disposed:false
221 silly placeDep ROOT reselect@5.2.0 OK for: @base-ui/utils@0.3.2 want: ^5.2.0
222 silly placeDep ROOT @floating-ui/dom@1.8.0 OK for: @floating-ui/react-dom@2.1.9 want: ^1.8.0
223 silly fetch manifest @floating-ui/core@^1.8.0
224 silly packumentCache full:https://registry.npmjs.org/@floating-ui%2fcore cache-miss
225 http fetch GET 200 https://registry.npmjs.org/@floating-ui%2fcore 684ms (cache miss)
226 silly packumentCache full:https://registry.npmjs.org/@floating-ui%2fcore set size:undefined disposed:false
227 silly placeDep ROOT @floating-ui/core@1.8.0 OK for: @floating-ui/dom@1.8.0 want: ^1.8.0
228 silly fetch manifest babel-plugin-macros@^3.1.0
229 silly packumentCache full:https://registry.npmjs.org/babel-plugin-macros cache-miss
230 http cache https://registry.npmjs.org/babel-plugin-macros 11ms (cache hit)
231 silly packumentCache full:https://registry.npmjs.org/babel-plugin-macros set size:124320 disposed:false
232 silly fetch manifest typescript@>=4.9.5
233 silly packumentCache full:https://registry.npmjs.org/typescript cache-miss
234 http cache https://registry.npmjs.org/typescript 76ms (cache hit)
235 silly packumentCache full:https://registry.npmjs.org/typescript set size:15547442 disposed:false
236 silly fetch manifest @cfworker/json-schema@^4.1.1
237 silly packumentCache full:https://registry.npmjs.org/@cfworker%2fjson-schema cache-miss
238 http cache https://registry.npmjs.org/@cfworker%2fjson-schema 12ms (cache hit)
239 silly packumentCache full:https://registry.npmjs.org/@cfworker%2fjson-schema set size:144207 disposed:false
240 silly placeDep ROOT @babel/core@7.29.7 OK for: shadcn@4.17.0 want: ^7.28.0
241 silly placeDep ROOT @babel/parser@7.29.8 OK for: shadcn@4.17.0 want: ^7.28.0
242 silly placeDep ROOT @babel/plugin-transform-typescript@7.29.7 OK for: shadcn@4.17.0 want: ^7.28.0
243 silly placeDep ROOT @babel/preset-typescript@7.29.7 OK for: shadcn@4.17.0 want: ^7.27.1
244 silly placeDep ROOT @dotenvx/dotenvx@1.75.1 OK for: shadcn@4.17.0 want: ^1.48.4
245 silly placeDep ROOT @modelcontextprotocol/sdk@1.30.0 OK for: shadcn@4.17.0 want: ^1.26.0
246 silly placeDep ROOT @types/validate-npm-package-name@4.0.2 OK for: shadcn@4.17.0 want: ^4.0.2
247 silly placeDep ROOT browserslist@4.28.8 OK for: shadcn@4.17.0 want: ^4.26.2
248 silly placeDep ROOT commander@14.0.3 OK for: shadcn@4.17.0 want: ^14.0.0
249 silly placeDep ROOT cosmiconfig@9.0.2 OK for: shadcn@4.17.0 want: ^9.0.0
250 silly placeDep ROOT dedent@1.7.2 OK for: shadcn@4.17.0 want: ^1.6.0
251 silly placeDep ROOT deepmerge@4.3.1 OK for: shadcn@4.17.0 want: ^4.3.1
252 silly placeDep ROOT diff@8.0.4 OK for: shadcn@4.17.0 want: ^8.0.2
253 silly placeDep ROOT execa@9.6.1 OK for: shadcn@4.17.0 want: ^9.6.0
254 silly placeDep ROOT fast-glob@3.3.3 OK for: shadcn@4.17.0 want: ^3.3.3
255 silly placeDep ROOT fs-extra@11.4.0 OK for: shadcn@4.17.0 want: ^11.3.1
256 silly placeDep ROOT fuzzysort@3.1.0 OK for: shadcn@4.17.0 want: ^3.1.0
257 silly placeDep ROOT kleur@4.1.5 OK for: shadcn@4.17.0 want: ^4.1.5
258 silly placeDep ROOT open@11.0.0 OK for: shadcn@4.17.0 want: ^11.0.0
259 silly placeDep ROOT ora@8.2.0 OK for: shadcn@4.17.0 want: ^8.2.0
260 silly placeDep ROOT postcss-selector-parser@7.1.5 OK for: shadcn@4.17.0 want: ^7.1.0
261 silly placeDep ROOT prompts@2.4.2 OK for: shadcn@4.17.0 want: ^2.4.2
262 silly placeDep ROOT recast@0.23.21 OK for: shadcn@4.17.0 want: ^0.23.11
263 silly placeDep ROOT socks@2.8.9 OK for: shadcn@4.17.0 want: ^2.8.8
264 silly placeDep ROOT stringify-object@5.0.0 OK for: shadcn@4.17.0 want: ^5.0.0
265 silly placeDep ROOT ts-morph@26.0.0 OK for: shadcn@4.17.0 want: ^26.0.0
266 silly placeDep ROOT tsconfig-paths@4.2.0 OK for: shadcn@4.17.0 want: ^4.2.0
267 silly placeDep ROOT undici@7.29.0 OK for: shadcn@4.17.0 want: ^7.27.2
268 silly placeDep ROOT validate-npm-package-name@7.0.2 OK for: shadcn@4.17.0 want: ^7.0.1
269 silly placeDep ROOT zod@3.25.76 OK for: shadcn@4.17.0 want: ^3.24.1
270 silly placeDep ROOT zod-to-json-schema@3.25.2 OK for: shadcn@4.17.0 want: ^3.24.6
271 silly fetch manifest json5@^2.2.3
272 silly packumentCache full:https://registry.npmjs.org/json5 cache-miss
273 silly fetch manifest semver@^6.3.1
274 silly packumentCache full:https://registry.npmjs.org/semver cache-miss
275 silly fetch manifest gensync@^1.0.0-beta.2
276 silly packumentCache full:https://registry.npmjs.org/gensync cache-miss
277 http cache https://registry.npmjs.org/json5 12ms (cache hit)
278 silly packumentCache full:https://registry.npmjs.org/json5 set size:86136 disposed:false
279 silly fetch manifest @babel/types@^7.29.7
280 silly packumentCache full:https://registry.npmjs.org/@babel%2ftypes cache-miss
281 http cache https://registry.npmjs.org/gensync 16ms (cache hit)
282 silly packumentCache full:https://registry.npmjs.org/gensync set size:15068 disposed:false
283 silly fetch manifest @babel/parser@^7.29.7
284 silly packumentCache full:https://registry.npmjs.org/@babel%2fparser cache-hit
285 silly fetch manifest @babel/helpers@^7.29.7
286 silly packumentCache full:https://registry.npmjs.org/@babel%2fhelpers cache-miss
287 http cache https://registry.npmjs.org/semver 22ms (cache hit)
288 silly packumentCache full:https://registry.npmjs.org/semver set size:246069 disposed:false
289 silly fetch manifest @babel/template@^7.29.7
290 silly packumentCache full:https://registry.npmjs.org/@babel%2ftemplate cache-miss
291 http cache https://registry.npmjs.org/@babel%2ftypes 27ms (cache hit)
292 silly packumentCache full:https://registry.npmjs.org/@babel%2ftypes set size:502938 disposed:false
293 silly fetch manifest @babel/traverse@^7.29.7
294 silly packumentCache full:https://registry.npmjs.org/@babel%2ftraverse cache-miss
295 http cache https://registry.npmjs.org/@babel%2ftemplate 21ms (cache hit)
296 silly packumentCache full:https://registry.npmjs.org/@babel%2ftemplate set size:237074 disposed:false
297 silly fetch manifest @babel/generator@^7.29.7
298 silly packumentCache full:https://registry.npmjs.org/@babel%2fgenerator cache-miss
299 http cache https://registry.npmjs.org/@babel%2fhelpers 31ms (cache hit)
300 silly packumentCache full:https://registry.npmjs.org/@babel%2fhelpers set size:398496 disposed:false
301 silly fetch manifest @babel/code-frame@^7.29.7
302 silly packumentCache full:https://registry.npmjs.org/@babel%2fcode-frame cache-miss
303 http cache https://registry.npmjs.org/@babel%2fgenerator 22ms (cache hit)
304 silly packumentCache full:https://registry.npmjs.org/@babel%2fgenerator set size:522841 disposed:false
305 silly fetch manifest convert-source-map@^2.0.0
306 silly packumentCache full:https://registry.npmjs.org/convert-source-map cache-miss
307 http cache https://registry.npmjs.org/@babel%2fcode-frame 21ms (cache hit)
308 silly packumentCache full:https://registry.npmjs.org/@babel%2fcode-frame set size:206617 disposed:false
309 silly fetch manifest @babel/helper-module-transforms@^7.29.7
310 silly packumentCache full:https://registry.npmjs.org/@babel%2fhelper-module-transforms cache-miss
311 http cache https://registry.npmjs.org/@babel%2ftraverse 38ms (cache hit)
312 silly packumentCache full:https://registry.npmjs.org/@babel%2ftraverse set size:564759 disposed:false
313 silly fetch manifest @babel/helper-compilation-targets@^7.29.7
314 silly packumentCache full:https://registry.npmjs.org/@babel%2fhelper-compilation-targets cache-miss
315 http cache https://registry.npmjs.org/@babel%2fhelper-module-transforms 26ms (cache hit)
316 silly packumentCache full:https://registry.npmjs.org/@babel%2fhelper-module-transforms set size:346454 disposed:false
317 silly fetch manifest @babel/types@^7.29.8
318 silly packumentCache full:https://registry.npmjs.org/@babel%2ftypes cache-hit
319 silly fetch manifest @babel/helper-plugin-utils@^7.29.7
320 silly packumentCache full:https://registry.npmjs.org/@babel%2fhelper-plugin-utils cache-miss
321 http cache https://registry.npmjs.org/@babel%2fhelper-compilation-targets 20ms (cache hit)
322 silly packumentCache full:https://registry.npmjs.org/@babel%2fhelper-compilation-targets set size:229541 disposed:false
323 silly fetch manifest @babel/helper-annotate-as-pure@^7.29.7
324 silly packumentCache full:https://registry.npmjs.org/@babel%2fhelper-annotate-as-pure cache-miss
325 http cache https://registry.npmjs.org/convert-source-map 42ms (cache hit)
326 silly packumentCache full:https://registry.npmjs.org/convert-source-map set size:66997 disposed:false
327 silly fetch manifest @babel/plugin-syntax-typescript@^7.29.7
328 silly packumentCache full:https://registry.npmjs.org/@babel%2fplugin-syntax-typescript cache-miss
329 http cache https://registry.npmjs.org/@babel%2fhelper-annotate-as-pure 16ms (cache hit)
330 silly packumentCache full:https://registry.npmjs.org/@babel%2fhelper-annotate-as-pure set size:181560 disposed:false
331 silly fetch manifest @babel/helper-create-class-features-plugin@^7.29.7
332 silly packumentCache full:https://registry.npmjs.org/@babel%2fhelper-create-class-features-plugin cache-miss
333 http cache https://registry.npmjs.org/@babel%2fhelper-plugin-utils 27ms (cache hit)
334 silly packumentCache full:https://registry.npmjs.org/@babel%2fhelper-plugin-utils set size:175564 disposed:false
335 silly fetch manifest @babel/helper-skip-transparent-expression-wrappers@^7.29.7
336 silly packumentCache full:https://registry.npmjs.org/@babel%2fhelper-skip-transparent-expression-wrappers cache-miss
337 http cache https://registry.npmjs.org/@babel%2fplugin-syntax-typescript 22ms (cache hit)
338 silly packumentCache full:https://registry.npmjs.org/@babel%2fplugin-syntax-typescript set size:221236 disposed:false
339 silly fetch manifest @babel/plugin-syntax-jsx@^7.29.7
340 silly packumentCache full:https://registry.npmjs.org/@babel%2fplugin-syntax-jsx cache-miss
341 http cache https://registry.npmjs.org/@babel%2fhelper-skip-transparent-expression-wrappers 16ms (cache hit)
342 silly packumentCache full:https://registry.npmjs.org/@babel%2fhelper-skip-transparent-expression-wrappers set size:105696 disposed:false
343 silly fetch manifest @babel/helper-validator-option@^7.29.7
344 silly packumentCache full:https://registry.npmjs.org/@babel%2fhelper-validator-option cache-miss
345 http cache https://registry.npmjs.org/@babel%2fhelper-create-class-features-plugin 24ms (cache hit)
346 silly packumentCache full:https://registry.npmjs.org/@babel%2fhelper-create-class-features-plugin set size:382403 disposed:false
347 silly fetch manifest @babel/plugin-transform-modules-commonjs@^7.29.7
348 silly packumentCache full:https://registry.npmjs.org/@babel%2fplugin-transform-modules-commonjs cache-miss
349 http cache https://registry.npmjs.org/@babel%2fplugin-syntax-jsx 22ms (cache hit)
350 silly packumentCache full:https://registry.npmjs.org/@babel%2fplugin-syntax-jsx set size:194952 disposed:false
351 silly fetch manifest conf@^10.2.0
352 silly packumentCache full:https://registry.npmjs.org/conf cache-miss
353 http cache https://registry.npmjs.org/@babel%2fhelper-validator-option 23ms (cache hit)
354 silly packumentCache full:https://registry.npmjs.org/@babel%2fhelper-validator-option set size:101303 disposed:false
355 silly fetch manifest open@^8.4.2
356 silly packumentCache full:https://registry.npmjs.org/open cache-hit
357 silly fetch manifest execa@^5.1.1
358 silly packumentCache full:https://registry.npmjs.org/execa cache-hit
359 silly fetch manifest which@^4.0.0
360 silly packumentCache full:https://registry.npmjs.org/which cache-miss
361 http cache https://registry.npmjs.org/@babel%2fplugin-transform-modules-commonjs 22ms (cache hit)
362 silly packumentCache full:https://registry.npmjs.org/@babel%2fplugin-transform-modules-commonjs set size:313445 disposed:false
363 silly fetch manifest dotenv@^17.2.1
364 silly packumentCache full:https://registry.npmjs.org/dotenv cache-miss
365 http cache https://registry.npmjs.org/conf 23ms (cache hit)
366 silly packumentCache full:https://registry.npmjs.org/conf set size:185108 disposed:false
367 silly fetch manifest ignore@^5.3.0
368 silly packumentCache full:https://registry.npmjs.org/ignore cache-miss
369 http cache https://registry.npmjs.org/which 25ms (cache hit)
370 silly packumentCache full:https://registry.npmjs.org/which set size:70087 disposed:false
371 silly fetch manifest undici@^7.11.0
372 silly packumentCache full:https://registry.npmjs.org/undici cache-miss
373 http cache https://registry.npmjs.org/dotenv 28ms (cache hit)
374 silly packumentCache full:https://registry.npmjs.org/dotenv set size:277802 disposed:false
375 silly fetch manifest enquirer@^2.4.1
376 silly packumentCache full:https://registry.npmjs.org/enquirer cache-miss
377 http cache https://registry.npmjs.org/ignore 28ms (cache hit)
378 silly packumentCache full:https://registry.npmjs.org/ignore set size:240910 disposed:false
379 silly fetch manifest commander@^11.1.0
380 silly packumentCache full:https://registry.npmjs.org/commander cache-hit
381 silly fetch manifest env-paths@^2.2.1
382 silly packumentCache full:https://registry.npmjs.org/env-paths cache-miss
383 http cache https://registry.npmjs.org/undici 26ms (cache hit)
384 silly packumentCache full:https://registry.npmjs.org/undici set size:1531430 disposed:false
385 silly fetch manifest yocto-spinner@^1.1.0
386 silly packumentCache full:https://registry.npmjs.org/yocto-spinner cache-miss
387 http cache https://registry.npmjs.org/env-paths 28ms (cache hit)
388 silly packumentCache full:https://registry.npmjs.org/env-paths set size:26913 disposed:false
389 silly fetch manifest object-treeify@1.1.33
390 silly packumentCache full:https://registry.npmjs.org/object-treeify cache-miss
391 http cache https://registry.npmjs.org/enquirer 35ms (cache hit)
392 silly packumentCache full:https://registry.npmjs.org/enquirer set size:203040 disposed:false
393 silly fetch manifest systeminformation@^5.22.11
394 silly packumentCache full:https://registry.npmjs.org/systeminformation cache-miss
395 http cache https://registry.npmjs.org/yocto-spinner 18ms (cache hit)
396 silly packumentCache full:https://registry.npmjs.org/yocto-spinner set size:30326 disposed:false
397 silly fetch manifest @dotenvx/primitives@^0.8.0
398 silly packumentCache full:https://registry.npmjs.org/@dotenvx%2fprimitives cache-miss
399 http cache https://registry.npmjs.org/object-treeify 17ms (cache hit)
400 silly packumentCache full:https://registry.npmjs.org/object-treeify set size:214540 disposed:false
401 silly fetch manifest ajv@^8.17.1
402 silly packumentCache full:https://registry.npmjs.org/ajv cache-miss
403 http cache https://registry.npmjs.org/systeminformation 23ms (cache hit)
404 silly packumentCache full:https://registry.npmjs.org/systeminformation set size:2350412 disposed:false
405 silly fetch manifest zod@^3.25 || ^4.0
406 silly packumentCache full:https://registry.npmjs.org/zod cache-miss
407 http cache https://registry.npmjs.org/@dotenvx%2fprimitives 36ms (cache hit)
408 silly packumentCache full:https://registry.npmjs.org/@dotenvx%2fprimitives set size:72296 disposed:false
409 silly fetch manifest cors@^2.8.5
410 silly packumentCache full:https://registry.npmjs.org/cors cache-miss
411 http cache https://registry.npmjs.org/ajv 38ms (cache hit)
412 silly packumentCache full:https://registry.npmjs.org/ajv set size:1142658 disposed:false
413 silly fetch manifest hono@^4.11.4
414 silly packumentCache full:https://registry.npmjs.org/hono cache-miss
415 http cache https://registry.npmjs.org/zod 32ms (cache hit)
416 silly packumentCache full:https://registry.npmjs.org/zod set size:3610194 disposed:false
417 silly fetch manifest jose@^6.1.3
418 silly packumentCache full:https://registry.npmjs.org/jose cache-miss
419 http cache https://registry.npmjs.org/cors 98ms (cache hit)
420 silly packumentCache full:https://registry.npmjs.org/cors set size:77956 disposed:false
421 silly fetch manifest express@^5.2.1
422 silly packumentCache full:https://registry.npmjs.org/express cache-miss
423 http cache https://registry.npmjs.org/jose 20ms (cache hit)
424 silly packumentCache full:https://registry.npmjs.org/jose set size:1440823 disposed:false
425 silly fetch manifest raw-body@^3.0.0
426 silly packumentCache full:https://registry.npmjs.org/raw-body cache-miss
427 http cache https://registry.npmjs.org/hono 115ms (cache hit)
428 silly packumentCache full:https://registry.npmjs.org/hono set size:6050187 disposed:false
429 silly fetch manifest ajv-formats@^3.0.1
430 silly packumentCache full:https://registry.npmjs.org/ajv-formats cache-miss
431 http cache https://registry.npmjs.org/ajv-formats 41ms (cache hit)
432 silly packumentCache full:https://registry.npmjs.org/ajv-formats set size:141264 disposed:false
433 silly fetch manifest cross-spawn@^7.0.5
434 silly packumentCache full:https://registry.npmjs.org/cross-spawn cache-miss
435 http cache https://registry.npmjs.org/express 133ms (cache hit)
436 silly packumentCache full:https://registry.npmjs.org/express set size:804956 disposed:false
437 silly fetch manifest eventsource@^3.0.2
438 silly packumentCache full:https://registry.npmjs.org/eventsource cache-miss
439 http cache https://registry.npmjs.org/raw-body 133ms (cache hit)
440 silly packumentCache full:https://registry.npmjs.org/raw-body set size:120042 disposed:false
441 silly fetch manifest content-type@^1.0.5
442 silly packumentCache full:https://registry.npmjs.org/content-type cache-miss
443 http cache https://registry.npmjs.org/cross-spawn 34ms (cache hit)
444 silly packumentCache full:https://registry.npmjs.org/cross-spawn set size:109066 disposed:false
445 silly fetch manifest pkce-challenge@^5.0.0
446 silly packumentCache full:https://registry.npmjs.org/pkce-challenge cache-miss
447 http cache https://registry.npmjs.org/eventsource 25ms (cache hit)
448 silly packumentCache full:https://registry.npmjs.org/eventsource set size:137147 disposed:false
449 silly fetch manifest @hono/node-server@^1.19.9 || ^2.0.5
450 silly packumentCache full:https://registry.npmjs.org/@hono%2fnode-server cache-miss
451 http cache https://registry.npmjs.org/content-type 25ms (cache hit)
452 silly packumentCache full:https://registry.npmjs.org/content-type set size:18994 disposed:false
453 silly fetch manifest json-schema-typed@^8.0.2
454 silly packumentCache full:https://registry.npmjs.org/json-schema-typed cache-miss
455 http cache https://registry.npmjs.org/json-schema-typed 14ms (cache hit)
456 silly packumentCache full:https://registry.npmjs.org/json-schema-typed set size:26165 disposed:false
457 silly fetch manifest eventsource-parser@^3.0.0
458 silly packumentCache full:https://registry.npmjs.org/eventsource-parser cache-miss
459 http cache https://registry.npmjs.org/pkce-challenge 25ms (cache hit)
460 silly packumentCache full:https://registry.npmjs.org/pkce-challenge set size:37734 disposed:false
461 silly fetch manifest express-rate-limit@^8.2.1
462 silly packumentCache full:https://registry.npmjs.org/express-rate-limit cache-miss
463 http cache https://registry.npmjs.org/@hono%2fnode-server 20ms (cache hit)
464 silly packumentCache full:https://registry.npmjs.org/@hono%2fnode-server set size:281455 disposed:false
465 silly fetch manifest zod-to-json-schema@^3.25.1
466 silly packumentCache full:https://registry.npmjs.org/zod-to-json-schema cache-hit
467 silly fetch manifest caniuse-lite@^1.0.30001809
468 silly packumentCache full:https://registry.npmjs.org/caniuse-lite cache-miss
469 http cache https://registry.npmjs.org/eventsource-parser 24ms (cache hit)
470 silly packumentCache full:https://registry.npmjs.org/eventsource-parser set size:85515 disposed:false
471 silly fetch manifest node-releases@^2.0.53
472 silly packumentCache full:https://registry.npmjs.org/node-releases cache-miss
473 http cache https://registry.npmjs.org/express-rate-limit 29ms (cache hit)
474 silly packumentCache full:https://registry.npmjs.org/express-rate-limit set size:456657 disposed:false
475 silly fetch manifest electron-to-chromium@^1.5.402
476 silly packumentCache full:https://registry.npmjs.org/electron-to-chromium cache-miss
477 http cache https://registry.npmjs.org/caniuse-lite 33ms (cache hit)
478 silly packumentCache full:https://registry.npmjs.org/caniuse-lite set size:2311190 disposed:false
479 silly fetch manifest update-browserslist-db@^1.3.0
480 silly packumentCache full:https://registry.npmjs.org/update-browserslist-db cache-miss
481 http cache https://registry.npmjs.org/update-browserslist-db 10ms (cache hit)
482 silly packumentCache full:https://registry.npmjs.org/update-browserslist-db set size:66683 disposed:false
483 silly fetch manifest baseline-browser-mapping@^2.11.12
484 silly packumentCache full:https://registry.npmjs.org/baseline-browser-mapping cache-miss
485 http cache https://registry.npmjs.org/node-releases 45ms (cache hit)
486 silly packumentCache full:https://registry.npmjs.org/node-releases set size:294065 disposed:false
487 silly fetch manifest js-yaml@^4.1.0
488 silly packumentCache full:https://registry.npmjs.org/js-yaml cache-miss
489 http cache https://registry.npmjs.org/electron-to-chromium 55ms (cache hit)
490 silly packumentCache full:https://registry.npmjs.org/electron-to-chromium set size:4894833 disposed:false
491 silly fetch manifest parse-json@^5.2.0
492 silly packumentCache full:https://registry.npmjs.org/parse-json cache-miss
493 http cache https://registry.npmjs.org/js-yaml 76ms (cache hit)
494 silly packumentCache full:https://registry.npmjs.org/js-yaml set size:184624 disposed:false
495 silly fetch manifest import-fresh@^3.3.0
496 silly packumentCache full:https://registry.npmjs.org/import-fresh cache-miss
497 http cache https://registry.npmjs.org/baseline-browser-mapping 93ms (cache hit)
498 silly packumentCache full:https://registry.npmjs.org/baseline-browser-mapping set size:593061 disposed:false
499 silly fetch manifest figures@^6.1.0
500 silly packumentCache full:https://registry.npmjs.org/figures cache-miss
501 http cache https://registry.npmjs.org/parse-json 32ms (cache hit)
502 silly packumentCache full:https://registry.npmjs.org/parse-json set size:48198 disposed:false
503 silly fetch manifest is-stream@^4.0.1
504 silly packumentCache full:https://registry.npmjs.org/is-stream cache-miss
505 http cache https://registry.npmjs.org/figures 17ms (cache hit)
506 silly packumentCache full:https://registry.npmjs.org/figures set size:64597 disposed:false
507 silly fetch manifest pretty-ms@^9.2.0
508 silly packumentCache full:https://registry.npmjs.org/pretty-ms cache-miss
509 http cache https://registry.npmjs.org/import-fresh 27ms (cache hit)
510 silly packumentCache full:https://registry.npmjs.org/import-fresh set size:24604 disposed:false
511 silly fetch manifest get-stream@^9.0.0
512 silly packumentCache full:https://registry.npmjs.org/get-stream cache-miss
513 http cache https://registry.npmjs.org/is-stream 15ms (cache hit)
514 silly packumentCache full:https://registry.npmjs.org/is-stream set size:18582 disposed:false
515 silly fetch manifest cross-spawn@^7.0.6
516 silly packumentCache full:https://registry.npmjs.org/cross-spawn cache-hit
517 silly fetch manifest signal-exit@^4.1.0
518 silly packumentCache full:https://registry.npmjs.org/signal-exit cache-miss
519 http cache https://registry.npmjs.org/signal-exit 14ms (cache hit)
520 silly packumentCache full:https://registry.npmjs.org/signal-exit set size:53489 disposed:false
521 silly fetch manifest yoctocolors@^2.1.1
522 silly packumentCache full:https://registry.npmjs.org/yoctocolors cache-miss
523 http cache https://registry.npmjs.org/pretty-ms 24ms (cache hit)
524 silly packumentCache full:https://registry.npmjs.org/pretty-ms set size:61783 disposed:false
525 silly fetch manifest is-plain-obj@^4.1.0
526 silly packumentCache full:https://registry.npmjs.org/is-plain-obj cache-miss
527 http cache https://registry.npmjs.org/get-stream 24ms (cache hit)
528 silly packumentCache full:https://registry.npmjs.org/get-stream set size:57536 disposed:false
529 silly fetch manifest npm-run-path@^6.0.0
530 silly packumentCache full:https://registry.npmjs.org/npm-run-path cache-miss
531 http cache https://registry.npmjs.org/is-plain-obj 16ms (cache hit)
532 silly packumentCache full:https://registry.npmjs.org/is-plain-obj set size:17899 disposed:false
533 silly fetch manifest human-signals@^8.0.1
534 silly packumentCache full:https://registry.npmjs.org/human-signals cache-miss
535 http cache https://registry.npmjs.org/npm-run-path 16ms (cache hit)
536 silly packumentCache full:https://registry.npmjs.org/npm-run-path set size:33596 disposed:false
537 silly fetch manifest strip-final-newline@^4.0.0
538 silly packumentCache full:https://registry.npmjs.org/strip-final-newline cache-miss
539 http cache https://registry.npmjs.org/yoctocolors 30ms (cache hit)
540 silly packumentCache full:https://registry.npmjs.org/yoctocolors set size:29077 disposed:false
541 silly fetch manifest @sindresorhus/merge-streams@^4.0.0
542 silly packumentCache full:https://registry.npmjs.org/@sindresorhus%2fmerge-streams cache-miss
543 http cache https://registry.npmjs.org/human-signals 26ms (cache hit)
544 silly packumentCache full:https://registry.npmjs.org/human-signals set size:47322 disposed:false
545 silly fetch manifest @nodelib/fs.stat@^2.0.2
546 silly packumentCache full:https://registry.npmjs.org/@nodelib%2ffs.stat cache-miss
547 http cache https://registry.npmjs.org/strip-final-newline 23ms (cache hit)
548 silly packumentCache full:https://registry.npmjs.org/strip-final-newline set size:9328 disposed:false
549 silly fetch manifest @nodelib/fs.walk@^1.2.3
550 silly packumentCache full:https://registry.npmjs.org/@nodelib%2ffs.walk cache-miss
551 http cache https://registry.npmjs.org/@sindresorhus%2fmerge-streams 18ms (cache hit)
552 silly packumentCache full:https://registry.npmjs.org/@sindresorhus%2fmerge-streams set size:23303 disposed:false
553 silly fetch manifest glob-parent@^5.1.2
554 silly packumentCache full:https://registry.npmjs.org/glob-parent cache-miss
555 http cache https://registry.npmjs.org/@nodelib%2ffs.stat 16ms (cache hit)
556 silly packumentCache full:https://registry.npmjs.org/@nodelib%2ffs.stat set size:36993 disposed:false
557 silly fetch manifest merge2@^1.3.0
558 silly packumentCache full:https://registry.npmjs.org/merge2 cache-miss
559 http cache https://registry.npmjs.org/glob-parent 16ms (cache hit)
560 silly packumentCache full:https://registry.npmjs.org/glob-parent set size:42445 disposed:false
561 silly fetch manifest micromatch@^4.0.8
562 silly packumentCache full:https://registry.npmjs.org/micromatch cache-miss
563 http cache https://registry.npmjs.org/@nodelib%2ffs.walk 21ms (cache hit)
564 silly packumentCache full:https://registry.npmjs.org/@nodelib%2ffs.walk set size:41589 disposed:false
565 silly fetch manifest jsonfile@^6.0.1
566 silly packumentCache full:https://registry.npmjs.org/jsonfile cache-miss
567 http cache https://registry.npmjs.org/merge2 21ms (cache hit)
568 silly packumentCache full:https://registry.npmjs.org/merge2 set size:46159 disposed:false
569 silly fetch manifest universalify@^2.0.0
570 silly packumentCache full:https://registry.npmjs.org/universalify cache-miss
571 http cache https://registry.npmjs.org/micromatch 23ms (cache hit)
572 silly packumentCache full:https://registry.npmjs.org/micromatch set size:240630 disposed:false
573 silly fetch manifest default-browser@^5.4.0
574 silly packumentCache full:https://registry.npmjs.org/default-browser cache-miss
575 http cache https://registry.npmjs.org/jsonfile 28ms (cache hit)
576 silly packumentCache full:https://registry.npmjs.org/jsonfile set size:53210 disposed:false
577 silly fetch manifest define-lazy-prop@^3.0.0
578 silly packumentCache full:https://registry.npmjs.org/define-lazy-prop cache-miss
579 http cache https://registry.npmjs.org/universalify 28ms (cache hit)
580 silly packumentCache full:https://registry.npmjs.org/universalify set size:19431 disposed:false
581 silly fetch manifest is-in-ssh@^1.0.0
582 silly packumentCache full:https://registry.npmjs.org/is-in-ssh cache-miss
583 http cache https://registry.npmjs.org/default-browser 22ms (cache hit)
584 silly packumentCache full:https://registry.npmjs.org/default-browser set size:31475 disposed:false
585 silly fetch manifest is-inside-container@^1.0.0
586 silly packumentCache full:https://registry.npmjs.org/is-inside-container cache-miss
587 http cache https://registry.npmjs.org/define-lazy-prop 22ms (cache hit)
588 silly packumentCache full:https://registry.npmjs.org/define-lazy-prop set size:9337 disposed:false
589 silly fetch manifest powershell-utils@^0.1.0
590 silly packumentCache full:https://registry.npmjs.org/powershell-utils cache-miss
591 http cache https://registry.npmjs.org/is-in-ssh 19ms (cache hit)
592 silly packumentCache full:https://registry.npmjs.org/is-in-ssh set size:3973 disposed:false
593 silly fetch manifest wsl-utils@^0.3.0
594 silly packumentCache full:https://registry.npmjs.org/wsl-utils cache-miss
595 http cache https://registry.npmjs.org/powershell-utils 15ms (cache hit)
596 silly packumentCache full:https://registry.npmjs.org/powershell-utils set size:9284 disposed:false
597 silly fetch manifest chalk@^5.3.0
598 silly packumentCache full:https://registry.npmjs.org/chalk cache-miss
599 http cache https://registry.npmjs.org/is-inside-container 19ms (cache hit)
600 silly packumentCache full:https://registry.npmjs.org/is-inside-container set size:4403 disposed:false
601 silly fetch manifest cli-cursor@^5.0.0
602 silly packumentCache full:https://registry.npmjs.org/cli-cursor cache-miss
603 http cache https://registry.npmjs.org/cli-cursor 11ms (cache hit)
604 silly packumentCache full:https://registry.npmjs.org/cli-cursor set size:18913 disposed:false
605 silly fetch manifest strip-ansi@^7.1.0
606 silly packumentCache full:https://registry.npmjs.org/strip-ansi cache-miss
607 http cache https://registry.npmjs.org/wsl-utils 18ms (cache hit)
608 silly packumentCache full:https://registry.npmjs.org/wsl-utils set size:15127 disposed:false
609 silly fetch manifest log-symbols@^6.0.0
610 silly packumentCache full:https://registry.npmjs.org/log-symbols cache-miss
611 http cache https://registry.npmjs.org/chalk 18ms (cache hit)
612 silly packumentCache full:https://registry.npmjs.org/chalk set size:134775 disposed:false
613 silly fetch manifest cli-spinners@^2.9.2
614 silly packumentCache full:https://registry.npmjs.org/cli-spinners cache-miss
615 http cache https://registry.npmjs.org/strip-ansi 17ms (cache hit)
616 silly packumentCache full:https://registry.npmjs.org/strip-ansi set size:44998 disposed:false
617 silly fetch manifest string-width@^7.2.0
618 silly packumentCache full:https://registry.npmjs.org/string-width cache-miss
619 http cache https://registry.npmjs.org/log-symbols 22ms (cache hit)
620 silly packumentCache full:https://registry.npmjs.org/log-symbols set size:31977 disposed:false
621 silly fetch manifest is-interactive@^2.0.0
622 silly packumentCache full:https://registry.npmjs.org/is-interactive cache-miss
623 http cache https://registry.npmjs.org/cli-spinners 18ms (cache hit)
624 silly packumentCache full:https://registry.npmjs.org/cli-spinners set size:67473 disposed:false
625 silly fetch manifest stdin-discarder@^0.2.2
626 silly packumentCache full:https://registry.npmjs.org/stdin-discarder cache-miss
627 http cache https://registry.npmjs.org/string-width 22ms (cache hit)
628 silly packumentCache full:https://registry.npmjs.org/string-width set size:72458 disposed:false
629 silly fetch manifest is-unicode-supported@^2.0.0
630 silly packumentCache full:https://registry.npmjs.org/is-unicode-supported cache-miss
631 http cache https://registry.npmjs.org/is-interactive 22ms (cache hit)
632 silly packumentCache full:https://registry.npmjs.org/is-interactive set size:10692 disposed:false
633 silly fetch manifest cssesc@^3.0.0
634 silly packumentCache full:https://registry.npmjs.org/cssesc cache-miss
635 http cache https://registry.npmjs.org/stdin-discarder 20ms (cache hit)
636 silly packumentCache full:https://registry.npmjs.org/stdin-discarder set size:15211 disposed:false
637 silly fetch manifest util-deprecate@^1.0.2
638 silly packumentCache full:https://registry.npmjs.org/util-deprecate cache-miss
639 http cache https://registry.npmjs.org/is-unicode-supported 21ms (cache hit)
640 silly packumentCache full:https://registry.npmjs.org/is-unicode-supported set size:19461 disposed:false
641 silly fetch manifest kleur@^3.0.3
642 silly packumentCache full:https://registry.npmjs.org/kleur cache-hit
643 silly fetch manifest sisteransi@^1.0.5
644 silly packumentCache full:https://registry.npmjs.org/sisteransi cache-miss
645 http cache https://registry.npmjs.org/cssesc 24ms (cache hit)
646 silly packumentCache full:https://registry.npmjs.org/cssesc set size:18815 disposed:false
647 silly fetch manifest tslib@^2.0.1
648 silly packumentCache full:https://registry.npmjs.org/tslib cache-miss
649 http cache https://registry.npmjs.org/util-deprecate 27ms (cache hit)
650 silly packumentCache full:https://registry.npmjs.org/util-deprecate set size:6674 disposed:false
651 silly fetch manifest esprima@~4.0.0
652 silly packumentCache full:https://registry.npmjs.org/esprima cache-miss
653 http cache https://registry.npmjs.org/sisteransi 22ms (cache hit)
654 silly packumentCache full:https://registry.npmjs.org/sisteransi set size:25723 disposed:false
655 silly fetch manifest ast-types@^0.16.1
656 silly packumentCache full:https://registry.npmjs.org/ast-types cache-miss
657 http cache https://registry.npmjs.org/tslib 23ms (cache hit)
658 silly packumentCache full:https://registry.npmjs.org/tslib set size:108843 disposed:false
659 silly fetch manifest source-map@~0.6.1
660 silly packumentCache full:https://registry.npmjs.org/source-map cache-miss
661 http cache https://registry.npmjs.org/esprima 24ms (cache hit)
662 silly packumentCache full:https://registry.npmjs.org/esprima set size:118410 disposed:false
663 silly fetch manifest tiny-invariant@^1.3.3
664 silly packumentCache full:https://registry.npmjs.org/tiny-invariant cache-miss
665 http cache https://registry.npmjs.org/ast-types 29ms (cache hit)
666 silly packumentCache full:https://registry.npmjs.org/ast-types set size:443020 disposed:false
667 silly fetch manifest ip-address@^10.1.1
668 silly packumentCache full:https://registry.npmjs.org/ip-address cache-miss
669 http cache https://registry.npmjs.org/source-map 31ms (cache hit)
670 silly packumentCache full:https://registry.npmjs.org/source-map set size:231637 disposed:false
671 silly fetch manifest smart-buffer@^4.2.0
672 silly packumentCache full:https://registry.npmjs.org/smart-buffer cache-miss
673 http cache https://registry.npmjs.org/tiny-invariant 32ms (cache hit)
674 silly packumentCache full:https://registry.npmjs.org/tiny-invariant set size:98310 disposed:false
675 silly fetch manifest is-obj@^3.0.0
676 silly packumentCache full:https://registry.npmjs.org/is-obj cache-miss
677 http cache https://registry.npmjs.org/is-obj 15ms (cache hit)
678 silly packumentCache full:https://registry.npmjs.org/is-obj set size:9560 disposed:false
679 silly fetch manifest is-regexp@^3.1.0
680 silly packumentCache full:https://registry.npmjs.org/is-regexp cache-miss
681 http cache https://registry.npmjs.org/smart-buffer 20ms (cache hit)
682 silly packumentCache full:https://registry.npmjs.org/smart-buffer set size:87065 disposed:false
683 silly fetch manifest get-own-enumerable-keys@^1.0.0
684 silly packumentCache full:https://registry.npmjs.org/get-own-enumerable-keys cache-miss
685 http cache https://registry.npmjs.org/ip-address 31ms (cache hit)
686 silly packumentCache full:https://registry.npmjs.org/ip-address set size:197475 disposed:false
687 silly fetch manifest @ts-morph/common@~0.27.0
688 silly packumentCache full:https://registry.npmjs.org/@ts-morph%2fcommon cache-miss
689 http cache https://registry.npmjs.org/is-regexp 18ms (cache hit)
690 silly packumentCache full:https://registry.npmjs.org/is-regexp set size:12459 disposed:false
691 silly fetch manifest code-block-writer@^13.0.3
692 silly packumentCache full:https://registry.npmjs.org/code-block-writer cache-miss
693 http cache https://registry.npmjs.org/get-own-enumerable-keys 20ms (cache hit)
694 silly packumentCache full:https://registry.npmjs.org/get-own-enumerable-keys set size:7316 disposed:false
695 silly fetch manifest json5@^2.2.2
696 silly packumentCache full:https://registry.npmjs.org/json5 cache-hit
697 silly fetch manifest minimist@^1.2.6
698 silly packumentCache full:https://registry.npmjs.org/minimist cache-miss
699 http cache https://registry.npmjs.org/@ts-morph%2fcommon 21ms (cache hit)
700 silly packumentCache full:https://registry.npmjs.org/@ts-morph%2fcommon set size:164227 disposed:false
701 silly fetch manifest strip-bom@^3.0.0
702 silly packumentCache full:https://registry.npmjs.org/strip-bom cache-miss
703 http cache https://registry.npmjs.org/minimist 17ms (cache hit)
704 silly packumentCache full:https://registry.npmjs.org/minimist set size:77063 disposed:false
705 http cache https://registry.npmjs.org/code-block-writer 26ms (cache hit)
706 silly packumentCache full:https://registry.npmjs.org/code-block-writer set size:203952 disposed:false
707 http cache https://registry.npmjs.org/strip-bom 19ms (cache hit)
708 silly packumentCache full:https://registry.npmjs.org/strip-bom set size:19359 disposed:false
709 silly fetch manifest @babel/core@^7.0.0
710 silly packumentCache full:https://registry.npmjs.org/@babel%2fcore cache-hit
711 silly placeDep ROOT @babel/code-frame@7.29.7 OK for: @babel/core@7.29.7 want: ^7.29.7
712 silly placeDep ROOT @babel/generator@7.29.8 OK for: @babel/core@7.29.7 want: ^7.29.7
713 silly placeDep ROOT @babel/helper-compilation-targets@7.29.7 OK for: @babel/core@7.29.7 want: ^7.29.7
714 silly placeDep ROOT @babel/helper-module-transforms@7.29.7 OK for: @babel/core@7.29.7 want: ^7.29.7
715 silly placeDep ROOT @babel/helpers@7.29.7 OK for: @babel/core@7.29.7 want: ^7.29.7
716 silly placeDep ROOT @babel/template@7.29.7 OK for: @babel/core@7.29.7 want: ^7.29.7
717 silly placeDep ROOT @babel/traverse@7.29.8 OK for: @babel/core@7.29.7 want: ^7.29.7
718 silly placeDep ROOT @babel/types@7.29.8 OK for: @babel/core@7.29.7 want: ^7.29.7
719 silly placeDep ROOT convert-source-map@2.0.0 OK for: @babel/core@7.29.7 want: ^2.0.0
720 silly placeDep ROOT gensync@1.0.0-beta.2 OK for: @babel/core@7.29.7 want: ^1.0.0-beta.2
721 silly placeDep ROOT json5@2.2.3 OK for: @babel/core@7.29.7 want: ^2.2.3
722 silly placeDep ROOT semver@6.3.1 OK for: @babel/core@7.29.7 want: ^6.3.1
723 silly fetch manifest js-tokens@^4.0.0
724 silly packumentCache full:https://registry.npmjs.org/js-tokens cache-miss
725 silly fetch manifest @babel/helper-validator-identifier@^7.29.7
726 silly packumentCache full:https://registry.npmjs.org/@babel%2fhelper-validator-identifier cache-miss
727 silly fetch manifest jsesc@^3.0.2
728 silly packumentCache full:https://registry.npmjs.org/jsesc cache-miss
729 http cache https://registry.npmjs.org/js-tokens 24ms (cache hit)
730 silly packumentCache full:https://registry.npmjs.org/js-tokens set size:41947 disposed:false
731 silly fetch manifest lru-cache@^5.1.1
732 silly packumentCache full:https://registry.npmjs.org/lru-cache cache-miss
733 http cache https://registry.npmjs.org/jsesc 25ms (cache hit)
734 silly packumentCache full:https://registry.npmjs.org/jsesc set size:61512 disposed:false
735 silly fetch manifest @babel/compat-data@^7.29.7
736 silly packumentCache full:https://registry.npmjs.org/@babel%2fcompat-data cache-miss
737 http cache https://registry.npmjs.org/@babel%2fhelper-validator-identifier 31ms (cache hit)
738 silly packumentCache full:https://registry.npmjs.org/@babel%2fhelper-validator-identifier set size:130133 disposed:false
739 silly fetch manifest @babel/helper-module-imports@^7.29.7
740 silly packumentCache full:https://registry.npmjs.org/@babel%2fhelper-module-imports cache-miss
741 http cache https://registry.npmjs.org/@babel%2fhelper-module-imports 13ms (cache hit)
742 silly packumentCache full:https://registry.npmjs.org/@babel%2fhelper-module-imports set size:203392 disposed:false
743 silly fetch manifest @babel/helper-globals@^7.29.7
744 silly packumentCache full:https://registry.npmjs.org/@babel%2fhelper-globals cache-miss
745 http cache https://registry.npmjs.org/@babel%2fcompat-data 23ms (cache hit)
746 silly packumentCache full:https://registry.npmjs.org/@babel%2fcompat-data set size:318807 disposed:false
747 silly fetch manifest @babel/helper-string-parser@^7.29.7
748 silly packumentCache full:https://registry.npmjs.org/@babel%2fhelper-string-parser cache-miss
749 http cache https://registry.npmjs.org/lru-cache 31ms (cache hit)
750 silly packumentCache full:https://registry.npmjs.org/lru-cache set size:460407 disposed:false
751 http cache https://registry.npmjs.org/@babel%2fhelper-globals 23ms (cache hit)
752 silly packumentCache full:https://registry.npmjs.org/@babel%2fhelper-globals set size:25155 disposed:false
753 http cache https://registry.npmjs.org/@babel%2fhelper-string-parser 20ms (cache hit)
754 silly packumentCache full:https://registry.npmjs.org/@babel%2fhelper-string-parser set size:91563 disposed:false
755 silly placeDep ROOT @babel/helper-validator-identifier@7.29.7 OK for: @babel/code-frame@7.29.7 want: ^7.29.7
756 silly placeDep ROOT js-tokens@4.0.0 OK for: @babel/code-frame@7.29.7 want: ^4.0.0
757 silly placeDep ROOT jsesc@3.1.0 OK for: @babel/generator@7.29.8 want: ^3.0.2
758 silly placeDep ROOT @babel/compat-data@7.29.7 OK for: @babel/helper-compilation-targets@7.29.7 want: ^7.29.7
759 silly placeDep ROOT @babel/helper-validator-option@7.29.7 OK for: @babel/helper-compilation-targets@7.29.7 want: ^7.29.7
760 silly placeDep ROOT lru-cache@5.1.1 OK for: @babel/helper-compilation-targets@7.29.7 want: ^5.1.1
761 silly fetch manifest yallist@^3.0.2
762 silly packumentCache full:https://registry.npmjs.org/yallist cache-miss
763 http cache https://registry.npmjs.org/yallist 10ms (cache hit)
764 silly packumentCache full:https://registry.npmjs.org/yallist set size:34610 disposed:false
765 silly placeDep ROOT @babel/helper-module-imports@7.29.7 OK for: @babel/helper-module-transforms@7.29.7 want: ^7.29.7
766 silly fetch manifest @babel/core@^7.0.0-0
767 silly packumentCache full:https://registry.npmjs.org/@babel%2fcore cache-hit
768 silly placeDep ROOT @babel/helper-annotate-as-pure@7.29.7 OK for: @babel/plugin-transform-typescript@7.29.7 want: ^7.29.7
769 silly placeDep ROOT @babel/helper-create-class-features-plugin@7.29.7 OK for: @babel/plugin-transform-typescript@7.29.7 want: ^7.29.7
770 silly placeDep ROOT @babel/helper-plugin-utils@7.29.7 OK for: @babel/plugin-transform-typescript@7.29.7 want: ^7.29.7
771 silly placeDep ROOT @babel/helper-skip-transparent-expression-wrappers@7.29.7 OK for: @babel/plugin-transform-typescript@7.29.7 want: ^7.29.7
772 silly placeDep ROOT @babel/plugin-syntax-typescript@7.29.7 OK for: @babel/plugin-transform-typescript@7.29.7 want: ^7.29.7
773 silly fetch manifest @babel/helper-replace-supers@^7.29.7
774 silly packumentCache full:https://registry.npmjs.org/@babel%2fhelper-replace-supers cache-miss
775 silly fetch manifest @babel/helper-optimise-call-expression@^7.29.7
776 silly packumentCache full:https://registry.npmjs.org/@babel%2fhelper-optimise-call-expression cache-miss
777 silly fetch manifest @babel/helper-member-expression-to-functions@^7.29.7
778 silly packumentCache full:https://registry.npmjs.org/@babel%2fhelper-member-expression-to-functions cache-miss
779 http cache https://registry.npmjs.org/@babel%2fhelper-optimise-call-expression 16ms (cache hit)
780 silly packumentCache full:https://registry.npmjs.org/@babel%2fhelper-optimise-call-expression set size:193007 disposed:false
781 http cache https://registry.npmjs.org/@babel%2fhelper-replace-supers 20ms (cache hit)
782 silly packumentCache full:https://registry.npmjs.org/@babel%2fhelper-replace-supers set size:270231 disposed:false
783 http cache https://registry.npmjs.org/@babel%2fhelper-member-expression-to-functions 21ms (cache hit)
784 silly packumentCache full:https://registry.npmjs.org/@babel%2fhelper-member-expression-to-functions set size:229230 disposed:false
785 silly placeDep ROOT @babel/helper-member-expression-to-functions@7.29.7 OK for: @babel/helper-create-class-features-plugin@7.29.7 want: ^7.29.7
786 silly placeDep ROOT @babel/helper-optimise-call-expression@7.29.7 OK for: @babel/helper-create-class-features-plugin@7.29.7 want: ^7.29.7
787 silly placeDep ROOT @babel/helper-replace-supers@7.29.7 OK for: @babel/helper-create-class-features-plugin@7.29.7 want: ^7.29.7
788 silly placeDep ROOT @babel/plugin-syntax-jsx@7.29.7 OK for: @babel/preset-typescript@7.29.7 want: ^7.29.7
789 silly placeDep ROOT @babel/plugin-transform-modules-commonjs@7.29.7 OK for: @babel/preset-typescript@7.29.7 want: ^7.29.7
790 silly placeDep ROOT @babel/helper-globals@7.29.7 OK for: @babel/traverse@7.29.8 want: ^7.29.7
791 silly placeDep ROOT @babel/helper-string-parser@7.29.7 OK for: @babel/types@7.29.8 want: ^7.29.7
792 silly placeDep ROOT @dotenvx/primitives@0.8.0 OK for: @dotenvx/dotenvx@1.75.1 want: ^0.8.0
793 silly placeDep node_modules/@dotenvx/dotenvx commander@11.1.0 OK for: @dotenvx/dotenvx@1.75.1 want: ^11.1.0
794 silly placeDep ROOT conf@10.2.0 OK for: @dotenvx/dotenvx@1.75.1 want: ^10.2.0
795 silly placeDep ROOT dotenv@17.4.2 OK for: @dotenvx/dotenvx@1.75.1 want: ^17.2.1
796 silly placeDep ROOT enquirer@2.4.1 OK for: @dotenvx/dotenvx@1.75.1 want: ^2.4.1
797 silly placeDep ROOT env-paths@2.2.1 OK for: @dotenvx/dotenvx@1.75.1 want: ^2.2.1
798 silly placeDep node_modules/@dotenvx/dotenvx execa@5.1.1 OK for: @dotenvx/dotenvx@1.75.1 want: ^5.1.1
799 silly placeDep ROOT ignore@5.3.2 OK for: @dotenvx/dotenvx@1.75.1 want: ^5.3.0
800 silly placeDep ROOT object-treeify@1.1.33 OK for: @dotenvx/dotenvx@1.75.1 want: 1.1.33
801 silly placeDep node_modules/@dotenvx/dotenvx open@8.4.2 OK for: @dotenvx/dotenvx@1.75.1 want: ^8.4.2
802 silly placeDep ROOT systeminformation@5.33.1 OK for: @dotenvx/dotenvx@1.75.1 want: ^5.22.11
803 silly placeDep ROOT which@4.0.0 OK for: @dotenvx/dotenvx@1.75.1 want: ^4.0.0
804 silly placeDep ROOT yocto-spinner@1.2.2 OK for: @dotenvx/dotenvx@1.75.1 want: ^1.1.0
805 silly fetch manifest ajv@^8.6.3
806 silly packumentCache full:https://registry.npmjs.org/ajv cache-miss
807 silly fetch manifest pkg-up@^3.1.0
808 silly packumentCache full:https://registry.npmjs.org/pkg-up cache-miss
809 silly fetch manifest semver@^7.3.5
810 silly packumentCache full:https://registry.npmjs.org/semver cache-hit
811 silly fetch manifest onetime@^5.1.2
812 silly packumentCache full:https://registry.npmjs.org/onetime cache-miss
813 http cache https://registry.npmjs.org/onetime 10ms (cache hit)
814 silly packumentCache full:https://registry.npmjs.org/onetime set size:32314 disposed:false
815 silly fetch manifest dot-prop@^6.0.1
816 silly packumentCache full:https://registry.npmjs.org/dot-prop cache-miss
817 http cache https://registry.npmjs.org/ajv 17ms (cache hit)
818 silly packumentCache full:https://registry.npmjs.org/ajv set size:1142658 disposed:false
819 silly fetch manifest atomically@^1.7.0
820 silly packumentCache full:https://registry.npmjs.org/atomically cache-miss
821 http cache https://registry.npmjs.org/pkg-up 26ms (cache hit)
822 silly packumentCache full:https://registry.npmjs.org/pkg-up set size:17633 disposed:false
823 silly fetch manifest ajv-formats@^2.1.1
824 silly packumentCache full:https://registry.npmjs.org/ajv-formats cache-hit
825 silly fetch manifest debounce-fn@^4.0.0
826 silly packumentCache full:https://registry.npmjs.org/debounce-fn cache-miss
827 http cache https://registry.npmjs.org/dot-prop 23ms (cache hit)
828 silly packumentCache full:https://registry.npmjs.org/dot-prop set size:77505 disposed:false
829 silly fetch manifest json-schema-typed@^7.0.3
830 silly packumentCache full:https://registry.npmjs.org/json-schema-typed cache-hit
831 silly fetch manifest ansi-colors@^4.1.1
832 silly packumentCache full:https://registry.npmjs.org/ansi-colors cache-miss
833 http cache https://registry.npmjs.org/atomically 16ms (cache hit)
834 silly packumentCache full:https://registry.npmjs.org/atomically set size:60769 disposed:false
835 silly fetch manifest strip-ansi@^6.0.1
836 silly packumentCache full:https://registry.npmjs.org/strip-ansi cache-hit
837 silly fetch manifest is-stream@^2.0.0
838 silly packumentCache full:https://registry.npmjs.org/is-stream cache-hit
839 silly fetch manifest get-stream@^6.0.0
840 silly packumentCache full:https://registry.npmjs.org/get-stream cache-hit
841 silly fetch manifest cross-spawn@^7.0.3
842 silly packumentCache full:https://registry.npmjs.org/cross-spawn cache-hit
843 silly fetch manifest signal-exit@^3.0.3
844 silly packumentCache full:https://registry.npmjs.org/signal-exit cache-hit
845 silly fetch manifest merge-stream@^2.0.0
846 silly packumentCache full:https://registry.npmjs.org/merge-stream cache-miss
847 http cache https://registry.npmjs.org/debounce-fn 17ms (cache hit)
848 silly packumentCache full:https://registry.npmjs.org/debounce-fn set size:28720 disposed:false
849 silly fetch manifest npm-run-path@^4.0.1
850 silly packumentCache full:https://registry.npmjs.org/npm-run-path cache-hit
851 silly fetch manifest human-signals@^2.1.0
852 silly packumentCache full:https://registry.npmjs.org/human-signals cache-hit
853 silly fetch manifest strip-final-newline@^2.0.0
854 silly packumentCache full:https://registry.npmjs.org/strip-final-newline cache-hit
855 silly fetch manifest is-wsl@^2.2.0
856 silly packumentCache full:https://registry.npmjs.org/is-wsl cache-miss
857 http cache https://registry.npmjs.org/merge-stream 14ms (cache hit)
858 silly packumentCache full:https://registry.npmjs.org/merge-stream set size:22168 disposed:false
859 silly fetch manifest is-docker@^2.1.1
860 silly packumentCache full:https://registry.npmjs.org/is-docker cache-miss
861 http cache https://registry.npmjs.org/ansi-colors 21ms (cache hit)
862 silly packumentCache full:https://registry.npmjs.org/ansi-colors set size:110876 disposed:false
863 silly fetch manifest define-lazy-prop@^2.0.0
864 silly packumentCache full:https://registry.npmjs.org/define-lazy-prop cache-hit
865 silly fetch manifest isexe@^3.1.1
866 silly packumentCache full:https://registry.npmjs.org/isexe cache-miss
867 http cache https://registry.npmjs.org/is-wsl 16ms (cache hit)
868 silly packumentCache full:https://registry.npmjs.org/is-wsl set size:20683 disposed:false
869 http cache https://registry.npmjs.org/is-docker 14ms (cache hit)
870 silly packumentCache full:https://registry.npmjs.org/is-docker set size:23690 disposed:false
871 http cache https://registry.npmjs.org/isexe 10ms (cache hit)
872 silly packumentCache full:https://registry.npmjs.org/isexe set size:31756 disposed:false
873 silly placeDep ROOT @hono/node-server@2.1.0 OK for: @modelcontextprotocol/sdk@1.30.0 want: ^1.19.9 || ^2.0.5
874 silly placeDep ROOT hono@4.13.1 OK for: @hono/node-server@2.1.0 want: ^4
875 silly placeDep ROOT ajv@8.20.0 OK for: @modelcontextprotocol/sdk@1.30.0 want: ^8.17.1
876 silly placeDep ROOT ajv-formats@3.0.1 OK for: @modelcontextprotocol/sdk@1.30.0 want: ^3.0.1
877 silly placeDep ROOT content-type@1.0.5 OK for: @modelcontextprotocol/sdk@1.30.0 want: ^1.0.5
878 silly placeDep ROOT cors@2.8.6 OK for: @modelcontextprotocol/sdk@1.30.0 want: ^2.8.5
879 silly placeDep ROOT cross-spawn@7.0.6 OK for: @modelcontextprotocol/sdk@1.30.0 want: ^7.0.5
880 silly placeDep ROOT eventsource@3.0.7 OK for: @modelcontextprotocol/sdk@1.30.0 want: ^3.0.2
881 silly placeDep ROOT eventsource-parser@3.1.1 OK for: @modelcontextprotocol/sdk@1.30.0 want: ^3.0.0
882 silly placeDep ROOT express@5.2.1 OK for: @modelcontextprotocol/sdk@1.30.0 want: ^5.2.1
883 silly placeDep ROOT express-rate-limit@8.6.2 OK for: @modelcontextprotocol/sdk@1.30.0 want: ^8.2.1
884 silly placeDep ROOT jose@6.2.8 OK for: @modelcontextprotocol/sdk@1.30.0 want: ^6.1.3
885 silly placeDep ROOT json-schema-typed@8.0.2 OK for: @modelcontextprotocol/sdk@1.30.0 want: ^8.0.2
886 silly placeDep ROOT pkce-challenge@5.0.1 OK for: @modelcontextprotocol/sdk@1.30.0 want: ^5.0.0
887 silly placeDep ROOT raw-body@3.0.2 OK for: @modelcontextprotocol/sdk@1.30.0 want: ^3.0.0
888 silly fetch manifest fast-deep-equal@^3.1.3
889 silly packumentCache full:https://registry.npmjs.org/fast-deep-equal cache-miss
890 silly fetch manifest fast-uri@^3.0.1
891 silly packumentCache full:https://registry.npmjs.org/fast-uri cache-miss
892 silly fetch manifest json-schema-traverse@^1.0.0
893 silly packumentCache full:https://registry.npmjs.org/json-schema-traverse cache-miss
894 http cache https://registry.npmjs.org/fast-deep-equal 11ms (cache hit)
895 silly packumentCache full:https://registry.npmjs.org/fast-deep-equal set size:48634 disposed:false
896 silly fetch manifest require-from-string@^2.0.2
897 silly packumentCache full:https://registry.npmjs.org/require-from-string cache-miss
898 http cache https://registry.npmjs.org/json-schema-traverse 14ms (cache hit)
899 silly packumentCache full:https://registry.npmjs.org/json-schema-traverse set size:23537 disposed:false
900 silly fetch manifest object-assign@^4
901 silly packumentCache full:https://registry.npmjs.org/object-assign cache-miss
902 http cache https://registry.npmjs.org/fast-uri 15ms (cache hit)
903 silly packumentCache full:https://registry.npmjs.org/fast-uri set size:91614 disposed:false
904 silly fetch manifest vary@^1
905 silly packumentCache full:https://registry.npmjs.org/vary cache-miss
906 http cache https://registry.npmjs.org/object-assign 14ms (cache hit)
907 silly packumentCache full:https://registry.npmjs.org/object-assign set size:28988 disposed:false
908 silly fetch manifest which@^2.0.1
909 silly packumentCache full:https://registry.npmjs.org/which cache-hit
910 silly fetch manifest path-key@^3.1.0
911 silly packumentCache full:https://registry.npmjs.org/path-key cache-miss
912 http cache https://registry.npmjs.org/vary 14ms (cache hit)
913 silly packumentCache full:https://registry.npmjs.org/vary set size:15994 disposed:false
914 silly fetch manifest shebang-command@^2.0.0
915 silly packumentCache full:https://registry.npmjs.org/shebang-command cache-miss
916 http cache https://registry.npmjs.org/require-from-string 20ms (cache hit)
917 silly packumentCache full:https://registry.npmjs.org/require-from-string set size:15128 disposed:false
918 silly fetch manifest eventsource-parser@^3.0.1
919 silly packumentCache full:https://registry.npmjs.org/eventsource-parser cache-hit
920 silly fetch manifest qs@^6.14.0
921 silly packumentCache full:https://registry.npmjs.org/qs cache-miss
922 http cache https://registry.npmjs.org/shebang-command 12ms (cache hit)
923 silly packumentCache full:https://registry.npmjs.org/shebang-command set size:8525 disposed:false
924 silly fetch manifest depd@^2.0.0
925 silly packumentCache full:https://registry.npmjs.org/depd cache-miss
926 http cache https://registry.npmjs.org/path-key 17ms (cache hit)
927 silly packumentCache full:https://registry.npmjs.org/path-key set size:16975 disposed:false
928 silly fetch manifest etag@^1.8.1
929 silly packumentCache full:https://registry.npmjs.org/etag cache-miss
930 http cache https://registry.npmjs.org/qs 15ms (cache hit)
931 silly packumentCache full:https://registry.npmjs.org/qs set size:360318 disposed:false
932 silly fetch manifest once@^1.4.0
933 silly packumentCache full:https://registry.npmjs.org/once cache-miss
934 http cache https://registry.npmjs.org/depd 19ms (cache hit)
935 silly packumentCache full:https://registry.npmjs.org/depd set size:40182 disposed:false
936 silly fetch manifest send@^1.1.0
937 silly packumentCache full:https://registry.npmjs.org/send cache-miss
938 http cache https://registry.npmjs.org/etag 20ms (cache hit)
939 silly packumentCache full:https://registry.npmjs.org/etag set size:30032 disposed:false
940 silly fetch manifest vary@^1.1.2
941 silly packumentCache full:https://registry.npmjs.org/vary cache-hit
942 silly fetch manifest fresh@^2.0.0
943 silly packumentCache full:https://registry.npmjs.org/fresh cache-miss
944 http cache https://registry.npmjs.org/once 17ms (cache hit)
945 silly packumentCache full:https://registry.npmjs.org/once set size:11752 disposed:false
946 silly fetch manifest cookie@^0.7.1
947 silly packumentCache full:https://registry.npmjs.org/cookie cache-miss
948 http cache https://registry.npmjs.org/send 15ms (cache hit)
949 silly packumentCache full:https://registry.npmjs.org/send set size:152810 disposed:false
950 silly fetch manifest router@^2.2.0
951 silly packumentCache full:https://registry.npmjs.org/router cache-miss
952 http cache https://registry.npmjs.org/cookie 14ms (cache hit)
953 silly packumentCache full:https://registry.npmjs.org/cookie set size:78274 disposed:false
954 silly fetch manifest accepts@^2.0.0
955 silly packumentCache full:https://registry.npmjs.org/accepts cache-miss
956 http cache https://registry.npmjs.org/fresh 17ms (cache hit)
957 silly packumentCache full:https://registry.npmjs.org/fresh set size:25427 disposed:false
958 silly fetch manifest type-is@^2.0.1
959 silly packumentCache full:https://registry.npmjs.org/type-is cache-miss
960 http cache https://registry.npmjs.org/accepts 13ms (cache hit)
961 silly packumentCache full:https://registry.npmjs.org/accepts set size:77054 disposed:false
962 silly fetch manifest parseurl@^1.3.3
963 silly packumentCache full:https://registry.npmjs.org/parseurl cache-miss
964 http cache https://registry.npmjs.org/router 18ms (cache hit)
965 silly packumentCache full:https://registry.npmjs.org/router set size:116499 disposed:false
966 silly fetch manifest statuses@^2.0.1
967 silly packumentCache full:https://registry.npmjs.org/statuses cache-miss
968 http cache https://registry.npmjs.org/type-is 17ms (cache hit)
969 silly packumentCache full:https://registry.npmjs.org/type-is set size:88614 disposed:false
970 silly fetch manifest encodeurl@^2.0.0
971 silly packumentCache full:https://registry.npmjs.org/encodeurl cache-miss
972 http cache https://registry.npmjs.org/encodeurl 14ms (cache hit)
973 silly packumentCache full:https://registry.npmjs.org/encodeurl set size:12296 disposed:false
974 silly fetch manifest mime-types@^3.0.0
975 silly packumentCache full:https://registry.npmjs.org/mime-types cache-miss
976 http cache https://registry.npmjs.org/parseurl 22ms (cache hit)
977 silly packumentCache full:https://registry.npmjs.org/parseurl set size:24148 disposed:false
978 silly fetch manifest proxy-addr@^2.0.7
979 silly packumentCache full:https://registry.npmjs.org/proxy-addr cache-miss
980 http cache https://registry.npmjs.org/statuses 21ms (cache hit)
981 silly packumentCache full:https://registry.npmjs.org/statuses set size:37117 disposed:false
982 silly fetch manifest body-parser@^2.2.1
983 silly packumentCache full:https://registry.npmjs.org/body-parser cache-miss
984 http cache https://registry.npmjs.org/proxy-addr 14ms (cache hit)
985 silly packumentCache full:https://registry.npmjs.org/proxy-addr set size:61619 disposed:false
986 silly fetch manifest escape-html@^1.0.3
987 silly packumentCache full:https://registry.npmjs.org/escape-html cache-miss
988 http cache https://registry.npmjs.org/mime-types 18ms (cache hit)
989 silly packumentCache full:https://registry.npmjs.org/mime-types set size:139110 disposed:false
990 silly fetch manifest http-errors@^2.0.0
991 silly packumentCache full:https://registry.npmjs.org/http-errors cache-miss
992 http cache https://registry.npmjs.org/body-parser 22ms (cache hit)
993 silly packumentCache full:https://registry.npmjs.org/body-parser set size:204559 disposed:false
994 silly fetch manifest on-finished@^2.4.1
995 silly packumentCache full:https://registry.npmjs.org/on-finished cache-miss
996 http cache https://registry.npmjs.org/http-errors 18ms (cache hit)
997 silly packumentCache full:https://registry.npmjs.org/http-errors set size:71987 disposed:false
998 silly fetch manifest finalhandler@^2.1.0
999 silly packumentCache full:https://registry.npmjs.org/finalhandler cache-miss
1000 http cache https://registry.npmjs.org/escape-html 37ms (cache hit)
1001 silly packumentCache full:https://registry.npmjs.org/escape-html set size:7345 disposed:false
1002 silly fetch manifest range-parser@^1.2.1
1003 silly packumentCache full:https://registry.npmjs.org/range-parser cache-miss
1004 http cache https://registry.npmjs.org/on-finished 29ms (cache hit)
1005 silly packumentCache full:https://registry.npmjs.org/on-finished set size:23212 disposed:false
1006 silly fetch manifest serve-static@^2.2.0
1007 silly packumentCache full:https://registry.npmjs.org/serve-static cache-miss
1008 http cache https://registry.npmjs.org/range-parser 11ms (cache hit)
1009 silly packumentCache full:https://registry.npmjs.org/range-parser set size:24852 disposed:false
1010 silly fetch manifest cookie-signature@^1.2.1
1011 silly packumentCache full:https://registry.npmjs.org/cookie-signature cache-miss
1012 http cache https://registry.npmjs.org/finalhandler 29ms (cache hit)
1013 silly packumentCache full:https://registry.npmjs.org/finalhandler set size:79291 disposed:false
1014 silly fetch manifest merge-descriptors@^2.0.0
1015 silly packumentCache full:https://registry.npmjs.org/merge-descriptors cache-miss
1016 http cache https://registry.npmjs.org/serve-static 15ms (cache hit)
1017 silly packumentCache full:https://registry.npmjs.org/serve-static set size:150391 disposed:false
1018 silly fetch manifest content-disposition@^1.0.0
1019 silly packumentCache full:https://registry.npmjs.org/content-disposition cache-miss
1020 http cache https://registry.npmjs.org/cookie-signature 17ms (cache hit)
1021 silly packumentCache full:https://registry.npmjs.org/cookie-signature set size:21777 disposed:false
1022 silly fetch manifest ip-address@^10.2.0
1023 silly packumentCache full:https://registry.npmjs.org/ip-address cache-hit
1024 silly fetch manifest bytes@~3.1.2
1025 silly packumentCache full:https://registry.npmjs.org/bytes cache-miss
1026 http cache https://registry.npmjs.org/merge-descriptors 16ms (cache hit)
1027 silly packumentCache full:https://registry.npmjs.org/merge-descriptors set size:16527 disposed:false
1028 silly fetch manifest unpipe@~1.0.0
1029 silly packumentCache full:https://registry.npmjs.org/unpipe cache-miss
1030 http cache https://registry.npmjs.org/content-disposition 17ms (cache hit)
1031 silly packumentCache full:https://registry.npmjs.org/content-disposition set size:42862 disposed:false
1032 silly fetch manifest iconv-lite@~0.7.0
1033 silly packumentCache full:https://registry.npmjs.org/iconv-lite cache-miss
1034 http cache https://registry.npmjs.org/bytes 14ms (cache hit)
1035 silly packumentCache full:https://registry.npmjs.org/bytes set size:37018 disposed:false
1036 silly fetch manifest http-errors@~2.0.1
1037 silly packumentCache full:https://registry.npmjs.org/http-errors cache-hit
1038 http cache https://registry.npmjs.org/unpipe 18ms (cache hit)
1039 silly packumentCache full:https://registry.npmjs.org/unpipe set size:3609 disposed:false
1040 http cache https://registry.npmjs.org/iconv-lite 17ms (cache hit)
1041 silly packumentCache full:https://registry.npmjs.org/iconv-lite set size:126462 disposed:false
1042 silly placeDep ROOT fast-deep-equal@3.1.3 OK for: ajv@8.20.0 want: ^3.1.3
1043 silly placeDep ROOT fast-uri@3.1.5 OK for: ajv@8.20.0 want: ^3.0.1
1044 silly placeDep ROOT json-schema-traverse@1.0.0 OK for: ajv@8.20.0 want: ^1.0.0
1045 silly placeDep ROOT require-from-string@2.0.2 OK for: ajv@8.20.0 want: ^2.0.2
1046 silly fetch manifest browserslist@>= 4.21.0
1047 silly packumentCache full:https://registry.npmjs.org/browserslist cache-hit
1048 silly placeDep ROOT baseline-browser-mapping@2.11.13 OK for: browserslist@4.28.8 want: ^2.11.12
1049 silly placeDep ROOT caniuse-lite@1.0.30001809 OK for: browserslist@4.28.8 want: ^1.0.30001809
1050 silly placeDep ROOT electron-to-chromium@1.5.405 OK for: browserslist@4.28.8 want: ^1.5.402
1051 silly placeDep ROOT node-releases@2.0.53 OK for: browserslist@4.28.8 want: ^2.0.53
1052 silly placeDep ROOT update-browserslist-db@1.3.1 OK for: browserslist@4.28.8 want: ^1.3.0
1053 silly fetch manifest escalade@^3.2.0
1054 silly packumentCache full:https://registry.npmjs.org/escalade cache-miss
1055 http cache https://registry.npmjs.org/escalade 10ms (cache hit)
1056 silly packumentCache full:https://registry.npmjs.org/escalade set size:33724 disposed:false
1057 silly placeDep node_modules/conf ajv-formats@2.1.1 OK for: conf@10.2.0 want: ^2.1.1
1058 silly placeDep ROOT atomically@1.7.0 OK for: conf@10.2.0 want: ^1.7.0
1059 silly placeDep ROOT debounce-fn@4.0.0 OK for: conf@10.2.0 want: ^4.0.0
1060 silly placeDep ROOT dot-prop@6.0.1 OK for: conf@10.2.0 want: ^6.0.1
1061 silly placeDep node_modules/conf json-schema-typed@7.0.3 OK for: conf@10.2.0 want: ^7.0.3
1062 silly placeDep ROOT onetime@5.1.2 OK for: conf@10.2.0 want: ^5.1.2
1063 silly placeDep ROOT pkg-up@3.1.0 OK for: conf@10.2.0 want: ^3.1.0
1064 silly placeDep node_modules/conf semver@7.8.5 OK for: conf@10.2.0 want: ^7.3.5
1065 silly fetch manifest mimic-fn@^3.0.0
1066 silly packumentCache full:https://registry.npmjs.org/mimic-fn cache-miss
1067 silly fetch manifest is-obj@^2.0.0
1068 silly packumentCache full:https://registry.npmjs.org/is-obj cache-hit
1069 silly fetch manifest mimic-fn@^2.1.0
1070 silly packumentCache full:https://registry.npmjs.org/mimic-fn cache-miss
1071 silly fetch manifest find-up@^3.0.0
1072 silly packumentCache full:https://registry.npmjs.org/find-up cache-miss
1073 http cache https://registry.npmjs.org/find-up 9ms (cache hit)
1074 silly packumentCache full:https://registry.npmjs.org/find-up set size:42620 disposed:false
1075 http cache https://registry.npmjs.org/mimic-fn 14ms (cache hit)
1076 silly packumentCache full:https://registry.npmjs.org/mimic-fn set size:22257 disposed:false
1077 http cache https://registry.npmjs.org/mimic-fn 18ms (cache hit)
1078 silly packumentCache full:https://registry.npmjs.org/mimic-fn set size:22257 disposed:false
1079 silly packumentCache full:https://registry.npmjs.org/mimic-fn dispose
1080 silly placeDep ROOT object-assign@4.1.1 OK for: cors@2.8.6 want: ^4
1081 silly placeDep ROOT vary@1.1.2 OK for: cors@2.8.6 want: ^1
1082 silly placeDep ROOT import-fresh@3.3.1 OK for: cosmiconfig@9.0.2 want: ^3.3.0
1083 silly placeDep ROOT js-yaml@4.3.1 OK for: cosmiconfig@9.0.2 want: ^4.1.0
1084 silly placeDep ROOT parse-json@5.2.0 OK for: cosmiconfig@9.0.2 want: ^5.2.0
1085 silly fetch manifest resolve-from@^4.0.0
1086 silly packumentCache full:https://registry.npmjs.org/resolve-from cache-miss
1087 silly fetch manifest parent-module@^1.0.0
1088 silly packumentCache full:https://registry.npmjs.org/parent-module cache-miss
1089 silly fetch manifest argparse@^2.0.1
1090 silly packumentCache full:https://registry.npmjs.org/argparse cache-miss
1091 http cache https://registry.npmjs.org/resolve-from 12ms (cache hit)
1092 silly packumentCache full:https://registry.npmjs.org/resolve-from set size:12911 disposed:false
1093 silly fetch manifest error-ex@^1.3.1
1094 silly packumentCache full:https://registry.npmjs.org/error-ex cache-miss
1095 http cache https://registry.npmjs.org/parent-module 15ms (cache hit)
1096 silly packumentCache full:https://registry.npmjs.org/parent-module set size:18255 disposed:false
1097 silly fetch manifest lines-and-columns@^1.1.6
1098 silly packumentCache full:https://registry.npmjs.org/lines-and-columns cache-miss
1099 http cache https://registry.npmjs.org/argparse 16ms (cache hit)
1100 silly packumentCache full:https://registry.npmjs.org/argparse set size:51348 disposed:false
1101 silly fetch manifest json-parse-even-better-errors@^2.3.0
1102 silly packumentCache full:https://registry.npmjs.org/json-parse-even-better-errors cache-miss
1103 http cache https://registry.npmjs.org/error-ex 15ms (cache hit)
1104 silly packumentCache full:https://registry.npmjs.org/error-ex set size:31684 disposed:false
1105 http cache https://registry.npmjs.org/json-parse-even-better-errors 12ms (cache hit)
1106 silly packumentCache full:https://registry.npmjs.org/json-parse-even-better-errors set size:37218 disposed:false
1107 http cache https://registry.npmjs.org/lines-and-columns 16ms (cache hit)
1108 silly packumentCache full:https://registry.npmjs.org/lines-and-columns set size:73796 disposed:false
1109 silly placeDep ROOT path-key@3.1.1 OK for: cross-spawn@7.0.6 want: ^3.1.0
1110 silly placeDep ROOT shebang-command@2.0.0 OK for: cross-spawn@7.0.6 want: ^2.0.0
1111 silly placeDep node_modules/cross-spawn which@2.0.2 OK for: cross-spawn@7.0.6 want: ^2.0.1
1112 silly fetch manifest shebang-regex@^3.0.0
1113 silly packumentCache full:https://registry.npmjs.org/shebang-regex cache-miss
1114 silly fetch manifest isexe@^2.0.0
1115 silly packumentCache full:https://registry.npmjs.org/isexe cache-hit
1116 http cache https://registry.npmjs.org/shebang-regex 7ms (cache hit)
1117 silly packumentCache full:https://registry.npmjs.org/shebang-regex set size:9763 disposed:false
1118 silly placeDep ROOT mimic-fn@3.1.0 OK for: debounce-fn@4.0.0 want: ^3.0.0
1119 silly placeDep ROOT is-obj@2.0.0 OK for: dot-prop@6.0.1 want: ^2.0.0
1120 silly placeDep ROOT ansi-colors@4.1.3 OK for: enquirer@2.4.1 want: ^4.1.1
1121 silly placeDep ROOT strip-ansi@6.0.1 OK for: enquirer@2.4.1 want: ^6.0.1
1122 silly fetch manifest ansi-regex@^5.0.1
1123 silly packumentCache full:https://registry.npmjs.org/ansi-regex cache-miss
1124 http cache https://registry.npmjs.org/ansi-regex 7ms (cache hit)
1125 silly packumentCache full:https://registry.npmjs.org/ansi-regex set size:48203 disposed:false
1126 silly placeDep ROOT @sindresorhus/merge-streams@4.0.0 OK for: execa@9.6.1 want: ^4.0.0
1127 silly placeDep ROOT figures@6.1.0 OK for: execa@9.6.1 want: ^6.1.0
1128 silly placeDep ROOT get-stream@9.0.1 OK for: execa@9.6.1 want: ^9.0.0
1129 silly placeDep ROOT human-signals@8.0.1 OK for: execa@9.6.1 want: ^8.0.1
1130 silly placeDep ROOT is-plain-obj@4.1.0 OK for: execa@9.6.1 want: ^4.1.0
1131 silly placeDep ROOT is-stream@4.0.1 OK for: execa@9.6.1 want: ^4.0.1
1132 silly placeDep ROOT npm-run-path@6.0.0 OK for: execa@9.6.1 want: ^6.0.0
1133 silly placeDep ROOT pretty-ms@9.3.0 OK for: execa@9.6.1 want: ^9.2.0
1134 silly placeDep ROOT signal-exit@4.1.0 OK for: execa@9.6.1 want: ^4.1.0
1135 silly placeDep ROOT strip-final-newline@4.0.0 OK for: execa@9.6.1 want: ^4.0.0
1136 silly placeDep ROOT yoctocolors@2.2.0 OK for: execa@9.6.1 want: ^2.1.1
1137 silly fetch manifest @sec-ant/readable-stream@^0.4.1
1138 silly packumentCache full:https://registry.npmjs.org/@sec-ant%2freadable-stream cache-miss
1139 silly fetch manifest path-key@^4.0.0
1140 silly packumentCache full:https://registry.npmjs.org/path-key cache-hit
1141 silly fetch manifest unicorn-magic@^0.3.0
1142 silly packumentCache full:https://registry.npmjs.org/unicorn-magic cache-miss
1143 silly fetch manifest parse-ms@^4.0.0
1144 silly packumentCache full:https://registry.npmjs.org/parse-ms cache-miss
1145 http cache https://registry.npmjs.org/parse-ms 12ms (cache hit)
1146 silly packumentCache full:https://registry.npmjs.org/parse-ms set size:18020 disposed:false
1147 http cache https://registry.npmjs.org/@sec-ant%2freadable-stream 14ms (cache hit)
1148 silly packumentCache full:https://registry.npmjs.org/@sec-ant%2freadable-stream set size:41612 disposed:false
1149 http cache https://registry.npmjs.org/unicorn-magic 14ms (cache hit)
1150 silly packumentCache full:https://registry.npmjs.org/unicorn-magic set size:9139 disposed:false
1151 silly placeDep ROOT accepts@2.0.0 OK for: express@5.2.1 want: ^2.0.0
1152 silly placeDep ROOT body-parser@2.3.0 OK for: express@5.2.1 want: ^2.2.1
1153 silly placeDep ROOT content-disposition@1.1.0 OK for: express@5.2.1 want: ^1.0.0
1154 silly placeDep ROOT cookie@0.7.2 OK for: express@5.2.1 want: ^0.7.1
1155 silly placeDep ROOT cookie-signature@1.2.2 OK for: express@5.2.1 want: ^1.2.1
1156 silly placeDep ROOT depd@2.0.0 OK for: express@5.2.1 want: ^2.0.0
1157 silly placeDep ROOT encodeurl@2.0.0 OK for: express@5.2.1 want: ^2.0.0
1158 silly placeDep ROOT escape-html@1.0.3 OK for: express@5.2.1 want: ^1.0.3
1159 silly placeDep ROOT etag@1.8.1 OK for: express@5.2.1 want: ^1.8.1
1160 silly placeDep ROOT finalhandler@2.1.1 OK for: express@5.2.1 want: ^2.1.0
1161 silly placeDep ROOT fresh@2.0.0 OK for: express@5.2.1 want: ^2.0.0
1162 silly placeDep ROOT http-errors@2.0.1 OK for: express@5.2.1 want: ^2.0.0
1163 silly placeDep ROOT merge-descriptors@2.0.0 OK for: express@5.2.1 want: ^2.0.0
1164 silly placeDep ROOT mime-types@3.0.2 OK for: express@5.2.1 want: ^3.0.0
1165 silly placeDep ROOT on-finished@2.4.1 OK for: express@5.2.1 want: ^2.4.1
1166 silly placeDep ROOT once@1.4.0 OK for: express@5.2.1 want: ^1.4.0
1167 silly placeDep ROOT parseurl@1.3.3 OK for: express@5.2.1 want: ^1.3.3
1168 silly placeDep ROOT proxy-addr@2.0.7 OK for: express@5.2.1 want: ^2.0.7
1169 silly placeDep ROOT qs@6.15.3 OK for: express@5.2.1 want: ^6.14.0
1170 silly placeDep ROOT range-parser@1.3.0 OK for: express@5.2.1 want: ^1.2.1
1171 silly placeDep ROOT router@2.2.0 OK for: express@5.2.1 want: ^2.2.0
1172 silly placeDep ROOT send@1.2.1 OK for: express@5.2.1 want: ^1.1.0
1173 silly placeDep ROOT serve-static@2.2.1 OK for: express@5.2.1 want: ^2.2.0
1174 silly placeDep ROOT statuses@2.0.2 OK for: express@5.2.1 want: ^2.0.1
1175 silly placeDep ROOT type-is@2.1.0 OK for: express@5.2.1 want: ^2.0.1
1176 silly fetch manifest negotiator@^1.0.0
1177 silly packumentCache full:https://registry.npmjs.org/negotiator cache-miss
1178 silly fetch manifest qs@^6.15.2
1179 silly packumentCache full:https://registry.npmjs.org/qs cache-hit
1180 silly fetch manifest bytes@^3.1.2
1181 silly packumentCache full:https://registry.npmjs.org/bytes cache-hit
1182 silly fetch manifest type-is@^2.1.0
1183 silly packumentCache full:https://registry.npmjs.org/type-is cache-hit
1184 silly fetch manifest iconv-lite@^0.7.2
1185 silly packumentCache full:https://registry.npmjs.org/iconv-lite cache-hit
1186 silly fetch manifest http-errors@^2.0.1
1187 silly packumentCache full:https://registry.npmjs.org/http-errors cache-hit
1188 silly fetch manifest content-type@^2.0.0
1189 silly packumentCache full:https://registry.npmjs.org/content-type cache-hit
1190 silly fetch manifest inherits@~2.0.4
1191 silly packumentCache full:https://registry.npmjs.org/inherits cache-miss
1192 silly fetch manifest setprototypeof@~1.2.0
1193 silly packumentCache full:https://registry.npmjs.org/setprototypeof cache-miss
1194 http cache https://registry.npmjs.org/setprototypeof 15ms (cache hit)
1195 silly packumentCache full:https://registry.npmjs.org/setprototypeof set size:14532 disposed:false
1196 silly fetch manifest statuses@~2.0.2
1197 silly packumentCache full:https://registry.npmjs.org/statuses cache-hit
1198 silly fetch manifest toidentifier@~1.0.1
1199 silly packumentCache full:https://registry.npmjs.org/toidentifier cache-miss
1200 http cache https://registry.npmjs.org/negotiator 21ms (cache hit)
1201 silly packumentCache full:https://registry.npmjs.org/negotiator set size:48046 disposed:false
1202 silly fetch manifest mime-db@^1.54.0
1203 silly packumentCache full:https://registry.npmjs.org/mime-db cache-miss
1204 http cache https://registry.npmjs.org/inherits 19ms (cache hit)
1205 silly packumentCache full:https://registry.npmjs.org/inherits set size:12925 disposed:false
1206 silly fetch manifest ee-first@1.1.1
1207 silly packumentCache full:https://registry.npmjs.org/ee-first cache-miss
1208 http cache https://registry.npmjs.org/toidentifier 16ms (cache hit)
1209 silly packumentCache full:https://registry.npmjs.org/toidentifier set size:12006 disposed:false
1210 silly fetch manifest wrappy@1
1211 silly packumentCache full:https://registry.npmjs.org/wrappy cache-miss
1212 http cache https://registry.npmjs.org/mime-db 18ms (cache hit)
1213 silly packumentCache full:https://registry.npmjs.org/mime-db set size:164953 disposed:false
1214 silly fetch manifest forwarded@0.2.0
1215 silly packumentCache full:https://registry.npmjs.org/forwarded cache-miss
1216 http cache https://registry.npmjs.org/ee-first 20ms (cache hit)
1217 silly packumentCache full:https://registry.npmjs.org/ee-first set size:15327 disposed:false
1218 silly fetch manifest ipaddr.js@1.9.1
1219 silly packumentCache full:https://registry.npmjs.org/ipaddr.js cache-miss
1220 http cache https://registry.npmjs.org/forwarded 15ms (cache hit)
1221 silly packumentCache full:https://registry.npmjs.org/forwarded set size:11229 disposed:false
1222 silly fetch manifest side-channel@^1.1.1
1223 silly packumentCache full:https://registry.npmjs.org/side-channel cache-miss
1224 http cache https://registry.npmjs.org/wrappy 20ms (cache hit)
1225 silly packumentCache full:https://registry.npmjs.org/wrappy set size:7682 disposed:false
1226 silly fetch manifest es-define-property@^1.0.1
1227 silly packumentCache full:https://registry.npmjs.org/es-define-property cache-miss
1228 http cache https://registry.npmjs.org/ipaddr.js 16ms (cache hit)
1229 silly packumentCache full:https://registry.npmjs.org/ipaddr.js set size:84329 disposed:false
1230 silly fetch manifest is-promise@^4.0.0
1231 silly packumentCache full:https://registry.npmjs.org/is-promise cache-miss
1232 http cache https://registry.npmjs.org/es-define-property 13ms (cache hit)
1233 silly packumentCache full:https://registry.npmjs.org/es-define-property set size:8542 disposed:false
1234 silly fetch manifest path-to-regexp@^8.0.0
1235 silly packumentCache full:https://registry.npmjs.org/path-to-regexp cache-miss
1236 http cache https://registry.npmjs.org/side-channel 16ms (cache hit)
1237 silly packumentCache full:https://registry.npmjs.org/side-channel set size:27650 disposed:false
1238 silly fetch manifest statuses@^2.0.2
1239 silly packumentCache full:https://registry.npmjs.org/statuses cache-hit
1240 silly fetch manifest media-typer@^1.1.0
1241 silly packumentCache full:https://registry.npmjs.org/media-typer cache-miss
1242 http cache https://registry.npmjs.org/is-promise 15ms (cache hit)
1243 silly packumentCache full:https://registry.npmjs.org/is-promise set size:18599 disposed:false
1244 http cache https://registry.npmjs.org/path-to-regexp 15ms (cache hit)
1245 silly packumentCache full:https://registry.npmjs.org/path-to-regexp set size:216334 disposed:false
1246 http cache https://registry.npmjs.org/media-typer 16ms (cache hit)
1247 silly packumentCache full:https://registry.npmjs.org/media-typer set size:22074 disposed:false
1248 silly placeDep ROOT negotiator@1.0.0 OK for: accepts@2.0.0 want: ^1.0.0
1249 silly placeDep ROOT bytes@3.1.2 OK for: body-parser@2.3.0 want: ^3.1.2
1250 silly placeDep node_modules/body-parser content-type@2.0.0 OK for: body-parser@2.3.0 want: ^2.0.0
1251 silly placeDep ROOT iconv-lite@0.7.3 OK for: body-parser@2.3.0 want: ^0.7.2
1252 silly fetch manifest safer-buffer@>= 2.1.2 < 3.0.0
1253 silly packumentCache full:https://registry.npmjs.org/safer-buffer cache-miss
1254 http cache https://registry.npmjs.org/safer-buffer 7ms (cache hit)
1255 silly packumentCache full:https://registry.npmjs.org/safer-buffer set size:18521 disposed:false
1256 silly placeDep ROOT ip-address@10.5.0 OK for: express-rate-limit@8.6.2 want: ^10.2.0
1257 silly placeDep ROOT @nodelib/fs.stat@2.0.5 OK for: fast-glob@3.3.3 want: ^2.0.2
1258 silly placeDep ROOT @nodelib/fs.walk@1.2.8 OK for: fast-glob@3.3.3 want: ^1.2.3
1259 silly placeDep ROOT glob-parent@5.1.2 OK for: fast-glob@3.3.3 want: ^5.1.2
1260 silly placeDep ROOT merge2@1.4.1 OK for: fast-glob@3.3.3 want: ^1.3.0
1261 silly placeDep ROOT micromatch@4.0.8 OK for: fast-glob@3.3.3 want: ^4.0.8
1262 silly fetch manifest fastq@^1.6.0
1263 silly packumentCache full:https://registry.npmjs.org/fastq cache-miss
1264 silly fetch manifest @nodelib/fs.scandir@2.1.5
1265 silly packumentCache full:https://registry.npmjs.org/@nodelib%2ffs.scandir cache-miss
1266 silly fetch manifest is-glob@^4.0.1
1267 silly packumentCache full:https://registry.npmjs.org/is-glob cache-miss
1268 http cache https://registry.npmjs.org/@nodelib%2ffs.scandir 13ms (cache hit)
1269 silly packumentCache full:https://registry.npmjs.org/@nodelib%2ffs.scandir set size:49256 disposed:false
1270 silly fetch manifest braces@^3.0.3
1271 silly packumentCache full:https://registry.npmjs.org/braces cache-miss
1272 http cache https://registry.npmjs.org/is-glob 13ms (cache hit)
1273 silly packumentCache full:https://registry.npmjs.org/is-glob set size:40530 disposed:false
1274 silly fetch manifest picomatch@^2.3.1
1275 silly packumentCache full:https://registry.npmjs.org/picomatch cache-miss
1276 http cache https://registry.npmjs.org/fastq 17ms (cache hit)
1277 silly packumentCache full:https://registry.npmjs.org/fastq set size:78301 disposed:false
1278 http cache https://registry.npmjs.org/braces 13ms (cache hit)
1279 silly packumentCache full:https://registry.npmjs.org/braces set size:114529 disposed:false
1280 http cache https://registry.npmjs.org/picomatch 14ms (cache hit)
1281 silly packumentCache full:https://registry.npmjs.org/picomatch set size:128942 disposed:false
1282 silly placeDep ROOT @nodelib/fs.scandir@2.1.5 OK for: @nodelib/fs.walk@1.2.8 want: 2.1.5
1283 silly placeDep ROOT fastq@1.20.1 OK for: @nodelib/fs.walk@1.2.8 want: ^1.6.0
1284 silly fetch manifest run-parallel@^1.1.9
1285 silly packumentCache full:https://registry.npmjs.org/run-parallel cache-miss
1286 silly fetch manifest reusify@^1.0.4
1287 silly packumentCache full:https://registry.npmjs.org/reusify cache-miss
1288 http cache https://registry.npmjs.org/reusify 10ms (cache hit)
1289 silly packumentCache full:https://registry.npmjs.org/reusify set size:14249 disposed:false
1290 http cache https://registry.npmjs.org/run-parallel 12ms (cache hit)
1291 silly packumentCache full:https://registry.npmjs.org/run-parallel set size:35172 disposed:false
1292 silly placeDep ROOT run-parallel@1.2.0 OK for: @nodelib/fs.scandir@2.1.5 want: ^1.1.9
1293 silly fetch manifest queue-microtask@^1.2.2
1294 silly packumentCache full:https://registry.npmjs.org/queue-microtask cache-miss
1295 http cache https://registry.npmjs.org/queue-microtask 8ms (cache hit)
1296 silly packumentCache full:https://registry.npmjs.org/queue-microtask set size:36088 disposed:false
1297 silly placeDep ROOT reusify@1.1.0 OK for: fastq@1.20.1 want: ^1.0.4
1298 silly placeDep ROOT is-unicode-supported@2.1.0 OK for: figures@6.1.0 want: ^2.0.0
1299 silly placeDep ROOT jsonfile@6.2.1 OK for: fs-extra@11.4.0 want: ^6.0.1
1300 silly placeDep ROOT universalify@2.0.1 OK for: fs-extra@11.4.0 want: ^2.0.0
1301 silly placeDep ROOT @sec-ant/readable-stream@0.4.1 OK for: get-stream@9.0.1 want: ^0.4.1
1302 silly placeDep ROOT is-glob@4.0.3 OK for: glob-parent@5.1.2 want: ^4.0.1
1303 silly fetch manifest is-extglob@^2.1.1
1304 silly packumentCache full:https://registry.npmjs.org/is-extglob cache-miss
1305 http cache https://registry.npmjs.org/is-extglob 8ms (cache hit)
1306 silly packumentCache full:https://registry.npmjs.org/is-extglob set size:11766 disposed:false
1307 silly placeDep ROOT inherits@2.0.4 OK for: http-errors@2.0.1 want: ~2.0.4
1308 silly placeDep ROOT setprototypeof@1.2.0 OK for: http-errors@2.0.1 want: ~1.2.0
1309 silly placeDep ROOT toidentifier@1.0.1 OK for: http-errors@2.0.1 want: ~1.0.1
1310 silly placeDep ROOT safer-buffer@2.1.2 OK for: iconv-lite@0.7.3 want: >= 2.1.2 < 3.0.0
1311 silly placeDep ROOT parent-module@1.0.1 OK for: import-fresh@3.3.1 want: ^1.0.0
1312 silly placeDep ROOT resolve-from@4.0.0 OK for: import-fresh@3.3.1 want: ^4.0.0
1313 silly fetch manifest callsites@^3.0.0
1314 silly packumentCache full:https://registry.npmjs.org/callsites cache-miss
1315 http cache https://registry.npmjs.org/callsites 9ms (cache hit)
1316 silly packumentCache full:https://registry.npmjs.org/callsites set size:21349 disposed:false
1317 silly placeDep ROOT is-extglob@2.1.1 OK for: is-glob@4.0.3 want: ^2.1.1
1318 silly placeDep ROOT argparse@2.0.1 OK for: js-yaml@4.3.1 want: ^2.0.1
1319 silly placeDep ROOT yallist@3.1.1 OK for: lru-cache@5.1.1 want: ^3.0.2
1320 silly placeDep ROOT braces@3.0.3 OK for: micromatch@4.0.8 want: ^3.0.3
1321 silly placeDep node_modules/micromatch picomatch@2.3.2 OK for: micromatch@4.0.8 want: ^2.3.1
1322 silly fetch manifest fill-range@^7.1.1
1323 silly packumentCache full:https://registry.npmjs.org/fill-range cache-miss
1324 http cache https://registry.npmjs.org/fill-range 8ms (cache hit)
1325 silly packumentCache full:https://registry.npmjs.org/fill-range set size:90162 disposed:false
1326 silly placeDep ROOT fill-range@7.1.1 OK for: braces@3.0.3 want: ^7.1.1
1327 silly fetch manifest to-regex-range@^5.0.1
1328 silly packumentCache full:https://registry.npmjs.org/to-regex-range cache-miss
1329 http cache https://registry.npmjs.org/to-regex-range 7ms (cache hit)
1330 silly packumentCache full:https://registry.npmjs.org/to-regex-range set size:61569 disposed:false
1331 silly placeDep ROOT to-regex-range@5.0.1 OK for: fill-range@7.1.1 want: ^5.0.1
1332 silly fetch manifest is-number@^7.0.0
1333 silly packumentCache full:https://registry.npmjs.org/is-number cache-miss
1334 http cache https://registry.npmjs.org/is-number 8ms (cache hit)
1335 silly packumentCache full:https://registry.npmjs.org/is-number set size:36183 disposed:false
1336 silly placeDep ROOT mime-db@1.54.0 OK for: mime-types@3.0.2 want: ^1.54.0
1337 silly placeDep node_modules/npm-run-path path-key@4.0.0 OK for: npm-run-path@6.0.0 want: ^4.0.0
1338 silly placeDep ROOT unicorn-magic@0.3.0 OK for: npm-run-path@6.0.0 want: ^0.3.0
1339 silly placeDep ROOT ee-first@1.1.1 OK for: on-finished@2.4.1 want: 1.1.1
1340 silly placeDep ROOT wrappy@1.0.2 OK for: once@1.4.0 want: 1
1341 silly placeDep node_modules/onetime mimic-fn@2.1.0 OK for: onetime@5.1.2 want: ^2.1.0
1342 silly placeDep ROOT default-browser@5.5.0 OK for: open@11.0.0 want: ^5.4.0
1343 silly placeDep ROOT define-lazy-prop@3.0.0 OK for: open@11.0.0 want: ^3.0.0
1344 silly placeDep ROOT is-in-ssh@1.0.0 OK for: open@11.0.0 want: ^1.0.0
1345 silly placeDep ROOT is-inside-container@1.0.0 OK for: open@11.0.0 want: ^1.0.0
1346 silly placeDep ROOT powershell-utils@0.1.0 OK for: open@11.0.0 want: ^0.1.0
1347 silly placeDep ROOT wsl-utils@0.3.1 OK for: open@11.0.0 want: ^0.3.0
1348 silly fetch manifest bundle-name@^4.1.0
1349 silly packumentCache full:https://registry.npmjs.org/bundle-name cache-miss
1350 silly fetch manifest default-browser-id@^5.0.0
1351 silly packumentCache full:https://registry.npmjs.org/default-browser-id cache-miss
1352 silly fetch manifest is-docker@^3.0.0
1353 silly packumentCache full:https://registry.npmjs.org/is-docker cache-hit
1354 silly fetch manifest is-wsl@^3.1.0
1355 silly packumentCache full:https://registry.npmjs.org/is-wsl cache-hit
1356 http cache https://registry.npmjs.org/bundle-name 23ms (cache hit)
1357 silly packumentCache full:https://registry.npmjs.org/bundle-name set size:17344 disposed:false
1358 http cache https://registry.npmjs.org/default-browser-id 24ms (cache hit)
1359 silly packumentCache full:https://registry.npmjs.org/default-browser-id set size:24398 disposed:false
1360 silly placeDep ROOT bundle-name@4.1.0 OK for: default-browser@5.5.0 want: ^4.1.0
1361 silly placeDep ROOT default-browser-id@5.0.1 OK for: default-browser@5.5.0 want: ^5.0.0
1362 silly fetch manifest run-applescript@^7.0.0
1363 silly packumentCache full:https://registry.npmjs.org/run-applescript cache-miss
1364 http cache https://registry.npmjs.org/run-applescript 13ms (cache hit)
1365 silly packumentCache full:https://registry.npmjs.org/run-applescript set size:27897 disposed:false
1366 silly placeDep ROOT run-applescript@7.1.0 OK for: bundle-name@4.1.0 want: ^7.0.0
1367 silly placeDep ROOT is-docker@3.0.0 OK for: is-inside-container@1.0.0 want: ^3.0.0
1368 silly placeDep ROOT chalk@5.6.2 OK for: ora@8.2.0 want: ^5.3.0
1369 silly placeDep ROOT cli-cursor@5.0.0 OK for: ora@8.2.0 want: ^5.0.0
1370 silly placeDep ROOT cli-spinners@2.9.2 OK for: ora@8.2.0 want: ^2.9.2
1371 silly placeDep ROOT is-interactive@2.0.0 OK for: ora@8.2.0 want: ^2.0.0
1372 silly placeDep ROOT log-symbols@6.0.0 OK for: ora@8.2.0 want: ^6.0.0
1373 silly placeDep ROOT stdin-discarder@0.2.2 OK for: ora@8.2.0 want: ^0.2.2
1374 silly placeDep ROOT string-width@7.2.0 OK for: ora@8.2.0 want: ^7.2.0
1375 silly placeDep node_modules/ora strip-ansi@7.2.0 OK for: ora@8.2.0 want: ^7.1.0
1376 silly fetch manifest restore-cursor@^5.0.0
1377 silly packumentCache full:https://registry.npmjs.org/restore-cursor cache-miss
1378 silly fetch manifest is-unicode-supported@^1.3.0
1379 silly packumentCache full:https://registry.npmjs.org/is-unicode-supported cache-hit
1380 silly fetch manifest emoji-regex@^10.3.0
1381 silly packumentCache full:https://registry.npmjs.org/emoji-regex cache-miss
1382 silly fetch manifest get-east-asian-width@^1.0.0
1383 silly packumentCache full:https://registry.npmjs.org/get-east-asian-width cache-miss
1384 http cache https://registry.npmjs.org/restore-cursor 34ms (cache hit)
1385 silly packumentCache full:https://registry.npmjs.org/restore-cursor set size:17895 disposed:false
1386 silly fetch manifest ansi-regex@^6.2.2
1387 silly packumentCache full:https://registry.npmjs.org/ansi-regex cache-hit
1388 http cache https://registry.npmjs.org/get-east-asian-width 31ms (cache hit)
1389 silly packumentCache full:https://registry.npmjs.org/get-east-asian-width set size:20538 disposed:false
1390 http cache https://registry.npmjs.org/emoji-regex 38ms (cache hit)
1391 silly packumentCache full:https://registry.npmjs.org/emoji-regex set size:89064 disposed:false
1392 silly placeDep ROOT restore-cursor@5.1.0 OK for: cli-cursor@5.0.0 want: ^5.0.0
1393 silly fetch manifest onetime@^7.0.0
1394 silly packumentCache full:https://registry.npmjs.org/onetime cache-hit
1395 silly placeDep node_modules/log-symbols is-unicode-supported@1.3.0 OK for: log-symbols@6.0.0 want: ^1.3.0
1396 silly placeDep ROOT callsites@3.1.0 OK for: parent-module@1.0.1 want: ^3.0.0
1397 silly placeDep ROOT error-ex@1.3.4 OK for: parse-json@5.2.0 want: ^1.3.1
1398 silly placeDep ROOT json-parse-even-better-errors@2.3.1 OK for: parse-json@5.2.0 want: ^2.3.0
1399 silly placeDep ROOT lines-and-columns@1.2.4 OK for: parse-json@5.2.0 want: ^1.1.6
1400 silly fetch manifest is-arrayish@^0.2.1
1401 silly packumentCache full:https://registry.npmjs.org/is-arrayish cache-miss
1402 http cache https://registry.npmjs.org/is-arrayish 45ms (cache hit)
1403 silly packumentCache full:https://registry.npmjs.org/is-arrayish set size:15371 disposed:false
1404 silly placeDep ROOT is-arrayish@0.2.1 OK for: error-ex@1.3.4 want: ^0.2.1
1405 silly placeDep ROOT find-up@3.0.0 OK for: pkg-up@3.1.0 want: ^3.0.0
1406 silly fetch manifest locate-path@^3.0.0
1407 silly packumentCache full:https://registry.npmjs.org/locate-path cache-miss
1408 http cache https://registry.npmjs.org/locate-path 22ms (cache hit)
1409 silly packumentCache full:https://registry.npmjs.org/locate-path set size:31329 disposed:false
1410 silly placeDep ROOT locate-path@3.0.0 OK for: find-up@3.0.0 want: ^3.0.0
1411 silly fetch manifest p-locate@^3.0.0
1412 silly packumentCache full:https://registry.npmjs.org/p-locate cache-miss
1413 silly fetch manifest path-exists@^3.0.0
1414 silly packumentCache full:https://registry.npmjs.org/path-exists cache-miss
1415 http cache https://registry.npmjs.org/p-locate 25ms (cache hit)
1416 silly packumentCache full:https://registry.npmjs.org/p-locate set size:22488 disposed:false
1417 http cache https://registry.npmjs.org/path-exists 27ms (cache hit)
1418 silly packumentCache full:https://registry.npmjs.org/path-exists set size:13704 disposed:false
1419 silly placeDep ROOT p-locate@3.0.0 OK for: locate-path@3.0.0 want: ^3.0.0
1420 silly placeDep ROOT path-exists@3.0.0 OK for: locate-path@3.0.0 want: ^3.0.0
1421 silly fetch manifest p-limit@^2.0.0
1422 silly packumentCache full:https://registry.npmjs.org/p-limit cache-miss
1423 http cache https://registry.npmjs.org/p-limit 19ms (cache hit)
1424 silly packumentCache full:https://registry.npmjs.org/p-limit set size:63850 disposed:false
1425 silly placeDep ROOT p-limit@2.3.0 OK for: p-locate@3.0.0 want: ^2.0.0
1426 silly fetch manifest p-try@^2.0.0
1427 silly packumentCache full:https://registry.npmjs.org/p-try cache-miss
1428 http cache https://registry.npmjs.org/p-try 18ms (cache hit)
1429 silly packumentCache full:https://registry.npmjs.org/p-try set size:13014 disposed:false
1430 silly placeDep ROOT p-try@2.2.0 OK for: p-limit@2.3.0 want: ^2.0.0
1431 silly placeDep ROOT cssesc@3.0.0 OK for: postcss-selector-parser@7.1.5 want: ^3.0.0
1432 silly placeDep ROOT util-deprecate@1.0.2 OK for: postcss-selector-parser@7.1.5 want: ^1.0.2
1433 silly placeDep ROOT parse-ms@4.0.0 OK for: pretty-ms@9.3.0 want: ^4.0.0
1434 silly placeDep node_modules/prompts kleur@3.0.3 OK for: prompts@2.4.2 want: ^3.0.3
1435 silly placeDep ROOT sisteransi@1.0.5 OK for: prompts@2.4.2 want: ^1.0.5
1436 silly placeDep ROOT forwarded@0.2.0 OK for: proxy-addr@2.0.7 want: 0.2.0
1437 silly placeDep ROOT ipaddr.js@1.9.1 OK for: proxy-addr@2.0.7 want: 1.9.1
1438 silly placeDep ROOT es-define-property@1.0.1 OK for: qs@6.15.3 want: ^1.0.1
1439 silly placeDep ROOT side-channel@1.1.1 OK for: qs@6.15.3 want: ^1.1.1
1440 silly fetch manifest es-errors@^1.3.0
1441 silly packumentCache full:https://registry.npmjs.org/es-errors cache-miss
1442 silly fetch manifest object-inspect@^1.13.4
1443 silly packumentCache full:https://registry.npmjs.org/object-inspect cache-miss
1444 silly fetch manifest side-channel-list@^1.0.1
1445 silly packumentCache full:https://registry.npmjs.org/side-channel-list cache-miss
1446 http cache https://registry.npmjs.org/object-inspect 90ms (cache hit)
1447 silly packumentCache full:https://registry.npmjs.org/object-inspect set size:101927 disposed:false
1448 silly fetch manifest side-channel-map@^1.0.1
1449 silly packumentCache full:https://registry.npmjs.org/side-channel-map cache-miss
1450 http cache https://registry.npmjs.org/es-errors 130ms (cache hit)
1451 silly packumentCache full:https://registry.npmjs.org/es-errors set size:16918 disposed:false
1452 silly fetch manifest side-channel-weakmap@^1.0.2
1453 silly packumentCache full:https://registry.npmjs.org/side-channel-weakmap cache-miss
1454 http cache https://registry.npmjs.org/side-channel-list 132ms (cache hit)
1455 silly packumentCache full:https://registry.npmjs.org/side-channel-list set size:9021 disposed:false
1456 http cache https://registry.npmjs.org/side-channel-map 73ms (cache hit)
1457 silly packumentCache full:https://registry.npmjs.org/side-channel-map set size:9126 disposed:false
1458 http cache https://registry.npmjs.org/side-channel-weakmap 85ms (cache hit)
1459 silly packumentCache full:https://registry.npmjs.org/side-channel-weakmap set size:12620 disposed:false
1460 silly placeDep ROOT unpipe@1.0.0 OK for: raw-body@3.0.2 want: ~1.0.0
1461 silly placeDep ROOT ast-types@0.16.1 OK for: recast@0.23.21 want: ^0.16.1
1462 silly placeDep ROOT esprima@4.0.1 OK for: recast@0.23.21 want: ~4.0.0
1463 silly placeDep ROOT source-map@0.6.1 OK for: recast@0.23.21 want: ~0.6.1
1464 silly placeDep ROOT tiny-invariant@1.3.3 OK for: recast@0.23.21 want: ^1.3.3
1465 silly placeDep ROOT tslib@2.8.1 OK for: recast@0.23.21 want: ^2.0.1
1466 silly placeDep node_modules/restore-cursor onetime@7.0.0 OK for: restore-cursor@5.1.0 want: ^7.0.0
1467 silly fetch manifest mimic-function@^5.0.0
1468 silly packumentCache full:https://registry.npmjs.org/mimic-function cache-miss
1469 http cache https://registry.npmjs.org/mimic-function 40ms (cache hit)
1470 silly packumentCache full:https://registry.npmjs.org/mimic-function set size:6356 disposed:false
1471 silly placeDep ROOT is-promise@4.0.0 OK for: router@2.2.0 want: ^4.0.0
1472 silly placeDep ROOT path-to-regexp@8.4.2 OK for: router@2.2.0 want: ^8.0.0
1473 silly placeDep ROOT queue-microtask@1.2.3 OK for: run-parallel@1.2.0 want: ^1.2.2
1474 silly placeDep ROOT shebang-regex@3.0.0 OK for: shebang-command@2.0.0 want: ^3.0.0
1475 silly placeDep ROOT es-errors@1.3.0 OK for: side-channel@1.1.1 want: ^1.3.0
1476 silly placeDep ROOT object-inspect@1.13.4 OK for: side-channel@1.1.1 want: ^1.13.4
1477 silly placeDep ROOT side-channel-list@1.0.1 OK for: side-channel@1.1.1 want: ^1.0.1
1478 silly placeDep ROOT side-channel-map@1.0.1 OK for: side-channel@1.1.1 want: ^1.0.1
1479 silly placeDep ROOT side-channel-weakmap@1.0.2 OK for: side-channel@1.1.1 want: ^1.0.2
1480 silly fetch manifest call-bound@^1.0.2
1481 silly packumentCache full:https://registry.npmjs.org/call-bound cache-miss
1482 silly fetch manifest get-intrinsic@^1.2.5
1483 silly packumentCache full:https://registry.npmjs.org/get-intrinsic cache-miss
1484 silly fetch manifest call-bound@^1.0.2
1485 silly packumentCache full:https://registry.npmjs.org/call-bound cache-miss
1486 http cache https://registry.npmjs.org/call-bound 22ms (cache hit)
1487 silly packumentCache full:https://registry.npmjs.org/call-bound set size:15317 disposed:false
1488 silly fetch manifest get-intrinsic@^1.2.5
1489 silly packumentCache full:https://registry.npmjs.org/get-intrinsic cache-miss
1490 http cache https://registry.npmjs.org/call-bound 29ms (cache hit)
1491 silly packumentCache full:https://registry.npmjs.org/call-bound set size:15317 disposed:false
1492 silly packumentCache full:https://registry.npmjs.org/call-bound dispose
1493 http cache https://registry.npmjs.org/get-intrinsic 33ms (cache hit)
1494 silly packumentCache full:https://registry.npmjs.org/get-intrinsic set size:60985 disposed:false
1495 http cache https://registry.npmjs.org/get-intrinsic 18ms (cache hit)
1496 silly packumentCache full:https://registry.npmjs.org/get-intrinsic set size:60985 disposed:false
1497 silly packumentCache full:https://registry.npmjs.org/get-intrinsic dispose
1498 silly placeDep ROOT call-bound@1.0.4 OK for: side-channel-map@1.0.1 want: ^1.0.2
1499 silly placeDep ROOT get-intrinsic@1.3.0 OK for: side-channel-map@1.0.1 want: ^1.2.5
1500 silly fetch manifest call-bind-apply-helpers@^1.0.2
1501 silly packumentCache full:https://registry.npmjs.org/call-bind-apply-helpers cache-miss
1502 silly fetch manifest get-intrinsic@^1.3.0
1503 silly packumentCache full:https://registry.npmjs.org/get-intrinsic cache-hit
1504 silly fetch manifest gopd@^1.2.0
1505 silly packumentCache full:https://registry.npmjs.org/gopd cache-miss
1506 silly fetch manifest hasown@^2.0.2
1507 silly packumentCache full:https://registry.npmjs.org/hasown cache-miss
1508 http cache https://registry.npmjs.org/gopd 28ms (cache hit)
1509 silly packumentCache full:https://registry.npmjs.org/gopd set size:11483 disposed:false
1510 silly fetch manifest get-proto@^1.0.1
1511 silly packumentCache full:https://registry.npmjs.org/get-proto cache-miss
1512 http cache https://registry.npmjs.org/call-bind-apply-helpers 32ms (cache hit)
1513 silly packumentCache full:https://registry.npmjs.org/call-bind-apply-helpers set size:12744 disposed:false
1514 silly fetch manifest has-symbols@^1.1.0
1515 silly packumentCache full:https://registry.npmjs.org/has-symbols cache-miss
1516 http cache https://registry.npmjs.org/hasown 32ms (cache hit)
1517 silly packumentCache full:https://registry.npmjs.org/hasown set size:18361 disposed:false
1518 silly fetch manifest function-bind@^1.1.2
1519 silly packumentCache full:https://registry.npmjs.org/function-bind cache-miss
1520 http cache https://registry.npmjs.org/get-proto 22ms (cache hit)
1521 silly packumentCache full:https://registry.npmjs.org/get-proto set size:8300 disposed:false
1522 silly fetch manifest es-object-atoms@^1.1.1
1523 silly packumentCache full:https://registry.npmjs.org/es-object-atoms cache-miss
1524 http cache https://registry.npmjs.org/has-symbols 24ms (cache hit)
1525 silly packumentCache full:https://registry.npmjs.org/has-symbols set size:21550 disposed:false
1526 silly fetch manifest math-intrinsics@^1.1.0
1527 silly packumentCache full:https://registry.npmjs.org/math-intrinsics cache-miss
1528 http cache https://registry.npmjs.org/function-bind 25ms (cache hit)
1529 silly packumentCache full:https://registry.npmjs.org/function-bind set size:15733 disposed:false
1530 http cache https://registry.npmjs.org/es-object-atoms 22ms (cache hit)
1531 silly packumentCache full:https://registry.npmjs.org/es-object-atoms set size:18278 disposed:false
1532 http cache https://registry.npmjs.org/math-intrinsics 20ms (cache hit)
1533 silly packumentCache full:https://registry.npmjs.org/math-intrinsics set size:9265 disposed:false
1534 silly placeDep ROOT call-bind-apply-helpers@1.0.2 OK for: call-bound@1.0.4 want: ^1.0.2
1535 silly placeDep ROOT function-bind@1.1.2 OK for: call-bind-apply-helpers@1.0.2 want: ^1.1.2
1536 silly placeDep ROOT es-object-atoms@1.1.2 OK for: get-intrinsic@1.3.0 want: ^1.1.1
1537 silly placeDep ROOT get-proto@1.0.1 OK for: get-intrinsic@1.3.0 want: ^1.0.1
1538 silly placeDep ROOT gopd@1.2.0 OK for: get-intrinsic@1.3.0 want: ^1.2.0
1539 silly placeDep ROOT has-symbols@1.1.0 OK for: get-intrinsic@1.3.0 want: ^1.1.0
1540 silly placeDep ROOT hasown@2.0.4 OK for: get-intrinsic@1.3.0 want: ^2.0.2
1541 silly placeDep ROOT math-intrinsics@1.1.0 OK for: get-intrinsic@1.3.0 want: ^1.1.0
1542 silly fetch manifest dunder-proto@^1.0.1
1543 silly packumentCache full:https://registry.npmjs.org/dunder-proto cache-miss
1544 http cache https://registry.npmjs.org/dunder-proto 16ms (cache hit)
1545 silly packumentCache full:https://registry.npmjs.org/dunder-proto set size:8256 disposed:false
1546 silly placeDep ROOT dunder-proto@1.0.1 OK for: get-proto@1.0.1 want: ^1.0.1
1547 silly placeDep ROOT smart-buffer@4.2.0 OK for: socks@2.8.9 want: ^4.2.0
1548 silly placeDep ROOT emoji-regex@10.6.0 OK for: string-width@7.2.0 want: ^10.3.0
1549 silly placeDep ROOT get-east-asian-width@1.6.0 OK for: string-width@7.2.0 want: ^1.0.0
1550 silly placeDep node_modules/string-width strip-ansi@7.2.0 OK for: string-width@7.2.0 want: ^7.1.0
1551 silly placeDep ROOT get-own-enumerable-keys@1.0.0 OK for: stringify-object@5.0.0 want: ^1.0.0
1552 silly placeDep node_modules/stringify-object is-obj@3.0.0 OK for: stringify-object@5.0.0 want: ^3.0.0
1553 silly placeDep ROOT is-regexp@3.1.0 OK for: stringify-object@5.0.0 want: ^3.1.0
1554 silly placeDep ROOT ansi-regex@5.0.1 OK for: strip-ansi@6.0.1 want: ^5.0.1
1555 silly placeDep ROOT is-number@7.0.0 OK for: to-regex-range@5.0.1 want: ^7.0.0
1556 silly placeDep ROOT @ts-morph/common@0.27.0 OK for: ts-morph@26.0.0 want: ~0.27.0
1557 silly placeDep ROOT code-block-writer@13.0.3 OK for: ts-morph@26.0.0 want: ^13.0.3
1558 silly fetch manifest minimatch@^10.0.1
1559 silly packumentCache full:https://registry.npmjs.org/minimatch cache-miss
1560 silly fetch manifest path-browserify@^1.0.1
1561 silly packumentCache full:https://registry.npmjs.org/path-browserify cache-miss
1562 http cache https://registry.npmjs.org/path-browserify 15ms (cache hit)
1563 silly packumentCache full:https://registry.npmjs.org/path-browserify set size:17399 disposed:false
1564 http cache https://registry.npmjs.org/minimatch 19ms (cache hit)
1565 silly packumentCache full:https://registry.npmjs.org/minimatch set size:377924 disposed:false
1566 silly placeDep ROOT minimatch@10.2.6 OK for: @ts-morph/common@0.27.0 want: ^10.0.1
1567 silly placeDep ROOT path-browserify@1.0.1 OK for: @ts-morph/common@0.27.0 want: ^1.0.1
1568 silly fetch manifest brace-expansion@^5.0.8
1569 silly packumentCache full:https://registry.npmjs.org/brace-expansion cache-miss
1570 http cache https://registry.npmjs.org/brace-expansion 12ms (cache hit)
1571 silly packumentCache full:https://registry.npmjs.org/brace-expansion set size:101024 disposed:false
1572 silly placeDep ROOT brace-expansion@5.0.9 OK for: minimatch@10.2.6 want: ^5.0.8
1573 silly fetch manifest balanced-match@^4.0.2
1574 silly packumentCache full:https://registry.npmjs.org/balanced-match cache-miss
1575 http cache https://registry.npmjs.org/balanced-match 11ms (cache hit)
1576 silly packumentCache full:https://registry.npmjs.org/balanced-match set size:39082 disposed:false
1577 silly placeDep ROOT balanced-match@4.0.4 OK for: brace-expansion@5.0.9 want: ^4.0.2
1578 silly placeDep ROOT minimist@1.2.8 OK for: tsconfig-paths@4.2.0 want: ^1.2.6
1579 silly placeDep ROOT strip-bom@3.0.0 OK for: tsconfig-paths@4.2.0 want: ^3.0.0
1580 silly placeDep node_modules/type-is content-type@2.0.0 OK for: type-is@2.1.0 want: ^2.0.0
1581 silly placeDep ROOT media-typer@1.1.1 OK for: type-is@2.1.0 want: ^1.1.0
1582 silly placeDep ROOT escalade@3.2.0 OK for: update-browserslist-db@1.3.1 want: ^3.2.0
1583 silly placeDep ROOT isexe@3.1.5 OK for: which@4.0.0 want: ^3.1.1
1584 silly placeDep ROOT is-wsl@3.1.1 OK for: wsl-utils@0.3.1 want: ^3.1.0
1585 silly placeDep node_modules/@dotenvx/dotenvx get-stream@6.0.1 OK for: execa@5.1.1 want: ^6.0.0
1586 silly placeDep node_modules/@dotenvx/dotenvx human-signals@2.1.0 OK for: execa@5.1.1 want: ^2.1.0
1587 silly placeDep node_modules/@dotenvx/dotenvx is-stream@2.0.1 OK for: execa@5.1.1 want: ^2.0.0
1588 silly placeDep ROOT merge-stream@2.0.0 OK for: execa@5.1.1 want: ^2.0.0
1589 silly placeDep node_modules/@dotenvx/dotenvx npm-run-path@4.0.1 OK for: execa@5.1.1 want: ^4.0.1
1590 silly placeDep node_modules/@dotenvx/dotenvx signal-exit@3.0.7 OK for: execa@5.1.1 want: ^3.0.3
1591 silly placeDep node_modules/@dotenvx/dotenvx strip-final-newline@2.0.0 OK for: execa@5.1.1 want: ^2.0.0
1592 silly placeDep node_modules/@dotenvx/dotenvx define-lazy-prop@2.0.0 OK for: open@8.4.2 want: ^2.0.0
1593 silly placeDep node_modules/@dotenvx/dotenvx is-docker@2.2.1 OK for: open@8.4.2 want: ^2.1.1
1594 silly placeDep node_modules/@dotenvx/dotenvx is-wsl@2.2.0 OK for: open@8.4.2 want: ^2.2.0
1595 silly placeDep node_modules/cross-spawn isexe@2.0.0 OK for: which@2.0.2 want: ^2.0.0
1596 silly placeDep node_modules/ora ansi-regex@6.3.0 OK for: strip-ansi@7.2.0 want: ^6.2.2
1597 silly placeDep ROOT mimic-function@5.0.1 OK for: onetime@7.0.0 want: ^5.0.0
1598 silly placeDep node_modules/string-width ansi-regex@6.3.0 OK for: strip-ansi@7.2.0 want: ^6.2.2
1599 silly reify moves {}
1600 silly audit bulk request {
1600 silly audit   '@jridgewell/gen-mapping': [ '0.3.13' ],
1600 silly audit   '@jridgewell/remapping': [ '2.3.5' ],
1600 silly audit   '@jridgewell/resolve-uri': [ '3.1.2' ],
1600 silly audit   '@jridgewell/sourcemap-codec': [ '1.5.5' ],
1600 silly audit   '@jridgewell/trace-mapping': [ '0.3.31' ],
1600 silly audit   '@oxc-project/types': [ '0.144.0' ],
1600 silly audit   '@oxlint/binding-android-arm-eabi': [ '1.78.0' ],
1600 silly audit   '@oxlint/binding-android-arm64': [ '1.78.0' ],
1600 silly audit   '@oxlint/binding-darwin-arm64': [ '1.78.0' ],
1600 silly audit   '@oxlint/binding-darwin-x64': [ '1.78.0' ],
1600 silly audit   '@oxlint/binding-freebsd-x64': [ '1.78.0' ],
1600 silly audit   '@oxlint/binding-linux-arm-gnueabihf': [ '1.78.0' ],
1600 silly audit   '@oxlint/binding-linux-arm-musleabihf': [ '1.78.0' ],
1600 silly audit   '@oxlint/binding-linux-arm64-gnu': [ '1.78.0' ],
1600 silly audit   '@oxlint/binding-linux-arm64-musl': [ '1.78.0' ],
1600 silly audit   '@oxlint/binding-linux-ppc64-gnu': [ '1.78.0' ],
1600 silly audit   '@oxlint/binding-linux-riscv64-gnu': [ '1.78.0' ],
1600 silly audit   '@oxlint/binding-linux-riscv64-musl': [ '1.78.0' ],
1600 silly audit   '@oxlint/binding-linux-s390x-gnu': [ '1.78.0' ],
1600 silly audit   '@oxlint/binding-linux-x64-gnu': [ '1.78.0' ],
1600 silly audit   '@oxlint/binding-linux-x64-musl': [ '1.78.0' ],
1600 silly audit   '@oxlint/binding-openharmony-arm64': [ '1.78.0' ],
1600 silly audit   '@oxlint/binding-win32-arm64-msvc': [ '1.78.0' ],
1600 silly audit   '@oxlint/binding-win32-ia32-msvc': [ '1.78.0' ],
1600 silly audit   '@oxlint/binding-win32-x64-msvc': [ '1.78.0' ],
1600 silly audit   '@rolldown/binding-android-arm64': [ '1.2.4' ],
1600 silly audit   '@rolldown/binding-darwin-arm64': [ '1.2.4' ],
1600 silly audit   '@rolldown/binding-darwin-x64': [ '1.2.4' ],
1600 silly audit   '@rolldown/binding-freebsd-x64': [ '1.2.4' ],
1600 silly audit   '@rolldown/binding-linux-arm-gnueabihf': [ '1.2.4' ],
1600 silly audit   '@rolldown/binding-linux-arm64-gnu': [ '1.2.4' ],
1600 silly audit   '@rolldown/binding-linux-arm64-musl': [ '1.2.4' ],
1600 silly audit   '@rolldown/binding-linux-ppc64-gnu': [ '1.2.4' ],
1600 silly audit   '@rolldown/binding-linux-s390x-gnu': [ '1.2.4' ],
1600 silly audit   '@rolldown/binding-linux-x64-gnu': [ '1.2.4' ],
1600 silly audit   '@rolldown/binding-linux-x64-musl': [ '1.2.4' ],
1600 silly audit   '@rolldown/binding-openharmony-arm64': [ '1.2.4' ],
1600 silly audit   '@rolldown/binding-win32-arm64-msvc': [ '1.2.4' ],
1600 silly audit   '@rolldown/binding-win32-x64-msvc': [ '1.2.4' ],
1600 silly audit   '@rolldown/pluginutils': [ '1.0.1' ],
1600 silly audit   '@socket.io/component-emitter': [ '3.1.2' ],
1600 silly audit   '@tailwindcss/node': [ '4.3.3' ],
1600 silly audit   lightningcss: [ '1.32.0', '1.33.0' ],
1600 silly audit   'lightningcss-android-arm64': [ '1.32.0', '1.33.0' ],
1600 silly audit   'lightningcss-darwin-arm64': [ '1.32.0', '1.33.0' ],
1600 silly audit   'lightningcss-darwin-x64': [ '1.32.0', '1.33.0' ],
1600 silly audit   'lightningcss-freebsd-x64': [ '1.32.0', '1.33.0' ],
1600 silly audit   'lightningcss-linux-arm-gnueabihf': [ '1.32.0', '1.33.0' ],
1600 silly audit   'lightningcss-linux-arm64-gnu': [ '1.32.0', '1.33.0' ],
1600 silly audit   'lightningcss-linux-arm64-musl': [ '1.32.0', '1.33.0' ],
1600 silly audit   'lightningcss-linux-x64-gnu': [ '1.32.0', '1.33.0' ],
1600 silly audit   'lightningcss-linux-x64-musl': [ '1.32.0', '1.33.0' ],
1600 silly audit   'lightningcss-win32-arm64-msvc': [ '1.32.0', '1.33.0' ],
1600 silly audit   'lightningcss-win32-x64-msvc': [ '1.32.0', '1.33.0' ],
1600 silly audit   '@tailwindcss/oxide': [ '4.3.3' ],
1600 silly audit   '@tailwindcss/oxide-android-arm64': [ '4.3.3' ],
1600 silly audit   '@tailwindcss/oxide-darwin-arm64': [ '4.3.3' ],
1600 silly audit   '@tailwindcss/oxide-darwin-x64': [ '4.3.3' ],
1600 silly audit   '@tailwindcss/oxide-freebsd-x64': [ '4.3.3' ],
1600 silly audit   '@tailwindcss/oxide-linux-arm-gnueabihf': [ '4.3.3' ],
1600 silly audit   '@tailwindcss/oxide-linux-arm64-gnu': [ '4.3.3' ],
1600 silly audit   '@tailwindcss/oxide-linux-arm64-musl': [ '4.3.3' ],
1600 silly audit   '@tailwindcss/oxide-linux-x64-gnu': [ '4.3.3' ],
1600 silly audit   '@tailwindcss/oxide-linux-x64-musl': [ '4.3.3' ],
1600 silly audit   '@tailwindcss/oxide-wasm32-wasi': [ '4.3.3' ],
1600 silly audit   '@tailwindcss/oxide-win32-arm64-msvc': [ '4.3.3' ],
1600 silly audit   '@tailwindcss/oxide-win32-x64-msvc': [ '4.3.3' ],
1600 silly audit   '@tailwindcss/vite': [ '4.3.3' ],
1600 silly audit   '@tanstack/query-core': [ '5.101.4' ],
1600 silly audit   '@tanstack/react-query': [ '5.101.4' ],
1600 silly audit   '@types/node': [ '24.13.3' ],
1600 silly audit   '@types/react': [ '19.2.18' ],
1600 silly audit   '@types/react-dom': [ '19.2.4' ],
1600 silly audit   '@vitejs/plugin-react': [ '6.0.5' ],
1600 silly audit   'base-ui': [ '0.0.294' ],
1600 silly audit   'class-variance-authority': [ '0.7.1' ],
1600 silly audit   clsx: [ '2.1.1' ],
1600 silly audit   csstype: [ '3.2.3' ],
1600 silly audit   debug: [ '4.4.3' ],
1600 silly audit   'detect-libc': [ '2.1.2' ],
1600 silly audit   'engine.io-client': [ '6.6.6' ],
1600 silly audit   'engine.io-parser': [ '5.2.3' ],
1600 silly audit   'enhanced-resolve': [ '5.24.5' ],
1600 silly audit   fdir: [ '6.5.0' ],
1600 silly audit   fsevents: [ '2.3.3' ],
1600 silly audit   'graceful-fs': [ '4.2.11' ],
1600 silly audit   jiti: [ '2.7.0' ],
1600 silly audit   'lucide-react': [ '1.31.0' ],
1600 silly audit   'magic-string': [ '0.30.21' ],
1600 silly audit   ms: [ '2.1.3' ],
1600 silly audit   nanoid: [ '3.3.18' ],
1600 silly audit   oxlint: [ '1.78.0' ],
1600 silly audit   picocolors: [ '1.1.1' ],
1600 silly audit   picomatch: [ '4.0.5', '2.3.2' ],
1600 silly audit   postcss: [ '8.5.26' ],
1600 silly audit   react: [ '19.2.8' ],
1600 silly audit   'react-dom': [ '19.2.8' ],
1600 silly audit   rolldown: [ '1.2.4' ],
1600 silly audit   scheduler: [ '0.27.0' ],
1600 silly audit   'socket.io-client': [ '4.8.3' ],
1600 silly audit   'socket.io-parser': [ '4.2.7' ],
1600 silly audit   'source-map-js': [ '1.2.1' ],
1600 silly audit   'tailwind-merge': [ '3.6.0' ],
1600 silly audit   tailwindcss: [ '4.3.3' ],
1600 silly audit   tapable: [ '2.3.3' ],
1600 silly audit   tinyglobby: [ '0.2.17' ],
1600 silly audit   'tw-animate-css': [ '1.4.0' ],
1600 silly audit   typescript: [ '6.0.3' ],
1600 silly audit   'undici-types': [ '7.18.2' ],
1600 silly audit   vite: [ '8.2.1' ],
1600 silly audit   ws: [ '8.21.3' ],
1600 silly audit   'xmlhttprequest-ssl': [ '2.1.2' ],
1600 silly audit   '@base-ui/react': [ '1.7.0' ],
1600 silly audit   '@fontsource-variable/inter': [ '5.3.0' ],
1600 silly audit   shadcn: [ '4.17.0' ],
1600 silly audit   '@babel/runtime': [ '7.29.7' ],
1600 silly audit   '@base-ui/utils': [ '0.3.2' ],
1600 silly audit   '@floating-ui/react-dom': [ '2.1.9' ],
1600 silly audit   '@floating-ui/utils': [ '0.2.12' ],
1600 silly audit   'use-sync-external-store': [ '1.6.0' ],
1600 silly audit   reselect: [ '5.2.0' ],
1600 silly audit   '@floating-ui/dom': [ '1.8.0' ],
1600 silly audit   '@floating-ui/core': [ '1.8.0' ],
1600 silly audit   '@babel/core': [ '7.29.7' ],
1600 silly audit   '@babel/parser': [ '7.29.8' ],
1600 silly audit   '@babel/plugin-transform-typescript': [ '7.29.7' ],
1600 silly audit   '@babel/preset-typescript': [ '7.29.7' ],
1600 silly audit   '@dotenvx/dotenvx': [ '1.75.1' ],
1600 silly audit   '@modelcontextprotocol/sdk': [ '1.30.0' ],
1600 silly audit   '@types/validate-npm-package-name': [ '4.0.2' ],
1600 silly audit   browserslist: [ '4.28.8' ],
1600 silly audit   commander: [ '14.0.3', '11.1.0' ],
1600 silly audit   cosmiconfig: [ '9.0.2' ],
1600 silly audit   dedent: [ '1.7.2' ],
1600 silly audit   deepmerge: [ '4.3.1' ],
1600 silly audit   diff: [ '8.0.4' ],
1600 silly audit   execa: [ '9.6.1', '5.1.1' ],
1600 silly audit   'fast-glob': [ '3.3.3' ],
1600 silly audit   'fs-extra': [ '11.4.0' ],
1600 silly audit   fuzzysort: [ '3.1.0' ],
1600 silly audit   kleur: [ '4.1.5', '3.0.3' ],
1600 silly audit   open: [ '11.0.0', '8.4.2' ],
1600 silly audit   ora: [ '8.2.0' ],
1600 silly audit   'postcss-selector-parser': [ '7.1.5' ],
1600 silly audit   prompts: [ '2.4.2' ],
1600 silly audit   recast: [ '0.23.21' ],
1600 silly audit   socks: [ '2.8.9' ],
1600 silly audit   'stringify-object': [ '5.0.0' ],
1600 silly audit   'ts-morph': [ '26.0.0' ],
1600 silly audit   'tsconfig-paths': [ '4.2.0' ],
1600 silly audit   undici: [ '7.29.0' ],
1600 silly audit   'validate-npm-package-name': [ '7.0.2' ],
1600 silly audit   zod: [ '3.25.76' ],
1600 silly audit   'zod-to-json-schema': [ '3.25.2' ],
1600 silly audit   '@babel/code-frame': [ '7.29.7' ],
1600 silly audit   '@babel/generator': [ '7.29.8' ],
1600 silly audit   '@babel/helper-compilation-targets': [ '7.29.7' ],
1600 silly audit   '@babel/helper-module-transforms': [ '7.29.7' ],
1600 silly audit   '@babel/helpers': [ '7.29.7' ],
1600 silly audit   '@babel/template': [ '7.29.7' ],
1600 silly audit   '@babel/traverse': [ '7.29.8' ],
1600 silly audit   '@babel/types': [ '7.29.8' ],
1600 silly audit   'convert-source-map': [ '2.0.0' ],
1600 silly audit   gensync: [ '1.0.0-beta.2' ],
1600 silly audit   json5: [ '2.2.3' ],
1600 silly audit   semver: [ '6.3.1', '7.8.5' ],
1600 silly audit   '@babel/helper-validator-identifier': [ '7.29.7' ],
1600 silly audit   'js-tokens': [ '4.0.0' ],
1600 silly audit   jsesc: [ '3.1.0' ],
1600 silly audit   '@babel/compat-data': [ '7.29.7' ],
1600 silly audit   '@babel/helper-validator-option': [ '7.29.7' ],
1600 silly audit   'lru-cache': [ '5.1.1' ],
1600 silly audit   '@babel/helper-module-imports': [ '7.29.7' ],
1600 silly audit   '@babel/helper-annotate-as-pure': [ '7.29.7' ],
1600 silly audit   '@babel/helper-create-class-features-plugin': [ '7.29.7' ],
1600 silly audit   '@babel/helper-plugin-utils': [ '7.29.7' ],
1600 silly audit   '@babel/helper-skip-transparent-expression-wrappers': [ '7.29.7' ],
1600 silly audit   '@babel/plugin-syntax-typescript': [ '7.29.7' ],
1600 silly audit   '@babel/helper-member-expression-to-functions': [ '7.29.7' ],
1600 silly audit   '@babel/helper-optimise-call-expression': [ '7.29.7' ],
1600 silly audit   '@babel/helper-replace-supers': [ '7.29.7' ],
1600 silly audit   '@babel/plugin-syntax-jsx': [ '7.29.7' ],
1600 silly audit   '@babel/plugin-transform-modules-commonjs': [ '7.29.7' ],
1600 silly audit   '@babel/helper-globals': [ '7.29.7' ],
1600 silly audit   '@babel/helper-string-parser': [ '7.29.7' ],
1600 silly audit   '@dotenvx/primitives': [ '0.8.0' ],
1600 silly audit   conf: [ '10.2.0' ],
1600 silly audit   dotenv: [ '17.4.2' ],
1600 silly audit   enquirer: [ '2.4.1' ],
1600 silly audit   'env-paths': [ '2.2.1' ],
1600 silly audit   ignore: [ '5.3.2' ],
1600 silly audit   'object-treeify': [ '1.1.33' ],
1600 silly audit   systeminformation: [ '5.33.1' ],
1600 silly audit   which: [ '4.0.0', '2.0.2' ],
1600 silly audit   'yocto-spinner': [ '1.2.2' ],
1600 silly audit   '@hono/node-server': [ '2.1.0' ],
1600 silly audit   hono: [ '4.13.1' ],
1600 silly audit   ajv: [ '8.20.0' ],
1600 silly audit   'ajv-formats': [ '3.0.1', '2.1.1' ],
1600 silly audit   'content-type': [ '1.0.5', '2.0.0' ],
1600 silly audit   cors: [ '2.8.6' ],
1600 silly audit   'cross-spawn': [ '7.0.6' ],
1600 silly audit   eventsource: [ '3.0.7' ],
1600 silly audit   'eventsource-parser': [ '3.1.1' ],
1600 silly audit   express: [ '5.2.1' ],
1600 silly audit   'express-rate-limit': [ '8.6.2' ],
1600 silly audit   jose: [ '6.2.8' ],
1600 silly audit   'json-schema-typed': [ '8.0.2', '7.0.3' ],
1600 silly audit   'pkce-challenge': [ '5.0.1' ],
1600 silly audit   'raw-body': [ '3.0.2' ],
1600 silly audit   'fast-deep-equal': [ '3.1.3' ],
1600 silly audit   'fast-uri': [ '3.1.5' ],
1600 silly audit   'json-schema-traverse': [ '1.0.0' ],
1600 silly audit   'require-from-string': [ '2.0.2' ],
1600 silly audit   'baseline-browser-mapping': [ '2.11.13' ],
1600 silly audit   'caniuse-lite': [ '1.0.30001809' ],
1600 silly audit   'electron-to-chromium': [ '1.5.405' ],
1600 silly audit   'node-releases': [ '2.0.53' ],
1600 silly audit   'update-browserslist-db': [ '1.3.1' ],
1600 silly audit   atomically: [ '1.7.0' ],
1600 silly audit   'debounce-fn': [ '4.0.0' ],
1600 silly audit   'dot-prop': [ '6.0.1' ],
1600 silly audit   onetime: [ '5.1.2', '7.0.0' ],
1600 silly audit   'pkg-up': [ '3.1.0' ],
1600 silly audit   'object-assign': [ '4.1.1' ],
1600 silly audit   vary: [ '1.1.2' ],
1600 silly audit   'import-fresh': [ '3.3.1' ],
1600 silly audit   'js-yaml': [ '4.3.1' ],
1600 silly audit   'parse-json': [ '5.2.0' ],
1600 silly audit   'path-key': [ '3.1.1', '4.0.0' ],
1600 silly audit   'shebang-command': [ '2.0.0' ],
1600 silly audit   'mimic-fn': [ '3.1.0', '2.1.0' ],
1600 silly audit   'is-obj': [ '2.0.0', '3.0.0' ],
1600 silly audit   'ansi-colors': [ '4.1.3' ],
1600 silly audit   'strip-ansi': [ '6.0.1', '7.2.0' ],
1600 silly audit   '@sindresorhus/merge-streams': [ '4.0.0' ],
1600 silly audit   figures: [ '6.1.0' ],
1600 silly audit   'get-stream': [ '9.0.1', '6.0.1' ],
1600 silly audit   'human-signals': [ '8.0.1', '2.1.0' ],
1600 silly audit   'is-plain-obj': [ '4.1.0' ],
1600 silly audit   'is-stream': [ '4.0.1', '2.0.1' ],
1600 silly audit   'npm-run-path': [ '6.0.0', '4.0.1' ],
1600 silly audit   'pretty-ms': [ '9.3.0' ],
1600 silly audit   'signal-exit': [ '4.1.0', '3.0.7' ],
1600 silly audit   'strip-final-newline': [ '4.0.0', '2.0.0' ],
1600 silly audit   yoctocolors: [ '2.2.0' ],
1600 silly audit   accepts: [ '2.0.0' ],
1600 silly audit   'body-parser': [ '2.3.0' ],
1600 silly audit   'content-disposition': [ '1.1.0' ],
1600 silly audit   cookie: [ '0.7.2' ],
1600 silly audit   'cookie-signature': [ '1.2.2' ],
1600 silly audit   depd: [ '2.0.0' ],
1600 silly audit   encodeurl: [ '2.0.0' ],
1600 silly audit   'escape-html': [ '1.0.3' ],
1600 silly audit   etag: [ '1.8.1' ],
1600 silly audit   finalhandler: [ '2.1.1' ],
1600 silly audit   fresh: [ '2.0.0' ],
1600 silly audit   'http-errors': [ '2.0.1' ],
1600 silly audit   'merge-descriptors': [ '2.0.0' ],
1600 silly audit   'mime-types': [ '3.0.2' ],
1600 silly audit   'on-finished': [ '2.4.1' ],
1600 silly audit   once: [ '1.4.0' ],
1600 silly audit   parseurl: [ '1.3.3' ],
1600 silly audit   'proxy-addr': [ '2.0.7' ],
1600 silly audit   qs: [ '6.15.3' ],
1600 silly audit   'range-parser': [ '1.3.0' ],
1600 silly audit   router: [ '2.2.0' ],
1600 silly audit   send: [ '1.2.1' ],
1600 silly audit   'serve-static': [ '2.2.1' ],
1600 silly audit   statuses: [ '2.0.2' ],
1600 silly audit   'type-is': [ '2.1.0' ],
1600 silly audit   negotiator: [ '1.0.0' ],
1600 silly audit   bytes: [ '3.1.2' ],
1600 silly audit   'iconv-lite': [ '0.7.3' ],
1600 silly audit   'ip-address': [ '10.5.0' ],
1600 silly audit   '@nodelib/fs.stat': [ '2.0.5' ],
1600 silly audit   '@nodelib/fs.walk': [ '1.2.8' ],
1600 silly audit   'glob-parent': [ '5.1.2' ],
1600 silly audit   merge2: [ '1.4.1' ],
1600 silly audit   micromatch: [ '4.0.8' ],
1600 silly audit   '@nodelib/fs.scandir': [ '2.1.5' ],
1600 silly audit   fastq: [ '1.20.1' ],
1600 silly audit   'run-parallel': [ '1.2.0' ],
1600 silly audit   reusify: [ '1.1.0' ],
1600 silly audit   'is-unicode-supported': [ '2.1.0', '1.3.0' ],
1600 silly audit   jsonfile: [ '6.2.1' ],
1600 silly audit   universalify: [ '2.0.1' ],
1600 silly audit   '@sec-ant/readable-stream': [ '0.4.1' ],
1600 silly audit   'is-glob': [ '4.0.3' ],
1600 silly audit   inherits: [ '2.0.4' ],
1600 silly audit   setprototypeof: [ '1.2.0' ],
1600 silly audit   toidentifier: [ '1.0.1' ],
1600 silly audit   'safer-buffer': [ '2.1.2' ],
1600 silly audit   'parent-module': [ '1.0.1' ],
1600 silly audit   'resolve-from': [ '4.0.0' ],
1600 silly audit   'is-extglob': [ '2.1.1' ],
1600 silly audit   argparse: [ '2.0.1' ],
1600 silly audit   yallist: [ '3.1.1' ],
1600 silly audit   braces: [ '3.0.3' ],
1600 silly audit   'fill-range': [ '7.1.1' ],
1600 silly audit   'to-regex-range': [ '5.0.1' ],
1600 silly audit   'mime-db': [ '1.54.0' ],
1600 silly audit   'unicorn-magic': [ '0.3.0' ],
1600 silly audit   'ee-first': [ '1.1.1' ],
1600 silly audit   wrappy: [ '1.0.2' ],
1600 silly audit   'default-browser': [ '5.5.0' ],
1600 silly audit   'define-lazy-prop': [ '3.0.0', '2.0.0' ],
1600 silly audit   'is-in-ssh': [ '1.0.0' ],
1600 silly audit   'is-inside-container': [ '1.0.0' ],
1600 silly audit   'powershell-utils': [ '0.1.0' ],
1600 silly audit   'wsl-utils': [ '0.3.1' ],
1600 silly audit   'bundle-name': [ '4.1.0' ],
1600 silly audit   'default-browser-id': [ '5.0.1' ],
1600 silly audit   'run-applescript': [ '7.1.0' ],
1600 silly audit   'is-docker': [ '3.0.0', '2.2.1' ],
1600 silly audit   chalk: [ '5.6.2' ],
1600 silly audit   'cli-cursor': [ '5.0.0' ],
1600 silly audit   'cli-spinners': [ '2.9.2' ],
1600 silly audit   'is-interactive': [ '2.0.0' ],
1600 silly audit   'log-symbols': [ '6.0.0' ],
1600 silly audit   'stdin-discarder': [ '0.2.2' ],
1600 silly audit   'string-width': [ '7.2.0' ],
1600 silly audit   'restore-cursor': [ '5.1.0' ],
1600 silly audit   callsites: [ '3.1.0' ],
1600 silly audit   'error-ex': [ '1.3.4' ],
1600 silly audit   'json-parse-even-better-errors': [ '2.3.1' ],
1600 silly audit   'lines-and-columns': [ '1.2.4' ],
1600 silly audit   'is-arrayish': [ '0.2.1' ],
1600 silly audit   'find-up': [ '3.0.0' ],
1600 silly audit   'locate-path': [ '3.0.0' ],
1600 silly audit   'p-locate': [ '3.0.0' ],
1600 silly audit   'path-exists': [ '3.0.0' ],
1600 silly audit   'p-limit': [ '2.3.0' ],
1600 silly audit   'p-try': [ '2.2.0' ],
1600 silly audit   cssesc: [ '3.0.0' ],
1600 silly audit   'util-deprecate': [ '1.0.2' ],
1600 silly audit   'parse-ms': [ '4.0.0' ],
1600 silly audit   sisteransi: [ '1.0.5' ],
1600 silly audit   forwarded: [ '0.2.0' ],
1600 silly audit   'ipaddr.js': [ '1.9.1' ],
1600 silly audit   'es-define-property': [ '1.0.1' ],
1600 silly audit   'side-channel': [ '1.1.1' ],
1600 silly audit   unpipe: [ '1.0.0' ],
1600 silly audit   'ast-types': [ '0.16.1' ],
1600 silly audit   esprima: [ '4.0.1' ],
1600 silly audit   'source-map': [ '0.6.1' ],
1600 silly audit   'tiny-invariant': [ '1.3.3' ],
1600 silly audit   tslib: [ '2.8.1' ],
1600 silly audit   'is-promise': [ '4.0.0' ],
1600 silly audit   'path-to-regexp': [ '8.4.2' ],
1600 silly audit   'queue-microtask': [ '1.2.3' ],
1600 silly audit   'shebang-regex': [ '3.0.0' ],
1600 silly audit   'es-errors': [ '1.3.0' ],
1600 silly audit   'object-inspect': [ '1.13.4' ],
1600 silly audit   'side-channel-list': [ '1.0.1' ],
1600 silly audit   'side-channel-map': [ '1.0.1' ],
1600 silly audit   'side-channel-weakmap': [ '1.0.2' ],
1600 silly audit   'call-bound': [ '1.0.4' ],
1600 silly audit   'get-intrinsic': [ '1.3.0' ],
1600 silly audit   'call-bind-apply-helpers': [ '1.0.2' ],
1600 silly audit   'function-bind': [ '1.1.2' ],
1600 silly audit   'es-object-atoms': [ '1.1.2' ],
1600 silly audit   'get-proto': [ '1.0.1' ],
1600 silly audit   gopd: [ '1.2.0' ],
1600 silly audit   'has-symbols': [ '1.1.0' ],
1600 silly audit   hasown: [ '2.0.4' ],
1600 silly audit   'math-intrinsics': [ '1.1.0' ],
1600 silly audit   'dunder-proto': [ '1.0.1' ],
1600 silly audit   'smart-buffer': [ '4.2.0' ],
1600 silly audit   'emoji-regex': [ '10.6.0' ],
1600 silly audit   'get-east-asian-width': [ '1.6.0' ],
1600 silly audit   'get-own-enumerable-keys': [ '1.0.0' ],
1600 silly audit   'is-regexp': [ '3.1.0' ],
1600 silly audit   'ansi-regex': [ '5.0.1', '6.3.0' ],
1600 silly audit   'is-number': [ '7.0.0' ],
1600 silly audit   '@ts-morph/common': [ '0.27.0' ],
1600 silly audit   'code-block-writer': [ '13.0.3' ],
1600 silly audit   minimatch: [ '10.2.6' ],
1600 silly audit   'path-browserify': [ '1.0.1' ],
1600 silly audit   'brace-expansion': [ '5.0.9' ],
1600 silly audit   'balanced-match': [ '4.0.4' ],
1600 silly audit   minimist: [ '1.2.8' ],
1600 silly audit   'strip-bom': [ '3.0.0' ],
1600 silly audit   'media-typer': [ '1.1.1' ],
1600 silly audit   escalade: [ '3.2.0' ],
1600 silly audit   isexe: [ '3.1.5', '2.0.0' ],
1600 silly audit   'is-wsl': [ '3.1.1', '2.2.0' ],
1600 silly audit   'merge-stream': [ '2.0.0' ],
1600 silly audit   'mimic-function': [ '5.0.1' ]
1600 silly audit }
1601 http cache mimic-function@https://registry.npmjs.org/mimic-function/-/mimic-function-5.0.1.tgz 0ms (cache hit)
1602 http cache merge-stream@https://registry.npmjs.org/merge-stream/-/merge-stream-2.0.0.tgz 0ms (cache hit)
1603 http cache is-wsl@https://registry.npmjs.org/is-wsl/-/is-wsl-3.1.1.tgz 0ms (cache hit)
1604 http cache isexe@https://registry.npmjs.org/isexe/-/isexe-3.1.5.tgz 0ms (cache hit)
1605 http cache escalade@https://registry.npmjs.org/escalade/-/escalade-3.2.0.tgz 0ms (cache hit)
1606 http cache media-typer@https://registry.npmjs.org/media-typer/-/media-typer-1.1.1.tgz 0ms (cache hit)
1607 http cache strip-bom@https://registry.npmjs.org/strip-bom/-/strip-bom-3.0.0.tgz 0ms (cache hit)
1608 http cache minimist@https://registry.npmjs.org/minimist/-/minimist-1.2.8.tgz 0ms (cache hit)
1609 http cache balanced-match@https://registry.npmjs.org/balanced-match/-/balanced-match-4.0.4.tgz 0ms (cache hit)
1610 http cache brace-expansion@https://registry.npmjs.org/brace-expansion/-/brace-expansion-5.0.9.tgz 0ms (cache hit)
1611 http cache path-browserify@https://registry.npmjs.org/path-browserify/-/path-browserify-1.0.1.tgz 1ms (cache hit)
1612 http cache minimatch@https://registry.npmjs.org/minimatch/-/minimatch-10.2.6.tgz 0ms (cache hit)
1613 http cache code-block-writer@https://registry.npmjs.org/code-block-writer/-/code-block-writer-13.0.3.tgz 0ms (cache hit)
1614 http cache @ts-morph/common@https://registry.npmjs.org/@ts-morph/common/-/common-0.27.0.tgz 0ms (cache hit)
1615 http cache is-number@https://registry.npmjs.org/is-number/-/is-number-7.0.0.tgz 0ms (cache hit)
1616 http cache ansi-regex@https://registry.npmjs.org/ansi-regex/-/ansi-regex-5.0.1.tgz 0ms (cache hit)
1617 http cache is-regexp@https://registry.npmjs.org/is-regexp/-/is-regexp-3.1.0.tgz 0ms (cache hit)
1618 http cache get-own-enumerable-keys@https://registry.npmjs.org/get-own-enumerable-keys/-/get-own-enumerable-keys-1.0.0.tgz 0ms (cache hit)
1619 http cache get-east-asian-width@https://registry.npmjs.org/get-east-asian-width/-/get-east-asian-width-1.6.0.tgz 0ms (cache hit)
1620 http cache emoji-regex@https://registry.npmjs.org/emoji-regex/-/emoji-regex-10.6.0.tgz 1ms (cache hit)
1621 http cache smart-buffer@https://registry.npmjs.org/smart-buffer/-/smart-buffer-4.2.0.tgz 0ms (cache hit)
1622 http cache dunder-proto@https://registry.npmjs.org/dunder-proto/-/dunder-proto-1.0.1.tgz 0ms (cache hit)
1623 http cache math-intrinsics@https://registry.npmjs.org/math-intrinsics/-/math-intrinsics-1.1.0.tgz 0ms (cache hit)
1624 http cache hasown@https://registry.npmjs.org/hasown/-/hasown-2.0.4.tgz 0ms (cache hit)
1625 http cache has-symbols@https://registry.npmjs.org/has-symbols/-/has-symbols-1.1.0.tgz 0ms (cache hit)
1626 http cache gopd@https://registry.npmjs.org/gopd/-/gopd-1.2.0.tgz 0ms (cache hit)
1627 http cache es-object-atoms@https://registry.npmjs.org/es-object-atoms/-/es-object-atoms-1.1.2.tgz 0ms (cache hit)
1628 http cache get-proto@https://registry.npmjs.org/get-proto/-/get-proto-1.0.1.tgz 0ms (cache hit)
1629 http cache function-bind@https://registry.npmjs.org/function-bind/-/function-bind-1.1.2.tgz 0ms (cache hit)
1630 http cache call-bind-apply-helpers@https://registry.npmjs.org/call-bind-apply-helpers/-/call-bind-apply-helpers-1.0.2.tgz 0ms (cache hit)
1631 http cache get-intrinsic@https://registry.npmjs.org/get-intrinsic/-/get-intrinsic-1.3.0.tgz 0ms (cache hit)
1632 http cache call-bound@https://registry.npmjs.org/call-bound/-/call-bound-1.0.4.tgz 0ms (cache hit)
1633 http cache side-channel-weakmap@https://registry.npmjs.org/side-channel-weakmap/-/side-channel-weakmap-1.0.2.tgz 0ms (cache hit)
1634 http cache side-channel-map@https://registry.npmjs.org/side-channel-map/-/side-channel-map-1.0.1.tgz 0ms (cache hit)
1635 http cache side-channel-list@https://registry.npmjs.org/side-channel-list/-/side-channel-list-1.0.1.tgz 0ms (cache hit)
1636 http cache object-inspect@https://registry.npmjs.org/object-inspect/-/object-inspect-1.13.4.tgz 0ms (cache hit)
1637 http cache es-errors@https://registry.npmjs.org/es-errors/-/es-errors-1.3.0.tgz 0ms (cache hit)
1638 http cache shebang-regex@https://registry.npmjs.org/shebang-regex/-/shebang-regex-3.0.0.tgz 0ms (cache hit)
1639 http cache queue-microtask@https://registry.npmjs.org/queue-microtask/-/queue-microtask-1.2.3.tgz 0ms (cache hit)
1640 http cache path-to-regexp@https://registry.npmjs.org/path-to-regexp/-/path-to-regexp-8.4.2.tgz 0ms (cache hit)
1641 http cache is-promise@https://registry.npmjs.org/is-promise/-/is-promise-4.0.0.tgz 1ms (cache hit)
1642 http cache tslib@https://registry.npmjs.org/tslib/-/tslib-2.8.1.tgz 0ms (cache hit)
1643 http cache tiny-invariant@https://registry.npmjs.org/tiny-invariant/-/tiny-invariant-1.3.3.tgz 0ms (cache hit)
1644 http cache source-map@https://registry.npmjs.org/source-map/-/source-map-0.6.1.tgz 0ms (cache hit)
1645 http cache esprima@https://registry.npmjs.org/esprima/-/esprima-4.0.1.tgz 0ms (cache hit)
1646 http cache ast-types@https://registry.npmjs.org/ast-types/-/ast-types-0.16.1.tgz 0ms (cache hit)
1647 http cache unpipe@https://registry.npmjs.org/unpipe/-/unpipe-1.0.0.tgz 0ms (cache hit)
1648 http cache side-channel@https://registry.npmjs.org/side-channel/-/side-channel-1.1.1.tgz 1ms (cache hit)
1649 http cache es-define-property@https://registry.npmjs.org/es-define-property/-/es-define-property-1.0.1.tgz 0ms (cache hit)
1650 http cache ipaddr.js@https://registry.npmjs.org/ipaddr.js/-/ipaddr.js-1.9.1.tgz 0ms (cache hit)
1651 http cache forwarded@https://registry.npmjs.org/forwarded/-/forwarded-0.2.0.tgz 0ms (cache hit)
1652 http cache sisteransi@https://registry.npmjs.org/sisteransi/-/sisteransi-1.0.5.tgz 0ms (cache hit)
1653 http cache parse-ms@https://registry.npmjs.org/parse-ms/-/parse-ms-4.0.0.tgz 0ms (cache hit)
1654 http cache util-deprecate@https://registry.npmjs.org/util-deprecate/-/util-deprecate-1.0.2.tgz 0ms (cache hit)
1655 http cache cssesc@https://registry.npmjs.org/cssesc/-/cssesc-3.0.0.tgz 0ms (cache hit)
1656 http cache p-try@https://registry.npmjs.org/p-try/-/p-try-2.2.0.tgz 0ms (cache hit)
1657 http cache p-limit@https://registry.npmjs.org/p-limit/-/p-limit-2.3.0.tgz 0ms (cache hit)
1658 http cache path-exists@https://registry.npmjs.org/path-exists/-/path-exists-3.0.0.tgz 0ms (cache hit)
1659 http cache p-locate@https://registry.npmjs.org/p-locate/-/p-locate-3.0.0.tgz 0ms (cache hit)
1660 http cache locate-path@https://registry.npmjs.org/locate-path/-/locate-path-3.0.0.tgz 0ms (cache hit)
1661 http cache find-up@https://registry.npmjs.org/find-up/-/find-up-3.0.0.tgz 0ms (cache hit)
1662 http cache is-arrayish@https://registry.npmjs.org/is-arrayish/-/is-arrayish-0.2.1.tgz 0ms (cache hit)
1663 http cache lines-and-columns@https://registry.npmjs.org/lines-and-columns/-/lines-and-columns-1.2.4.tgz 0ms (cache hit)
1664 http cache json-parse-even-better-errors@https://registry.npmjs.org/json-parse-even-better-errors/-/json-parse-even-better-errors-2.3.1.tgz 0ms (cache hit)
1665 http cache error-ex@https://registry.npmjs.org/error-ex/-/error-ex-1.3.4.tgz 0ms (cache hit)
1666 http cache callsites@https://registry.npmjs.org/callsites/-/callsites-3.1.0.tgz 1ms (cache hit)
1667 http cache restore-cursor@https://registry.npmjs.org/restore-cursor/-/restore-cursor-5.1.0.tgz 0ms (cache hit)
1668 http cache string-width@https://registry.npmjs.org/string-width/-/string-width-7.2.0.tgz 0ms (cache hit)
1669 http cache stdin-discarder@https://registry.npmjs.org/stdin-discarder/-/stdin-discarder-0.2.2.tgz 0ms (cache hit)
1670 http cache log-symbols@https://registry.npmjs.org/log-symbols/-/log-symbols-6.0.0.tgz 0ms (cache hit)
1671 http cache is-interactive@https://registry.npmjs.org/is-interactive/-/is-interactive-2.0.0.tgz 0ms (cache hit)
1672 http cache cli-spinners@https://registry.npmjs.org/cli-spinners/-/cli-spinners-2.9.2.tgz 0ms (cache hit)
1673 http cache cli-cursor@https://registry.npmjs.org/cli-cursor/-/cli-cursor-5.0.0.tgz 0ms (cache hit)
1674 http cache chalk@https://registry.npmjs.org/chalk/-/chalk-5.6.2.tgz 0ms (cache hit)
1675 http cache is-docker@https://registry.npmjs.org/is-docker/-/is-docker-3.0.0.tgz 0ms (cache hit)
1676 http cache run-applescript@https://registry.npmjs.org/run-applescript/-/run-applescript-7.1.0.tgz 0ms (cache hit)
1677 http cache default-browser-id@https://registry.npmjs.org/default-browser-id/-/default-browser-id-5.0.1.tgz 0ms (cache hit)
1678 http cache bundle-name@https://registry.npmjs.org/bundle-name/-/bundle-name-4.1.0.tgz 0ms (cache hit)
1679 http cache wsl-utils@https://registry.npmjs.org/wsl-utils/-/wsl-utils-0.3.1.tgz 0ms (cache hit)
1680 http cache powershell-utils@https://registry.npmjs.org/powershell-utils/-/powershell-utils-0.1.0.tgz 0ms (cache hit)
1681 http cache is-inside-container@https://registry.npmjs.org/is-inside-container/-/is-inside-container-1.0.0.tgz 0ms (cache hit)
1682 http cache is-in-ssh@https://registry.npmjs.org/is-in-ssh/-/is-in-ssh-1.0.0.tgz 0ms (cache hit)
1683 http cache define-lazy-prop@https://registry.npmjs.org/define-lazy-prop/-/define-lazy-prop-3.0.0.tgz 0ms (cache hit)
1684 http cache default-browser@https://registry.npmjs.org/default-browser/-/default-browser-5.5.0.tgz 0ms (cache hit)
1685 http cache wrappy@https://registry.npmjs.org/wrappy/-/wrappy-1.0.2.tgz 0ms (cache hit)
1686 http cache ee-first@https://registry.npmjs.org/ee-first/-/ee-first-1.1.1.tgz 0ms (cache hit)
1687 http cache unicorn-magic@https://registry.npmjs.org/unicorn-magic/-/unicorn-magic-0.3.0.tgz 0ms (cache hit)
1688 http cache mime-db@https://registry.npmjs.org/mime-db/-/mime-db-1.54.0.tgz 0ms (cache hit)
1689 http cache to-regex-range@https://registry.npmjs.org/to-regex-range/-/to-regex-range-5.0.1.tgz 0ms (cache hit)
1690 http cache fill-range@https://registry.npmjs.org/fill-range/-/fill-range-7.1.1.tgz 0ms (cache hit)
1691 http cache braces@https://registry.npmjs.org/braces/-/braces-3.0.3.tgz 0ms (cache hit)
1692 http cache yallist@https://registry.npmjs.org/yallist/-/yallist-3.1.1.tgz 0ms (cache hit)
1693 http cache argparse@https://registry.npmjs.org/argparse/-/argparse-2.0.1.tgz 0ms (cache hit)
1694 http cache is-extglob@https://registry.npmjs.org/is-extglob/-/is-extglob-2.1.1.tgz 0ms (cache hit)
1695 http cache resolve-from@https://registry.npmjs.org/resolve-from/-/resolve-from-4.0.0.tgz 0ms (cache hit)
1696 http cache parent-module@https://registry.npmjs.org/parent-module/-/parent-module-1.0.1.tgz 0ms (cache hit)
1697 http cache safer-buffer@https://registry.npmjs.org/safer-buffer/-/safer-buffer-2.1.2.tgz 1ms (cache hit)
1698 http cache toidentifier@https://registry.npmjs.org/toidentifier/-/toidentifier-1.0.1.tgz 0ms (cache hit)
1699 http cache setprototypeof@https://registry.npmjs.org/setprototypeof/-/setprototypeof-1.2.0.tgz 0ms (cache hit)
1700 http cache inherits@https://registry.npmjs.org/inherits/-/inherits-2.0.4.tgz 0ms (cache hit)
1701 http cache is-glob@https://registry.npmjs.org/is-glob/-/is-glob-4.0.3.tgz 0ms (cache hit)
1702 http cache @sec-ant/readable-stream@https://registry.npmjs.org/@sec-ant/readable-stream/-/readable-stream-0.4.1.tgz 0ms (cache hit)
1703 http cache universalify@https://registry.npmjs.org/universalify/-/universalify-2.0.1.tgz 0ms (cache hit)
1704 http cache jsonfile@https://registry.npmjs.org/jsonfile/-/jsonfile-6.2.1.tgz 0ms (cache hit)
1705 http cache is-unicode-supported@https://registry.npmjs.org/is-unicode-supported/-/is-unicode-supported-2.1.0.tgz 0ms (cache hit)
1706 http cache reusify@https://registry.npmjs.org/reusify/-/reusify-1.1.0.tgz 0ms (cache hit)
1707 http cache run-parallel@https://registry.npmjs.org/run-parallel/-/run-parallel-1.2.0.tgz 0ms (cache hit)
1708 http cache fastq@https://registry.npmjs.org/fastq/-/fastq-1.20.1.tgz 0ms (cache hit)
1709 http cache @nodelib/fs.scandir@https://registry.npmjs.org/@nodelib/fs.scandir/-/fs.scandir-2.1.5.tgz 0ms (cache hit)
1710 http cache merge2@https://registry.npmjs.org/merge2/-/merge2-1.4.1.tgz 0ms (cache hit)
1711 http cache micromatch@https://registry.npmjs.org/micromatch/-/micromatch-4.0.8.tgz 0ms (cache hit)
1712 http cache glob-parent@https://registry.npmjs.org/glob-parent/-/glob-parent-5.1.2.tgz 0ms (cache hit)
1713 http cache @nodelib/fs.walk@https://registry.npmjs.org/@nodelib/fs.walk/-/fs.walk-1.2.8.tgz 0ms (cache hit)
1714 http cache @nodelib/fs.stat@https://registry.npmjs.org/@nodelib/fs.stat/-/fs.stat-2.0.5.tgz 0ms (cache hit)
1715 http cache ip-address@https://registry.npmjs.org/ip-address/-/ip-address-10.5.0.tgz 0ms (cache hit)
1716 http cache iconv-lite@https://registry.npmjs.org/iconv-lite/-/iconv-lite-0.7.3.tgz 0ms (cache hit)
1717 http cache bytes@https://registry.npmjs.org/bytes/-/bytes-3.1.2.tgz 0ms (cache hit)
1718 http cache negotiator@https://registry.npmjs.org/negotiator/-/negotiator-1.0.0.tgz 0ms (cache hit)
1719 http cache type-is@https://registry.npmjs.org/type-is/-/type-is-2.1.0.tgz 0ms (cache hit)
1720 http cache statuses@https://registry.npmjs.org/statuses/-/statuses-2.0.2.tgz 1ms (cache hit)
1721 http cache serve-static@https://registry.npmjs.org/serve-static/-/serve-static-2.2.1.tgz 0ms (cache hit)
1722 http cache send@https://registry.npmjs.org/send/-/send-1.2.1.tgz 0ms (cache hit)
1723 http cache router@https://registry.npmjs.org/router/-/router-2.2.0.tgz 0ms (cache hit)
1724 http cache range-parser@https://registry.npmjs.org/range-parser/-/range-parser-1.3.0.tgz 0ms (cache hit)
1725 http cache qs@https://registry.npmjs.org/qs/-/qs-6.15.3.tgz 0ms (cache hit)
1726 http cache proxy-addr@https://registry.npmjs.org/proxy-addr/-/proxy-addr-2.0.7.tgz 0ms (cache hit)
1727 http cache parseurl@https://registry.npmjs.org/parseurl/-/parseurl-1.3.3.tgz 0ms (cache hit)
1728 http cache once@https://registry.npmjs.org/once/-/once-1.4.0.tgz 0ms (cache hit)
1729 http cache on-finished@https://registry.npmjs.org/on-finished/-/on-finished-2.4.1.tgz 0ms (cache hit)
1730 http cache mime-types@https://registry.npmjs.org/mime-types/-/mime-types-3.0.2.tgz 0ms (cache hit)
1731 http cache merge-descriptors@https://registry.npmjs.org/merge-descriptors/-/merge-descriptors-2.0.0.tgz 0ms (cache hit)
1732 http cache http-errors@https://registry.npmjs.org/http-errors/-/http-errors-2.0.1.tgz 0ms (cache hit)
1733 http cache fresh@https://registry.npmjs.org/fresh/-/fresh-2.0.0.tgz 0ms (cache hit)
1734 http cache finalhandler@https://registry.npmjs.org/finalhandler/-/finalhandler-2.1.1.tgz 0ms (cache hit)
1735 http cache etag@https://registry.npmjs.org/etag/-/etag-1.8.1.tgz 0ms (cache hit)
1736 http cache escape-html@https://registry.npmjs.org/escape-html/-/escape-html-1.0.3.tgz 0ms (cache hit)
1737 http cache encodeurl@https://registry.npmjs.org/encodeurl/-/encodeurl-2.0.0.tgz 0ms (cache hit)
1738 http cache depd@https://registry.npmjs.org/depd/-/depd-2.0.0.tgz 0ms (cache hit)
1739 http cache cookie-signature@https://registry.npmjs.org/cookie-signature/-/cookie-signature-1.2.2.tgz 0ms (cache hit)
1740 http cache cookie@https://registry.npmjs.org/cookie/-/cookie-0.7.2.tgz 0ms (cache hit)
1741 http cache content-disposition@https://registry.npmjs.org/content-disposition/-/content-disposition-1.1.0.tgz 0ms (cache hit)
1742 http cache body-parser@https://registry.npmjs.org/body-parser/-/body-parser-2.3.0.tgz 0ms (cache hit)
1743 http cache accepts@https://registry.npmjs.org/accepts/-/accepts-2.0.0.tgz 0ms (cache hit)
1744 http cache yoctocolors@https://registry.npmjs.org/yoctocolors/-/yoctocolors-2.2.0.tgz 0ms (cache hit)
1745 http cache strip-final-newline@https://registry.npmjs.org/strip-final-newline/-/strip-final-newline-4.0.0.tgz 0ms (cache hit)
1746 http cache signal-exit@https://registry.npmjs.org/signal-exit/-/signal-exit-4.1.0.tgz 0ms (cache hit)
1747 http cache pretty-ms@https://registry.npmjs.org/pretty-ms/-/pretty-ms-9.3.0.tgz 0ms (cache hit)
1748 http cache npm-run-path@https://registry.npmjs.org/npm-run-path/-/npm-run-path-6.0.0.tgz 0ms (cache hit)
1749 http cache is-stream@https://registry.npmjs.org/is-stream/-/is-stream-4.0.1.tgz 0ms (cache hit)
1750 http cache is-plain-obj@https://registry.npmjs.org/is-plain-obj/-/is-plain-obj-4.1.0.tgz 0ms (cache hit)
1751 http cache human-signals@https://registry.npmjs.org/human-signals/-/human-signals-8.0.1.tgz 0ms (cache hit)
1752 http cache get-stream@https://registry.npmjs.org/get-stream/-/get-stream-9.0.1.tgz 0ms (cache hit)
1753 http cache figures@https://registry.npmjs.org/figures/-/figures-6.1.0.tgz 0ms (cache hit)
1754 http cache @sindresorhus/merge-streams@https://registry.npmjs.org/@sindresorhus/merge-streams/-/merge-streams-4.0.0.tgz 0ms (cache hit)
1755 http cache strip-ansi@https://registry.npmjs.org/strip-ansi/-/strip-ansi-6.0.1.tgz 0ms (cache hit)
1756 http cache ansi-colors@https://registry.npmjs.org/ansi-colors/-/ansi-colors-4.1.3.tgz 0ms (cache hit)
1757 http cache is-obj@https://registry.npmjs.org/is-obj/-/is-obj-2.0.0.tgz 0ms (cache hit)
1758 http cache mimic-fn@https://registry.npmjs.org/mimic-fn/-/mimic-fn-3.1.0.tgz 0ms (cache hit)
1759 http cache shebang-command@https://registry.npmjs.org/shebang-command/-/shebang-command-2.0.0.tgz 0ms (cache hit)
1760 http cache path-key@https://registry.npmjs.org/path-key/-/path-key-3.1.1.tgz 0ms (cache hit)
1761 http cache parse-json@https://registry.npmjs.org/parse-json/-/parse-json-5.2.0.tgz 0ms (cache hit)
1762 http cache js-yaml@https://registry.npmjs.org/js-yaml/-/js-yaml-4.3.1.tgz 0ms (cache hit)
1763 http cache import-fresh@https://registry.npmjs.org/import-fresh/-/import-fresh-3.3.1.tgz 0ms (cache hit)
1764 http cache vary@https://registry.npmjs.org/vary/-/vary-1.1.2.tgz 0ms (cache hit)
1765 http cache object-assign@https://registry.npmjs.org/object-assign/-/object-assign-4.1.1.tgz 0ms (cache hit)
1766 http cache pkg-up@https://registry.npmjs.org/pkg-up/-/pkg-up-3.1.0.tgz 0ms (cache hit)
1767 http cache onetime@https://registry.npmjs.org/onetime/-/onetime-5.1.2.tgz 0ms (cache hit)
1768 http cache dot-prop@https://registry.npmjs.org/dot-prop/-/dot-prop-6.0.1.tgz 0ms (cache hit)
1769 http cache debounce-fn@https://registry.npmjs.org/debounce-fn/-/debounce-fn-4.0.0.tgz 0ms (cache hit)
1770 http cache atomically@https://registry.npmjs.org/atomically/-/atomically-1.7.0.tgz 0ms (cache hit)
1771 http cache update-browserslist-db@https://registry.npmjs.org/update-browserslist-db/-/update-browserslist-db-1.3.1.tgz 0ms (cache hit)
1772 http cache node-releases@https://registry.npmjs.org/node-releases/-/node-releases-2.0.53.tgz 0ms (cache hit)
1773 http cache electron-to-chromium@https://registry.npmjs.org/electron-to-chromium/-/electron-to-chromium-1.5.405.tgz 0ms (cache hit)
1774 http cache caniuse-lite@https://registry.npmjs.org/caniuse-lite/-/caniuse-lite-1.0.30001809.tgz 0ms (cache hit)
1775 http cache baseline-browser-mapping@https://registry.npmjs.org/baseline-browser-mapping/-/baseline-browser-mapping-2.11.13.tgz 0ms (cache hit)
1776 http cache require-from-string@https://registry.npmjs.org/require-from-string/-/require-from-string-2.0.2.tgz 0ms (cache hit)
1777 http cache json-schema-traverse@https://registry.npmjs.org/json-schema-traverse/-/json-schema-traverse-1.0.0.tgz 0ms (cache hit)
1778 http cache fast-uri@https://registry.npmjs.org/fast-uri/-/fast-uri-3.1.5.tgz 1ms (cache hit)
1779 http cache fast-deep-equal@https://registry.npmjs.org/fast-deep-equal/-/fast-deep-equal-3.1.3.tgz 0ms (cache hit)
1780 http cache raw-body@https://registry.npmjs.org/raw-body/-/raw-body-3.0.2.tgz 0ms (cache hit)
1781 http cache pkce-challenge@https://registry.npmjs.org/pkce-challenge/-/pkce-challenge-5.0.1.tgz 0ms (cache hit)
1782 http cache json-schema-typed@https://registry.npmjs.org/json-schema-typed/-/json-schema-typed-8.0.2.tgz 0ms (cache hit)
1783 http cache jose@https://registry.npmjs.org/jose/-/jose-6.2.8.tgz 0ms (cache hit)
1784 http cache express-rate-limit@https://registry.npmjs.org/express-rate-limit/-/express-rate-limit-8.6.2.tgz 0ms (cache hit)
1785 http cache express@https://registry.npmjs.org/express/-/express-5.2.1.tgz 0ms (cache hit)
1786 http cache eventsource@https://registry.npmjs.org/eventsource/-/eventsource-3.0.7.tgz 0ms (cache hit)
1787 http cache eventsource-parser@https://registry.npmjs.org/eventsource-parser/-/eventsource-parser-3.1.1.tgz 0ms (cache hit)
1788 http cache cross-spawn@https://registry.npmjs.org/cross-spawn/-/cross-spawn-7.0.6.tgz 0ms (cache hit)
1789 http cache cors@https://registry.npmjs.org/cors/-/cors-2.8.6.tgz 0ms (cache hit)
1790 http cache content-type@https://registry.npmjs.org/content-type/-/content-type-1.0.5.tgz 0ms (cache hit)
1791 http cache ajv-formats@https://registry.npmjs.org/ajv-formats/-/ajv-formats-3.0.1.tgz 0ms (cache hit)
1792 http cache ajv@https://registry.npmjs.org/ajv/-/ajv-8.20.0.tgz 0ms (cache hit)
1793 http cache hono@https://registry.npmjs.org/hono/-/hono-4.13.1.tgz 0ms (cache hit)
1794 http cache @hono/node-server@https://registry.npmjs.org/@hono/node-server/-/node-server-2.1.0.tgz 0ms (cache hit)
1795 http cache yocto-spinner@https://registry.npmjs.org/yocto-spinner/-/yocto-spinner-1.2.2.tgz 0ms (cache hit)
1796 http cache which@https://registry.npmjs.org/which/-/which-4.0.0.tgz 0ms (cache hit)
1797 http cache systeminformation@https://registry.npmjs.org/systeminformation/-/systeminformation-5.33.1.tgz 1ms (cache hit)
1798 http cache object-treeify@https://registry.npmjs.org/object-treeify/-/object-treeify-1.1.33.tgz 0ms (cache hit)
1799 http cache ignore@https://registry.npmjs.org/ignore/-/ignore-5.3.2.tgz 1ms (cache hit)
1800 http cache env-paths@https://registry.npmjs.org/env-paths/-/env-paths-2.2.1.tgz 0ms (cache hit)
1801 http cache enquirer@https://registry.npmjs.org/enquirer/-/enquirer-2.4.1.tgz 0ms (cache hit)
1802 http cache dotenv@https://registry.npmjs.org/dotenv/-/dotenv-17.4.2.tgz 0ms (cache hit)
1803 http cache conf@https://registry.npmjs.org/conf/-/conf-10.2.0.tgz 0ms (cache hit)
1804 http cache @dotenvx/primitives@https://registry.npmjs.org/@dotenvx/primitives/-/primitives-0.8.0.tgz 0ms (cache hit)
1805 http cache @babel/helper-string-parser@https://registry.npmjs.org/@babel/helper-string-parser/-/helper-string-parser-7.29.7.tgz 0ms (cache hit)
1806 http cache @babel/helper-globals@https://registry.npmjs.org/@babel/helper-globals/-/helper-globals-7.29.7.tgz 0ms (cache hit)
1807 http cache @babel/plugin-transform-modules-commonjs@https://registry.npmjs.org/@babel/plugin-transform-modules-commonjs/-/plugin-transform-modules-commonjs-7.29.7.tgz 0ms (cache hit)
1808 http cache @babel/plugin-syntax-jsx@https://registry.npmjs.org/@babel/plugin-syntax-jsx/-/plugin-syntax-jsx-7.29.7.tgz 0ms (cache hit)
1809 http cache @babel/helper-optimise-call-expression@https://registry.npmjs.org/@babel/helper-optimise-call-expression/-/helper-optimise-call-expression-7.29.7.tgz 0ms (cache hit)
1810 http cache @babel/helper-replace-supers@https://registry.npmjs.org/@babel/helper-replace-supers/-/helper-replace-supers-7.29.7.tgz 0ms (cache hit)
1811 http cache @babel/helper-member-expression-to-functions@https://registry.npmjs.org/@babel/helper-member-expression-to-functions/-/helper-member-expression-to-functions-7.29.7.tgz 0ms (cache hit)
1812 http cache @babel/plugin-syntax-typescript@https://registry.npmjs.org/@babel/plugin-syntax-typescript/-/plugin-syntax-typescript-7.29.7.tgz 0ms (cache hit)
1813 http cache @babel/helper-skip-transparent-expression-wrappers@https://registry.npmjs.org/@babel/helper-skip-transparent-expression-wrappers/-/helper-skip-transparent-expression-wrappers-7.29.7.tgz 0ms (cache hit)
1814 http cache @babel/helper-plugin-utils@https://registry.npmjs.org/@babel/helper-plugin-utils/-/helper-plugin-utils-7.29.7.tgz 0ms (cache hit)
1815 http cache @babel/helper-create-class-features-plugin@https://registry.npmjs.org/@babel/helper-create-class-features-plugin/-/helper-create-class-features-plugin-7.29.7.tgz 0ms (cache hit)
1816 http cache @babel/helper-annotate-as-pure@https://registry.npmjs.org/@babel/helper-annotate-as-pure/-/helper-annotate-as-pure-7.29.7.tgz 0ms (cache hit)
1817 http cache @babel/helper-module-imports@https://registry.npmjs.org/@babel/helper-module-imports/-/helper-module-imports-7.29.7.tgz 0ms (cache hit)
1818 http cache lru-cache@https://registry.npmjs.org/lru-cache/-/lru-cache-5.1.1.tgz 0ms (cache hit)
1819 http cache @babel/helper-validator-option@https://registry.npmjs.org/@babel/helper-validator-option/-/helper-validator-option-7.29.7.tgz 0ms (cache hit)
1820 http cache @babel/compat-data@https://registry.npmjs.org/@babel/compat-data/-/compat-data-7.29.7.tgz 0ms (cache hit)
1821 http cache jsesc@https://registry.npmjs.org/jsesc/-/jsesc-3.1.0.tgz 0ms (cache hit)
1822 http cache js-tokens@https://registry.npmjs.org/js-tokens/-/js-tokens-4.0.0.tgz 0ms (cache hit)
1823 http cache @babel/helper-validator-identifier@https://registry.npmjs.org/@babel/helper-validator-identifier/-/helper-validator-identifier-7.29.7.tgz 0ms (cache hit)
1824 http cache semver@https://registry.npmjs.org/semver/-/semver-6.3.1.tgz 0ms (cache hit)
1825 http cache json5@https://registry.npmjs.org/json5/-/json5-2.2.3.tgz 0ms (cache hit)
1826 http cache gensync@https://registry.npmjs.org/gensync/-/gensync-1.0.0-beta.2.tgz 0ms (cache hit)
1827 http cache convert-source-map@https://registry.npmjs.org/convert-source-map/-/convert-source-map-2.0.0.tgz 0ms (cache hit)
1828 http cache @babel/types@https://registry.npmjs.org/@babel/types/-/types-7.29.8.tgz 0ms (cache hit)
1829 http cache @babel/traverse@https://registry.npmjs.org/@babel/traverse/-/traverse-7.29.8.tgz 0ms (cache hit)
1830 http cache @babel/template@https://registry.npmjs.org/@babel/template/-/template-7.29.7.tgz 0ms (cache hit)
1831 http cache @babel/helpers@https://registry.npmjs.org/@babel/helpers/-/helpers-7.29.7.tgz 0ms (cache hit)
1832 http cache @babel/helper-module-transforms@https://registry.npmjs.org/@babel/helper-module-transforms/-/helper-module-transforms-7.29.7.tgz 0ms (cache hit)
1833 http cache @babel/helper-compilation-targets@https://registry.npmjs.org/@babel/helper-compilation-targets/-/helper-compilation-targets-7.29.7.tgz 0ms (cache hit)
1834 http cache @babel/generator@https://registry.npmjs.org/@babel/generator/-/generator-7.29.8.tgz 1ms (cache hit)
1835 http cache @babel/code-frame@https://registry.npmjs.org/@babel/code-frame/-/code-frame-7.29.7.tgz 0ms (cache hit)
1836 http cache zod-to-json-schema@https://registry.npmjs.org/zod-to-json-schema/-/zod-to-json-schema-3.25.2.tgz 0ms (cache hit)
1837 http cache zod@https://registry.npmjs.org/zod/-/zod-3.25.76.tgz 0ms (cache hit)
1838 http cache validate-npm-package-name@https://registry.npmjs.org/validate-npm-package-name/-/validate-npm-package-name-7.0.2.tgz 0ms (cache hit)
1839 http cache undici@https://registry.npmjs.org/undici/-/undici-7.29.0.tgz 0ms (cache hit)
1840 http cache tsconfig-paths@https://registry.npmjs.org/tsconfig-paths/-/tsconfig-paths-4.2.0.tgz 0ms (cache hit)
1841 http cache ts-morph@https://registry.npmjs.org/ts-morph/-/ts-morph-26.0.0.tgz 0ms (cache hit)
1842 http cache stringify-object@https://registry.npmjs.org/stringify-object/-/stringify-object-5.0.0.tgz 0ms (cache hit)
1843 http cache socks@https://registry.npmjs.org/socks/-/socks-2.8.9.tgz 0ms (cache hit)
1844 http cache recast@https://registry.npmjs.org/recast/-/recast-0.23.21.tgz 0ms (cache hit)
1845 http cache prompts@https://registry.npmjs.org/prompts/-/prompts-2.4.2.tgz 0ms (cache hit)
1846 http cache postcss-selector-parser@https://registry.npmjs.org/postcss-selector-parser/-/postcss-selector-parser-7.1.5.tgz 0ms (cache hit)
1847 http cache ora@https://registry.npmjs.org/ora/-/ora-8.2.0.tgz 0ms (cache hit)
1848 http cache open@https://registry.npmjs.org/open/-/open-11.0.0.tgz 0ms (cache hit)
1849 http cache kleur@https://registry.npmjs.org/kleur/-/kleur-4.1.5.tgz 0ms (cache hit)
1850 http cache fuzzysort@https://registry.npmjs.org/fuzzysort/-/fuzzysort-3.1.0.tgz 0ms (cache hit)
1851 http cache fs-extra@https://registry.npmjs.org/fs-extra/-/fs-extra-11.4.0.tgz 0ms (cache hit)
1852 http cache fast-glob@https://registry.npmjs.org/fast-glob/-/fast-glob-3.3.3.tgz 0ms (cache hit)
1853 http cache execa@https://registry.npmjs.org/execa/-/execa-9.6.1.tgz 0ms (cache hit)
1854 http cache diff@https://registry.npmjs.org/diff/-/diff-8.0.4.tgz 0ms (cache hit)
1855 http cache deepmerge@https://registry.npmjs.org/deepmerge/-/deepmerge-4.3.1.tgz 0ms (cache hit)
1856 http cache dedent@https://registry.npmjs.org/dedent/-/dedent-1.7.2.tgz 0ms (cache hit)
1857 http cache cosmiconfig@https://registry.npmjs.org/cosmiconfig/-/cosmiconfig-9.0.2.tgz 0ms (cache hit)
1858 http cache commander@https://registry.npmjs.org/commander/-/commander-14.0.3.tgz 0ms (cache hit)
1859 http cache browserslist@https://registry.npmjs.org/browserslist/-/browserslist-4.28.8.tgz 0ms (cache hit)
1860 http cache @types/validate-npm-package-name@https://registry.npmjs.org/@types/validate-npm-package-name/-/validate-npm-package-name-4.0.2.tgz 0ms (cache hit)
1861 http cache @modelcontextprotocol/sdk@https://registry.npmjs.org/@modelcontextprotocol/sdk/-/sdk-1.30.0.tgz 0ms (cache hit)
1862 http cache @dotenvx/dotenvx@https://registry.npmjs.org/@dotenvx/dotenvx/-/dotenvx-1.75.1.tgz 0ms (cache hit)
1863 http cache @babel/preset-typescript@https://registry.npmjs.org/@babel/preset-typescript/-/preset-typescript-7.29.7.tgz 0ms (cache hit)
1864 http cache @babel/plugin-transform-typescript@https://registry.npmjs.org/@babel/plugin-transform-typescript/-/plugin-transform-typescript-7.29.7.tgz 0ms (cache hit)
1865 http cache @babel/parser@https://registry.npmjs.org/@babel/parser/-/parser-7.29.8.tgz 0ms (cache hit)
1866 http cache @babel/core@https://registry.npmjs.org/@babel/core/-/core-7.29.7.tgz 0ms (cache hit)
1867 http cache @floating-ui/core@https://registry.npmjs.org/@floating-ui/core/-/core-1.8.0.tgz 0ms (cache hit)
1868 http cache @floating-ui/dom@https://registry.npmjs.org/@floating-ui/dom/-/dom-1.8.0.tgz 0ms (cache hit)
1869 http cache reselect@https://registry.npmjs.org/reselect/-/reselect-5.2.0.tgz 0ms (cache hit)
1870 http cache use-sync-external-store@https://registry.npmjs.org/use-sync-external-store/-/use-sync-external-store-1.6.0.tgz 0ms (cache hit)
1871 http cache @floating-ui/utils@https://registry.npmjs.org/@floating-ui/utils/-/utils-0.2.12.tgz 0ms (cache hit)
1872 http cache @floating-ui/react-dom@https://registry.npmjs.org/@floating-ui/react-dom/-/react-dom-2.1.9.tgz 0ms (cache hit)
1873 http cache @base-ui/utils@https://registry.npmjs.org/@base-ui/utils/-/utils-0.3.2.tgz 0ms (cache hit)
1874 http cache @babel/runtime@https://registry.npmjs.org/@babel/runtime/-/runtime-7.29.7.tgz 0ms (cache hit)
1875 http cache shadcn@https://registry.npmjs.org/shadcn/-/shadcn-4.17.0.tgz 0ms (cache hit)
1876 http cache @fontsource-variable/inter@https://registry.npmjs.org/@fontsource-variable/inter/-/inter-5.3.0.tgz 0ms (cache hit)
1877 http cache @base-ui/react@https://registry.npmjs.org/@base-ui/react/-/react-1.7.0.tgz 0ms (cache hit)
1878 http cache onetime@https://registry.npmjs.org/onetime/-/onetime-7.0.0.tgz 0ms (cache hit)
1879 http cache ansi-regex@https://registry.npmjs.org/ansi-regex/-/ansi-regex-6.3.0.tgz 0ms (cache hit)
1880 http cache strip-ansi@https://registry.npmjs.org/strip-ansi/-/strip-ansi-7.2.0.tgz 0ms (cache hit)
1881 http cache is-unicode-supported@https://registry.npmjs.org/is-unicode-supported/-/is-unicode-supported-1.3.0.tgz 0ms (cache hit)
1882 http cache picomatch@https://registry.npmjs.org/picomatch/-/picomatch-2.3.2.tgz 1ms (cache hit)
1883 http cache content-type@https://registry.npmjs.org/content-type/-/content-type-2.0.0.tgz 0ms (cache hit)
1884 http cache content-type@https://registry.npmjs.org/content-type/-/content-type-2.0.0.tgz 0ms (cache hit)
1885 http cache path-key@https://registry.npmjs.org/path-key/-/path-key-4.0.0.tgz 0ms (cache hit)
1886 http cache mimic-fn@https://registry.npmjs.org/mimic-fn/-/mimic-fn-2.1.0.tgz 0ms (cache hit)
1887 http cache isexe@https://registry.npmjs.org/isexe/-/isexe-2.0.0.tgz 0ms (cache hit)
1888 http cache which@https://registry.npmjs.org/which/-/which-2.0.2.tgz 0ms (cache hit)
1889 http cache semver@https://registry.npmjs.org/semver/-/semver-7.8.5.tgz 0ms (cache hit)
1890 http cache json-schema-typed@https://registry.npmjs.org/json-schema-typed/-/json-schema-typed-7.0.3.tgz 0ms (cache hit)
1891 http cache ajv-formats@https://registry.npmjs.org/ajv-formats/-/ajv-formats-2.1.1.tgz 0ms (cache hit)
1892 http cache is-obj@https://registry.npmjs.org/is-obj/-/is-obj-3.0.0.tgz 0ms (cache hit)
1893 http cache kleur@https://registry.npmjs.org/kleur/-/kleur-3.0.3.tgz 1ms (cache hit)
1894 http cache ansi-regex@https://registry.npmjs.org/ansi-regex/-/ansi-regex-6.3.0.tgz 0ms (cache hit)
1895 http cache strip-ansi@https://registry.npmjs.org/strip-ansi/-/strip-ansi-7.2.0.tgz 0ms (cache hit)
1896 http cache is-wsl@https://registry.npmjs.org/is-wsl/-/is-wsl-2.2.0.tgz 0ms (cache hit)
1897 http cache is-docker@https://registry.npmjs.org/is-docker/-/is-docker-2.2.1.tgz 0ms (cache hit)
1898 http cache define-lazy-prop@https://registry.npmjs.org/define-lazy-prop/-/define-lazy-prop-2.0.0.tgz 0ms (cache hit)
1899 http cache strip-final-newline@https://registry.npmjs.org/strip-final-newline/-/strip-final-newline-2.0.0.tgz 0ms (cache hit)
1900 http cache signal-exit@https://registry.npmjs.org/signal-exit/-/signal-exit-3.0.7.tgz 0ms (cache hit)
1901 http cache npm-run-path@https://registry.npmjs.org/npm-run-path/-/npm-run-path-4.0.1.tgz 0ms (cache hit)
1902 http cache is-stream@https://registry.npmjs.org/is-stream/-/is-stream-2.0.1.tgz 0ms (cache hit)
1903 http cache human-signals@https://registry.npmjs.org/human-signals/-/human-signals-2.1.0.tgz 0ms (cache hit)
1904 http cache get-stream@https://registry.npmjs.org/get-stream/-/get-stream-6.0.1.tgz 0ms (cache hit)
1905 http cache open@https://registry.npmjs.org/open/-/open-8.4.2.tgz 0ms (cache hit)
1906 http cache execa@https://registry.npmjs.org/execa/-/execa-5.1.1.tgz 0ms (cache hit)
1907 http cache commander@https://registry.npmjs.org/commander/-/commander-11.1.0.tgz 0ms (cache hit)
1908 silly tarball no local data for @floating-ui/core@https://registry.npmjs.org/@floating-ui/core/-/core-1.8.0.tgz. Extracting by manifest.
1909 silly tarball no local data for @floating-ui/dom@https://registry.npmjs.org/@floating-ui/dom/-/dom-1.8.0.tgz. Extracting by manifest.
1910 silly tarball no local data for reselect@https://registry.npmjs.org/reselect/-/reselect-5.2.0.tgz. Extracting by manifest.
1911 silly tarball no local data for use-sync-external-store@https://registry.npmjs.org/use-sync-external-store/-/use-sync-external-store-1.6.0.tgz. Extracting by manifest.
1912 silly tarball no local data for @floating-ui/utils@https://registry.npmjs.org/@floating-ui/utils/-/utils-0.2.12.tgz. Extracting by manifest.
1913 silly tarball no local data for @floating-ui/react-dom@https://registry.npmjs.org/@floating-ui/react-dom/-/react-dom-2.1.9.tgz. Extracting by manifest.
1914 silly tarball no local data for @base-ui/utils@https://registry.npmjs.org/@base-ui/utils/-/utils-0.3.2.tgz. Extracting by manifest.
1915 silly tarball no local data for @babel/runtime@https://registry.npmjs.org/@babel/runtime/-/runtime-7.29.7.tgz. Extracting by manifest.
1916 silly tarball no local data for @fontsource-variable/inter@https://registry.npmjs.org/@fontsource-variable/inter/-/inter-5.3.0.tgz. Extracting by manifest.
1917 silly tarball no local data for @base-ui/react@https://registry.npmjs.org/@base-ui/react/-/react-1.7.0.tgz. Extracting by manifest.
1918 http fetch POST 200 https://registry.npmjs.org/-/npm/v1/security/advisories/bulk 977ms
1919 silly audit report {}
1920 http fetch GET 200 https://registry.npmjs.org/@floating-ui/react-dom/-/react-dom-2.1.9.tgz 4025ms (cache miss)
1921 http fetch GET 200 https://registry.npmjs.org/@floating-ui/dom/-/dom-1.8.0.tgz 4819ms (cache miss)
1922 http fetch GET 200 https://registry.npmjs.org/@floating-ui/core/-/core-1.8.0.tgz 5045ms (cache miss)
1923 http fetch GET 200 https://registry.npmjs.org/use-sync-external-store/-/use-sync-external-store-1.6.0.tgz 5615ms (cache miss)
1924 http fetch GET 200 https://registry.npmjs.org/@floating-ui/utils/-/utils-0.2.12.tgz 5808ms (cache miss)
1925 http fetch GET 200 https://registry.npmjs.org/reselect/-/reselect-5.2.0.tgz 8236ms (cache miss)
1926 http fetch GET 200 https://registry.npmjs.org/@fontsource-variable/inter/-/inter-5.3.0.tgz 13077ms (cache miss)
1927 http fetch GET 200 https://registry.npmjs.org/@base-ui/utils/-/utils-0.3.2.tgz 15388ms (cache miss)
1928 http fetch GET 200 https://registry.npmjs.org/@babel/runtime/-/runtime-7.29.7.tgz 17662ms (cache miss)
1929 http fetch GET 200 https://registry.npmjs.org/@base-ui/react/-/react-1.7.0.tgz 38754ms (cache miss)
1930 silly ADD node_modules/mimic-function
1931 silly ADD node_modules/merge-stream
1932 silly ADD node_modules/is-wsl
1933 silly ADD node_modules/isexe
1934 silly ADD node_modules/escalade
1935 silly ADD node_modules/media-typer
1936 silly ADD node_modules/strip-bom
1937 silly ADD node_modules/minimist
1938 silly ADD node_modules/balanced-match
1939 silly ADD node_modules/brace-expansion
1940 silly ADD node_modules/path-browserify
1941 silly ADD node_modules/minimatch
1942 silly ADD node_modules/code-block-writer
1943 silly ADD node_modules/@ts-morph/common
1944 silly ADD node_modules/is-number
1945 silly ADD node_modules/ansi-regex
1946 silly ADD node_modules/is-regexp
1947 silly ADD node_modules/get-own-enumerable-keys
1948 silly ADD node_modules/get-east-asian-width
1949 silly ADD node_modules/emoji-regex
1950 silly ADD node_modules/smart-buffer
1951 silly ADD node_modules/dunder-proto
1952 silly ADD node_modules/math-intrinsics
1953 silly ADD node_modules/hasown
1954 silly ADD node_modules/has-symbols
1955 silly ADD node_modules/gopd
1956 silly ADD node_modules/get-proto
1957 silly ADD node_modules/es-object-atoms
1958 silly ADD node_modules/function-bind
1959 silly ADD node_modules/call-bind-apply-helpers
1960 silly ADD node_modules/get-intrinsic
1961 silly ADD node_modules/call-bound
1962 silly ADD node_modules/side-channel-weakmap
1963 silly ADD node_modules/side-channel-map
1964 silly ADD node_modules/side-channel-list
1965 silly ADD node_modules/object-inspect
1966 silly ADD node_modules/es-errors
1967 silly ADD node_modules/shebang-regex
1968 silly ADD node_modules/queue-microtask
1969 silly ADD node_modules/path-to-regexp
1970 silly ADD node_modules/is-promise
1971 silly ADD node_modules/tslib
1972 silly ADD node_modules/tiny-invariant
1973 silly ADD node_modules/source-map
1974 silly ADD node_modules/esprima
1975 silly ADD node_modules/ast-types
1976 silly ADD node_modules/unpipe
1977 silly ADD node_modules/side-channel
1978 silly ADD node_modules/es-define-property
1979 silly ADD node_modules/ipaddr.js
1980 silly ADD node_modules/forwarded
1981 silly ADD node_modules/sisteransi
1982 silly ADD node_modules/parse-ms
1983 silly ADD node_modules/util-deprecate
1984 silly ADD node_modules/cssesc
1985 silly ADD node_modules/p-try
1986 silly ADD node_modules/p-limit
1987 silly ADD node_modules/path-exists
1988 silly ADD node_modules/p-locate
1989 silly ADD node_modules/locate-path
1990 silly ADD node_modules/find-up
1991 silly ADD node_modules/is-arrayish
1992 silly ADD node_modules/lines-and-columns
1993 silly ADD node_modules/json-parse-even-better-errors
1994 silly ADD node_modules/error-ex
1995 silly ADD node_modules/callsites
1996 silly ADD node_modules/restore-cursor
1997 silly ADD node_modules/restore-cursor/node_modules/onetime
1998 silly ADD node_modules/string-width
1999 silly ADD node_modules/string-width/node_modules/ansi-regex
2000 silly ADD node_modules/string-width/node_modules/strip-ansi
2001 silly ADD node_modules/stdin-discarder
2002 silly ADD node_modules/log-symbols
2003 silly ADD node_modules/log-symbols/node_modules/is-unicode-supported
2004 silly ADD node_modules/is-interactive
2005 silly ADD node_modules/cli-spinners
2006 silly ADD node_modules/cli-cursor
2007 silly ADD node_modules/chalk
2008 silly ADD node_modules/is-docker
2009 silly ADD node_modules/run-applescript
2010 silly ADD node_modules/default-browser-id
2011 silly ADD node_modules/bundle-name
2012 silly ADD node_modules/wsl-utils
2013 silly ADD node_modules/powershell-utils
2014 silly ADD node_modules/is-inside-container
2015 silly ADD node_modules/is-in-ssh
2016 silly ADD node_modules/define-lazy-prop
2017 silly ADD node_modules/default-browser
2018 silly ADD node_modules/wrappy
2019 silly ADD node_modules/ee-first
2020 silly ADD node_modules/unicorn-magic
2021 silly ADD node_modules/mime-db
2022 silly ADD node_modules/to-regex-range
2023 silly ADD node_modules/fill-range
2024 silly ADD node_modules/braces
2025 silly ADD node_modules/yallist
2026 silly ADD node_modules/argparse
2027 silly ADD node_modules/is-extglob
2028 silly ADD node_modules/resolve-from
2029 silly ADD node_modules/parent-module
2030 silly ADD node_modules/safer-buffer
2031 silly ADD node_modules/toidentifier
2032 silly ADD node_modules/setprototypeof
2033 silly ADD node_modules/inherits
2034 silly ADD node_modules/is-glob
2035 silly ADD node_modules/@sec-ant/readable-stream
2036 silly ADD node_modules/universalify
2037 silly ADD node_modules/jsonfile
2038 silly ADD node_modules/is-unicode-supported
2039 silly ADD node_modules/reusify
2040 silly ADD node_modules/run-parallel
2041 silly ADD node_modules/fastq
2042 silly ADD node_modules/@nodelib/fs.scandir
2043 silly ADD node_modules/micromatch
2044 silly ADD node_modules/micromatch/node_modules/picomatch
2045 silly ADD node_modules/merge2
2046 silly ADD node_modules/glob-parent
2047 silly ADD node_modules/@nodelib/fs.walk
2048 silly ADD node_modules/@nodelib/fs.stat
2049 silly ADD node_modules/ip-address
2050 silly ADD node_modules/iconv-lite
2051 silly ADD node_modules/bytes
2052 silly ADD node_modules/negotiator
2053 silly ADD node_modules/type-is
2054 silly ADD node_modules/type-is/node_modules/content-type
2055 silly ADD node_modules/statuses
2056 silly ADD node_modules/serve-static
2057 silly ADD node_modules/send
2058 silly ADD node_modules/router
2059 silly ADD node_modules/range-parser
2060 silly ADD node_modules/qs
2061 silly ADD node_modules/proxy-addr
2062 silly ADD node_modules/parseurl
2063 silly ADD node_modules/once
2064 silly ADD node_modules/on-finished
2065 silly ADD node_modules/mime-types
2066 silly ADD node_modules/merge-descriptors
2067 silly ADD node_modules/http-errors
2068 silly ADD node_modules/fresh
2069 silly ADD node_modules/finalhandler
2070 silly ADD node_modules/etag
2071 silly ADD node_modules/escape-html
2072 silly ADD node_modules/encodeurl
2073 silly ADD node_modules/depd
2074 silly ADD node_modules/cookie-signature
2075 silly ADD node_modules/cookie
2076 silly ADD node_modules/content-disposition
2077 silly ADD node_modules/body-parser
2078 silly ADD node_modules/body-parser/node_modules/content-type
2079 silly ADD node_modules/accepts
2080 silly ADD node_modules/yoctocolors
2081 silly ADD node_modules/strip-final-newline
2082 silly ADD node_modules/signal-exit
2083 silly ADD node_modules/pretty-ms
2084 silly ADD node_modules/npm-run-path
2085 silly ADD node_modules/npm-run-path/node_modules/path-key
2086 silly ADD node_modules/is-stream
2087 silly ADD node_modules/is-plain-obj
2088 silly ADD node_modules/human-signals
2089 silly ADD node_modules/get-stream
2090 silly ADD node_modules/figures
2091 silly ADD node_modules/@sindresorhus/merge-streams
2092 silly ADD node_modules/strip-ansi
2093 silly ADD node_modules/ansi-colors
2094 silly ADD node_modules/is-obj
2095 silly ADD node_modules/mimic-fn
2096 silly ADD node_modules/shebang-command
2097 silly ADD node_modules/path-key
2098 silly ADD node_modules/parse-json
2099 silly ADD node_modules/js-yaml
2100 silly ADD node_modules/import-fresh
2101 silly ADD node_modules/vary
2102 silly ADD node_modules/object-assign
2103 silly ADD node_modules/pkg-up
2104 silly ADD node_modules/onetime
2105 silly ADD node_modules/onetime/node_modules/mimic-fn
2106 silly ADD node_modules/dot-prop
2107 silly ADD node_modules/debounce-fn
2108 silly ADD node_modules/atomically
2109 silly ADD node_modules/update-browserslist-db
2110 silly ADD node_modules/node-releases
2111 silly ADD node_modules/electron-to-chromium
2112 silly ADD node_modules/caniuse-lite
2113 silly ADD node_modules/baseline-browser-mapping
2114 silly ADD node_modules/require-from-string
2115 silly ADD node_modules/json-schema-traverse
2116 silly ADD node_modules/fast-uri
2117 silly ADD node_modules/fast-deep-equal
2118 silly ADD node_modules/raw-body
2119 silly ADD node_modules/pkce-challenge
2120 silly ADD node_modules/json-schema-typed
2121 silly ADD node_modules/jose
2122 silly ADD node_modules/express-rate-limit
2123 silly ADD node_modules/express
2124 silly ADD node_modules/eventsource-parser
2125 silly ADD node_modules/eventsource
2126 silly ADD node_modules/cross-spawn
2127 silly ADD node_modules/cross-spawn/node_modules/isexe
2128 silly ADD node_modules/cross-spawn/node_modules/which
2129 silly ADD node_modules/cors
2130 silly ADD node_modules/content-type
2131 silly ADD node_modules/ajv-formats
2132 silly ADD node_modules/ajv
2133 silly ADD node_modules/hono
2134 silly ADD node_modules/@hono/node-server
2135 silly ADD node_modules/yocto-spinner
2136 silly ADD node_modules/which
2137 silly ADD node_modules/systeminformation
2138 silly ADD node_modules/object-treeify
2139 silly ADD node_modules/ignore
2140 silly ADD node_modules/env-paths
2141 silly ADD node_modules/enquirer
2142 silly ADD node_modules/dotenv
2143 silly ADD node_modules/conf
2144 silly ADD node_modules/conf/node_modules/semver
2145 silly ADD node_modules/conf/node_modules/json-schema-typed
2146 silly ADD node_modules/conf/node_modules/ajv-formats
2147 silly ADD node_modules/@dotenvx/primitives
2148 silly ADD node_modules/@babel/helper-string-parser
2149 silly ADD node_modules/@babel/helper-globals
2150 silly ADD node_modules/@babel/plugin-transform-modules-commonjs
2151 silly ADD node_modules/@babel/plugin-syntax-jsx
2152 silly ADD node_modules/@babel/helper-replace-supers
2153 silly ADD node_modules/@babel/helper-optimise-call-expression
2154 silly ADD node_modules/@babel/helper-member-expression-to-functions
2155 silly ADD node_modules/@babel/plugin-syntax-typescript
2156 silly ADD node_modules/@babel/helper-skip-transparent-expression-wrappers
2157 silly ADD node_modules/@babel/helper-plugin-utils
2158 silly ADD node_modules/@babel/helper-create-class-features-plugin
2159 silly ADD node_modules/@babel/helper-annotate-as-pure
2160 silly ADD node_modules/@babel/helper-module-imports
2161 silly ADD node_modules/lru-cache
2162 silly ADD node_modules/@babel/helper-validator-option
2163 silly ADD node_modules/@babel/compat-data
2164 silly ADD node_modules/jsesc
2165 silly ADD node_modules/js-tokens
2166 silly ADD node_modules/@babel/helper-validator-identifier
2167 silly ADD node_modules/semver
2168 silly ADD node_modules/json5
2169 silly ADD node_modules/gensync
2170 silly ADD node_modules/convert-source-map
2171 silly ADD node_modules/@babel/types
2172 silly ADD node_modules/@babel/traverse
2173 silly ADD node_modules/@babel/template
2174 silly ADD node_modules/@babel/helpers
2175 silly ADD node_modules/@babel/helper-module-transforms
2176 silly ADD node_modules/@babel/helper-compilation-targets
2177 silly ADD node_modules/@babel/generator
2178 silly ADD node_modules/@babel/code-frame
2179 silly ADD node_modules/zod-to-json-schema
2180 silly ADD node_modules/zod
2181 silly ADD node_modules/validate-npm-package-name
2182 silly ADD node_modules/undici
2183 silly ADD node_modules/tsconfig-paths
2184 silly ADD node_modules/ts-morph
2185 silly ADD node_modules/stringify-object
2186 silly ADD node_modules/stringify-object/node_modules/is-obj
2187 silly ADD node_modules/socks
2188 silly ADD node_modules/recast
2189 silly ADD node_modules/prompts
2190 silly ADD node_modules/prompts/node_modules/kleur
2191 silly ADD node_modules/postcss-selector-parser
2192 silly ADD node_modules/ora
2193 silly ADD node_modules/ora/node_modules/ansi-regex
2194 silly ADD node_modules/ora/node_modules/strip-ansi
2195 silly ADD node_modules/open
2196 silly ADD node_modules/kleur
2197 silly ADD node_modules/fuzzysort
2198 silly ADD node_modules/fs-extra
2199 silly ADD node_modules/fast-glob
2200 silly ADD node_modules/execa
2201 silly ADD node_modules/diff
2202 silly ADD node_modules/deepmerge
2203 silly ADD node_modules/dedent
2204 silly ADD node_modules/cosmiconfig
2205 silly ADD node_modules/commander
2206 silly ADD node_modules/browserslist
2207 silly ADD node_modules/@types/validate-npm-package-name
2208 silly ADD node_modules/@modelcontextprotocol/sdk
2209 silly ADD node_modules/@dotenvx/dotenvx
2210 silly ADD node_modules/@dotenvx/dotenvx/node_modules/is-wsl
2211 silly ADD node_modules/@dotenvx/dotenvx/node_modules/is-docker
2212 silly ADD node_modules/@dotenvx/dotenvx/node_modules/define-lazy-prop
2213 silly ADD node_modules/@dotenvx/dotenvx/node_modules/strip-final-newline
2214 silly ADD node_modules/@dotenvx/dotenvx/node_modules/signal-exit
2215 silly ADD node_modules/@dotenvx/dotenvx/node_modules/npm-run-path
2216 silly ADD node_modules/@dotenvx/dotenvx/node_modules/is-stream
2217 silly ADD node_modules/@dotenvx/dotenvx/node_modules/human-signals
2218 silly ADD node_modules/@dotenvx/dotenvx/node_modules/get-stream
2219 silly ADD node_modules/@dotenvx/dotenvx/node_modules/open
2220 silly ADD node_modules/@dotenvx/dotenvx/node_modules/execa
2221 silly ADD node_modules/@dotenvx/dotenvx/node_modules/commander
2222 silly ADD node_modules/@babel/preset-typescript
2223 silly ADD node_modules/@babel/plugin-transform-typescript
2224 silly ADD node_modules/@babel/parser
2225 silly ADD node_modules/@babel/core
2226 silly ADD node_modules/@floating-ui/core
2227 silly ADD node_modules/@floating-ui/dom
2228 silly ADD node_modules/reselect
2229 silly ADD node_modules/use-sync-external-store
2230 silly ADD node_modules/@floating-ui/utils
2231 silly ADD node_modules/@floating-ui/react-dom
2232 silly ADD node_modules/@base-ui/utils
2233 silly ADD node_modules/@babel/runtime
2234 silly ADD node_modules/shadcn
2235 silly ADD node_modules/@fontsource-variable/inter
2236 silly ADD node_modules/@base-ui/react
2237 verbose cwd C:\Users\Nayan Curro School\Documents\SportCoachingTool\frontend
2238 verbose os Windows_NT 10.0.19045
2239 verbose node v24.13.1
2240 verbose npm  v11.8.0
2241 verbose exit 0
2242 info ok
